issue,url,state,title,priority_label,priority_in_title,labels,milestone,assignees,last_activity,age_days,comments,lane,disposition,next_action,native_open_dependencies,native_dependency_coverage,flags,unchecked_body_items,acceptance_source,evidence_file,responsible_role,phase_activation,exit_evidence,review_date,release_rule,baseline,acceptance_items
Fortemi/fortemi#586,https://git.integrolabs.net/Fortemi/fortemi/issues/586,open,EPIC: Streaming Data Capture & Realtime Processing,P2,,P2: Medium; blocked; documentation; epic; infrastructure; security; testing,Streaming realtime phase 1,,2026-06-22T22:10:34Z,75,27,G,retain-gated,"Resolve default-mode, outbox backpressure and payload-minimization decisions; implement durable publisher/consumer semantics with bounded retention, replay and auth tests.",Fortemi/fortemi#606; Fortemi/fortemi#605; Fortemi/fortemi#604; Fortemi/fortemi#603; Fortemi/fortemi#602; Fortemi/fortemi#601; Fortemi/fortemi#600; Fortemi/fortemi#599; Fortemi/fortemi#598; Fortemi/fortemi#597; Fortemi/fortemi#596; Fortemi/fortemi#595; Fortemi/fortemi#594; Fortemi/fortemi#593,read,stale-60d; no-assignee,22,https://git.integrolabs.net/Fortemi/fortemi/issues/586,evidence/Fortemi--fortemi-issues.json,Server realtime and jobs maintainers,Phase 5 after policy decisions,"Resolve default-mode, outbox backpressure and payload-minimization decisions; implement durable publisher/consumer semantics with bounded retention, replay and auth tests. Map every original acceptance criterion to the exact delivered artifact or an explicit supersession decision.",2026-09-07,First qualified stable opportunity after prerequisites; expedited customer/security patch when justified. No phase-date promise.,audit-355,"- [ ] #906 - Measure Redis Streams Phase 1 runtime cost and decide default mode
- [ ] #915 - Outbound outbox backpressure/admission and retention guard
- [ ] #593 - Outbox-to-Redis-Stream publisher
- [ ] #594 - SSE consumer migration
- [ ] #595 - WebSocket and webhook consumer migration
- [ ] #596 - Redis Stream health metrics and consumer group monitoring
- [ ] #597 - Content/source hash exposure for incremental embedding, unblocked foundation
- [ ] #598 - Embedding freshness checks, blocked by #597
- [ ] #599 - Incremental graph linking from embedding freshness events, blocked by #597/#598 and Phase 1
- [ ] #600 - Shared inference admission/backpressure, unblocked Phase 2 optimization
- [ ] #601 - Note-event consumer for extraction work, blocked by Phase 1 and #602
- [ ] #602 - Durable coalescing for expensive derived work, blocked by Phase 1 consumers
- [ ] #603 - CDC evaluation only if outbox instrumentation proves insufficient
- [ ] #604 - Low-latency semantic search refresh, blocked by #597/#598 and Phase 1
- [ ] #605 - Drift-Adapter evaluation, blocked by embedding freshness/model-config metadata
- [ ] #606 - Streaming entity/relation graph construction, blocked/deferred behind #601/#602 and graph evaluation design
- [ ] Measure standby/idle overhead of Redis Streams + outbox publisher + consumer groups on edge hardware: RAM, CPU, Redis memory, disk/WAL/outbox growth, and process/task count (#906).
- [ ] Decide whether streaming is opt-in or opt-out for Docker/default deployments (#906).
- [ ] If opt-in, define the feature flag/env contract and prove batch mode still works with streaming disabled (#906).
- [ ] If opt-out, document why the standby cost is acceptable for edge deployments (#906).
- [ ] Define writer-side outbox backlog thresholds, oldest-age thresholds, `503 Retry-After` overload behavior, and retention cleanup before enabling outbound fan-out by default (#915).
- [ ] Distinguish service backlog overload from per-tenant/user quotas (#714), and expose backlog/admission state in #596."
Fortemi/fortemi#593,https://git.integrolabs.net/Fortemi/fortemi/issues/593,open,feat(api): implement outbox-to-Redis-Stream publisher,P1,,P1: High; area/rest-api; blocked; documentation; effort/medium; infrastructure; jobs; new-feature; security; testing,Streaming realtime phase 1,,2026-06-22T23:48:27Z,75,14,G,retain-gated,"Resolve default-mode, outbox backpressure and payload-minimization decisions; implement durable publisher/consumer semantics with bounded retention, replay and auth tests.",,read,stale-60d; no-assignee; blocked-label-without-open-native-edge,10,https://git.integrolabs.net/Fortemi/fortemi/issues/593,evidence/Fortemi--fortemi-issues.json,Server realtime and jobs maintainers,Phase 5 after policy decisions,"Resolve default-mode, outbox backpressure and payload-minimization decisions; implement durable publisher/consumer semantics with bounded retention, replay and auth tests. Map every original acceptance criterion to the exact delivered artifact or an explicit supersession decision.",2026-09-07,First qualified stable opportunity after prerequisites; expedited customer/security patch when justified. No phase-date promise.,audit-355,"- [ ] Publisher task is spawned only when the Phase 1 feature flag/default-mode decision allows it.
- [ ] Publisher reads `event_outbox` rows where `published_at IS NULL` using the current `PgEventOutboxRepository` contract or an equivalent repository method.
- [ ] Redis entries include a stable event/outbox ID, event type, entity type, entity ID, memory/scope, payload, and creation timestamp.
- [ ] `published_at` is set only after successful Redis publish.
- [ ] Crash-window tests cover: `XADD` succeeds but `published_at` update fails, DB transaction fails before mark-published, Redis unavailable, graceful shutdown during batch, and publisher restart/replay.
- [ ] Stream trimming is configured and documented so Redis retention does not silently violate SSE/WebSocket replay expectations.
- [ ] Consumer group initialization, if any, is limited to instance/worker roles and is not used to partition events among broadcast clients.
- [ ] Metrics include outbox unpublished count/oldest age, publish attempts/success/failure, duplicate/replay count if deduped, Redis stream length, and trim/replay-window state.
- [ ] Tests prove batch mode still works when outbound Redis Streams fan-out is disabled.
- [ ] #915's backlog/admission decision is implemented or explicitly accepted as a blocker before outbound Redis Streams fan-out is enabled by default."
Fortemi/fortemi#594,https://git.integrolabs.net/Fortemi/fortemi/issues/594,open,feat(api): migrate SSE handler to consume from Redis Stream,P1,,P1: High; area/rest-api; blocked; documentation; effort/medium; enhancement; infrastructure; security; testing,Streaming realtime phase 1,,2026-06-22T23:46:47Z,75,7,G,retain-gated,"Resolve default-mode, outbox backpressure and payload-minimization decisions; implement durable publisher/consumer semantics with bounded retention, replay and auth tests.",Fortemi/fortemi#593,read,stale-60d; no-assignee,11,https://git.integrolabs.net/Fortemi/fortemi/issues/594,evidence/Fortemi--fortemi-issues.json,Server realtime and jobs maintainers,Phase 5 after policy decisions,"Resolve default-mode, outbox backpressure and payload-minimization decisions; implement durable publisher/consumer semantics with bounded retention, replay and auth tests. Map every original acceptance criterion to the exact delivered artifact or an explicit supersession decision.",2026-09-07,First qualified stable opportunity after prerequisites; expedited customer/security patch when justified. No phase-date promise.,audit-355,"- [ ] SSE fan-out preserves broadcast semantics: every authorized connected client receives every matching event, not a partitioned subset.
- [ ] Type filtering is preserved (`?types=`).
- [ ] Entity filtering is preserved (`?entity_id=`).
- [ ] Memory scoping is preserved (`?memory=` / `X-Fortemi-Memory`).
- [ ] Auth is preserved (token query param / Bearer header).
- [ ] Replay via `Last-Event-ID` works against Redis Stream IDs or an explicitly mapped event id.
- [ ] Coalescing still functions for low-priority events.
- [ ] Connection metrics still track active/disconnected clients.
- [ ] Backward compatibility with existing SSE clients is preserved.
- [ ] Tests prove two simultaneous SSE clients with the same filter both receive the same event.
- [ ] Tests prove replay does not depend on another client acknowledging or consuming the event."
Fortemi/fortemi#595,https://git.integrolabs.net/Fortemi/fortemi/issues/595,open,feat(api): migrate WebSocket and webhook dispatcher to Redis Stream,P1,,P1: High; area/rest-api; blocked; documentation; effort/medium; enhancement; infrastructure; security; testing,Streaming realtime phase 1,,2026-06-22T23:46:47Z,75,7,G,retain-gated,"Resolve default-mode, outbox backpressure and payload-minimization decisions; implement durable publisher/consumer semantics with bounded retention, replay and auth tests.",Fortemi/fortemi#593,read,stale-60d; no-assignee,11,https://git.integrolabs.net/Fortemi/fortemi/issues/595,evidence/Fortemi--fortemi-issues.json,Server realtime and jobs maintainers,Phase 5 after policy decisions,"Resolve default-mode, outbox backpressure and payload-minimization decisions; implement durable publisher/consumer semantics with bounded retention, replay and auth tests. Map every original acceptance criterion to the exact delivered artifact or an explicit supersession decision.",2026-09-07,First qualified stable opportunity after prerequisites; expedited customer/security patch when justified. No phase-date promise.,audit-355,"- [ ] WebSocket fan-out preserves broadcast semantics: every authorized connected client receives every matching event, not a partitioned subset.
- [ ] WebSocket backward compatibility is preserved (payload-only for HotM where required).
- [ ] WebSocket ping/heartbeat behavior and active connection metrics are preserved.
- [ ] WebSocket auth and memory scoping match the existing route contract.
- [ ] Webhook dispatcher reads from Redis Streams using a worker-appropriate consumer group.
- [ ] Webhook event filtering (`events` array match) is preserved.
- [ ] Webhook HMAC signing is preserved.
- [ ] Webhook delivery tracking and auto-disable behavior are preserved.
- [ ] Webhook consumer group acknowledges only after durable delivery result handling.
- [ ] Pending/retry behavior is tested for dispatcher crash or timeout.
- [ ] Tests prove two simultaneous WebSocket clients receive the same matching event."
Fortemi/fortemi#596,https://git.integrolabs.net/Fortemi/fortemi/issues/596,open,feat(api): Redis Stream health metrics and consumer group monitoring,P1,,P1: High; area/rest-api; blocked; documentation; effort/medium; enhancement; infrastructure; security; testing,Streaming realtime phase 1,,2026-06-22T23:46:47Z,75,12,G,retain-gated,"Resolve default-mode, outbox backpressure and payload-minimization decisions; implement durable publisher/consumer semantics with bounded retention, replay and auth tests.",Fortemi/fortemi#593,read,stale-60d; no-assignee,10,https://git.integrolabs.net/Fortemi/fortemi/issues/596,evidence/Fortemi--fortemi-issues.json,Server realtime and jobs maintainers,Phase 5 after policy decisions,"Resolve default-mode, outbox backpressure and payload-minimization decisions; implement durable publisher/consumer semantics with bounded retention, replay and auth tests. Map every original acceptance criterion to the exact delivered artifact or an explicit supersession decision.",2026-09-07,First qualified stable opportunity after prerequisites; expedited customer/security patch when justified. No phase-date promise.,audit-355,"- [ ] Existing `/api/v1/health/streaming` includes outbound event-bus state when #593 is enabled.
- [ ] Disabled/default-off mode is explicit and does not report false unhealthy state.
- [ ] Publisher metrics cover unpublished backlog, oldest unpublished age, publish success/failure, and crash-window duplicate/replay behavior if dedupe is implemented.
- [ ] Admission metrics from #915 cover backlog thresholds, admission-open/closed state, and rejection count.
- [ ] Redis metrics cover stream length, replay-window/trim state, and first/last IDs where available.
- [ ] Consumer-group metrics cover pending count, oldest pending age, reclaim count, and ack success/failure for worker/instance groups.
- [ ] WebSocket/SSE client metrics remain broadcast/client metrics; they are not modeled as Redis consumer-group consumers.
- [ ] MCP `get_system_info` includes the same high-level enabled/mode/backlog/health status without high-cardinality labels.
- [ ] Alerting/runbook docs define thresholds for oldest unpublished age, admission closed/rejections, pending age, Redis unavailable, stream nearing trim horizon, and publisher disabled unexpectedly.
- [ ] Tests cover healthy, disabled, Redis unavailable, outbox backlog, admission closed, pending-entry, and stale-pending recovery states."
Fortemi/fortemi#597,https://git.integrolabs.net/Fortemi/fortemi/issues/597,open,feat(db): expose note content hash for incremental embedding,P2,,P2: Medium; area/search; documentation; effort/medium; infrastructure; new-feature; testing,,,2026-06-22T22:12:40Z,75,7,G,execute,"Resolve default-mode, outbox backpressure and payload-minimization decisions; implement durable publisher/consumer semantics with bounded retention, replay and auth tests.",,read,stale-60d; no-milestone; no-assignee,6,https://git.integrolabs.net/Fortemi/fortemi/issues/597,evidence/Fortemi--fortemi-issues.json,Server realtime and jobs maintainers,Phase 5 after policy decisions,"Resolve default-mode, outbox backpressure and payload-minimization decisions; implement durable publisher/consumer semantics with bounded retention, replay and auth tests. Map every original acceptance criterion to the exact delivered artifact or an explicit supersession decision.",2026-09-07,First qualified stable opportunity after prerequisites; expedited customer/security patch when justified. No phase-date promise.,audit-355,"- [ ] Decide whether incremental embedding compares against `note_original.hash`, revised-current content hash, or both, and document that choice.
- [ ] Add repository/query support to fetch the selected source hash with note content for embedding jobs.
- [ ] If revised content is the embedding source, add or compute a stable hash for `note_revised_current.content` without duplicating existing original-content hash semantics.
- [ ] Preserve existing note create/update hash behavior in `crates/matric-db/src/notes.rs`.
- [ ] Add tests proving hash changes when the embedded source text changes and remains stable when unrelated note metadata changes.
- [ ] Expose a metric or trace field for embedding skip eligibility, but leave actual skipping to #598."
Fortemi/fortemi#598,https://git.integrolabs.net/Fortemi/fortemi/issues/598,open,feat(jobs): incremental embedding freshness checks,P2,,P2: Medium; area/search; blocked; documentation; effort/medium; enhancement; infrastructure; jobs; security; testing,,,2026-07-20T19:13:40Z,48,8,G,retain-gated,"Resolve default-mode, outbox backpressure and payload-minimization decisions; implement durable publisher/consumer semantics with bounded retention, replay and auth tests.",Fortemi/fortemi#597,read,no-milestone; no-assignee,8,https://git.integrolabs.net/Fortemi/fortemi/issues/598,evidence/Fortemi--fortemi-issues.json,Server realtime and jobs maintainers,Phase 5 after policy decisions,"Resolve default-mode, outbox backpressure and payload-minimization decisions; implement durable publisher/consumer semantics with bounded retention, replay and auth tests. Map every original acceptance criterion to the exact delivered artifact or an explicit supersession decision.",2026-09-07,First qualified stable opportunity after prerequisites; expedited customer/security patch when justified. No phase-date promise.,audit-355,"- [ ] Embedding storage records the source content hash used for each embedding/chunk.
- [ ] Freshness check includes source hash plus embedding model/config identity, embedding set id, chunking strategy/version, and truncate dimension where applicable.
- [ ] New notes or notes without embeddings are always processed.
- [ ] Changed source content causes re-embedding.
- [ ] Unchanged content with changed embedding config/model/chunking still causes re-embedding.
- [ ] Manual/bulk reprocess bypasses freshness checks and refreshes all targeted notes.
- [ ] Metrics distinguish computed, skipped-unchanged, and forced-reprocess counts.
- [ ] Tests cover unchanged note skip, changed note process, config-change process, and bulk bypass."
Fortemi/fortemi#599,https://git.integrolabs.net/Fortemi/fortemi/issues/599,open,feat(jobs): incremental graph linking from embedding freshness events,P2,,P2: Medium; blocked; documentation; effort/medium; enhancement; infrastructure; jobs; security; testing,,,2026-06-22T23:22:41Z,75,5,G,retain-gated,"Resolve default-mode, outbox backpressure and payload-minimization decisions; implement durable publisher/consumer semantics with bounded retention, replay and auth tests.",,read,stale-60d; no-milestone; no-assignee; blocked-label-without-open-native-edge,7,https://git.integrolabs.net/Fortemi/fortemi/issues/599,evidence/Fortemi--fortemi-issues.json,Server realtime and jobs maintainers,Phase 5 after policy decisions,"Resolve default-mode, outbox backpressure and payload-minimization decisions; implement durable publisher/consumer semantics with bounded retention, replay and auth tests. Map every original acceptance criterion to the exact delivered artifact or an explicit supersession decision.",2026-09-07,First qualified stable opportunity after prerequisites; expedited customer/security patch when justified. No phase-date promise.,audit-355,"- [ ] Define the event or job signal emitted after a note embedding is freshly written.
- [ ] For changed notes, recompute direct similarity candidates using pgvector/embedding queries rather than a full O(N^2) graph rebuild.
- [ ] Update/create/remove direct note links for affected notes with the same threshold/config semantics used by the batch linking path.
- [ ] Do not attempt incremental SNN/PFNET correctness unless a subgraph algorithm and validation metric are accepted; otherwise queue or schedule periodic full graph maintenance.
- [ ] Full `POST /api/v1/graph/maintenance` remains available and documented as the rebuild/reconciliation path.
- [ ] Metrics distinguish affected-note recompute counts, candidate counts, links updated/removed, and full rebuilds.
- [ ] Tests compare incremental updates against a small full-rebuild fixture for equivalence on direct links."
Fortemi/fortemi#600,https://git.integrolabs.net/Fortemi/fortemi/issues/600,open,feat(inference): adaptive admission controller for chat + jobs using memory telemetry,P2,,P2: Medium; area/rest-api; documentation; effort/medium; enhancement; infrastructure; jobs; optimization; security; testing,,,2026-06-22T22:37:37Z,75,5,G,execute,"Resolve default-mode, outbox backpressure and payload-minimization decisions; implement durable publisher/consumer semantics with bounded retention, replay and auth tests.",,read,stale-60d; no-milestone; no-assignee,11,https://git.integrolabs.net/Fortemi/fortemi/issues/600,evidence/Fortemi--fortemi-issues.json,Server realtime and jobs maintainers,Phase 5 after policy decisions,"Resolve default-mode, outbox backpressure and payload-minimization decisions; implement durable publisher/consumer semantics with bounded retention, replay and auth tests. Map every original acceptance criterion to the exact delivered artifact or an explicit supersession decision.",2026-09-07,First qualified stable opportunity after prerequisites; expedited customer/security patch when justified. No phase-date promise.,audit-355,"- [ ] Define an `InferenceAdmission` or equivalent abstraction with fixed-semaphore fallback.
- [ ] Chat and job workers call the same admission layer instead of maintaining unrelated concurrency gates.
- [ ] Job/request classes have configurable estimated memory budgets, including context-length/KV-cache allowance where applicable.
- [ ] Existing tiered job draining and model unload behavior remain supported; the admission layer coordinates with them rather than bypassing them.
- [ ] Ollama-backed admission can use loaded-model/concurrency signals where available and remains safe when Ollama does not expose exact free VRAM.
- [ ] NVIDIA environments may use DCGM/nvidia-smi metrics, but non-NVIDIA, Metal, ROCm, and CPU-only deployments still work with bounded fallback.
- [ ] Telemetry freshness is explicit; stale telemetry falls back conservatively.
- [ ] Admission denies, queues, or defers work when estimated memory pressure exceeds policy; it must not rely on optimistic overcommit by default.
- [ ] Metrics include granted, denied/rejected, queued/deferred, fallback mode, telemetry age, estimated memory requested, and observed memory utilization when available.
- [ ] Tests cover telemetry unavailable, telemetry stale, single large job, many small jobs, chat non-blocking behavior, GPU tier drains, and fallback behavior.
- [ ] Docs update `docs/content/hardware-planning.md` or inference docs with how to tune fixed vs adaptive admission."
Fortemi/fortemi#601,https://git.integrolabs.net/Fortemi/fortemi/issues/601,open,feat(jobs): consume note events to enqueue extraction work,P2,,P2: Medium; blocked; documentation; effort/medium; infrastructure; jobs; new-feature; security; testing,,,2026-06-22T23:23:00Z,75,8,G,retain-gated,"Resolve default-mode, outbox backpressure and payload-minimization decisions; implement durable publisher/consumer semantics with bounded retention, replay and auth tests.",Fortemi/fortemi#593,read,stale-60d; no-milestone; no-assignee,7,https://git.integrolabs.net/Fortemi/fortemi/issues/601,evidence/Fortemi--fortemi-issues.json,Server realtime and jobs maintainers,Phase 5 after policy decisions,"Resolve default-mode, outbox backpressure and payload-minimization decisions; implement durable publisher/consumer semantics with bounded retention, replay and auth tests. Map every original acceptance criterion to the exact delivered artifact or an explicit supersession decision.",2026-09-07,First qualified stable opportunity after prerequisites; expedited customer/security patch when justified. No phase-date promise.,audit-355,"- [ ] Consumer subscribes to the accepted Redis Stream/outbox event source for `note.created` and `note.updated`.
- [ ] Consumer enqueues extraction jobs with idempotency/dedup keys so replayed events do not create unbounded duplicate work.
- [ ] High tier can use shorter delay / higher priority, but processing remains asynchronous.
- [ ] Lower tiers preserve existing batch/manual extraction behavior.
- [ ] Coalescing policy delegates to #602 or shares its implementation.
- [ ] Consumer handles pending entries/retry/resume according to Redis Stream consumer-group semantics.
- [ ] Metrics distinguish extraction trigger source, queued count, coalesced count, replayed event count, and enqueue failures."
Fortemi/fortemi#602,https://git.integrolabs.net/Fortemi/fortemi/issues/602,open,feat(jobs): coalesce rapid entity events before expensive processing,P3,,P3: Low; blocked; documentation; effort/medium; enhancement; infrastructure; jobs; security; testing,,,2026-06-22T23:23:01Z,75,8,G,retain-gated,"Resolve default-mode, outbox backpressure and payload-minimization decisions; implement durable publisher/consumer semantics with bounded retention, replay and auth tests.",,read,stale-60d; no-milestone; no-assignee; blocked-label-without-open-native-edge,7,https://git.integrolabs.net/Fortemi/fortemi/issues/602,evidence/Fortemi--fortemi-issues.json,Server realtime and jobs maintainers,Phase 5 after policy decisions,"Resolve default-mode, outbox backpressure and payload-minimization decisions; implement durable publisher/consumer semantics with bounded retention, replay and auth tests. Map every original acceptance criterion to the exact delivered artifact or an explicit supersession decision.",2026-09-07,First qualified stable opportunity after prerequisites; expedited customer/security patch when justified. No phase-date promise.,audit-355,"- [ ] Coalescing key is explicit, e.g. `(entity_type, entity_id, derived_work_type)`.
- [ ] Window is configurable with a conservative default and per-work-type override if needed.
- [ ] Multiple events for the same key produce one derived-work job for the latest committed state.
- [ ] Different entity IDs and work types are processed independently.
- [ ] Implementation is durable across worker restart or defines a safe recovery behavior using stream replay/pending entries.
- [ ] FTS/current-row visibility is not delayed by coalescing derived work.
- [ ] Metrics include events coalesced, jobs emitted, max coalescing delay, and recovery/replay count."
Fortemi/fortemi#603,https://git.integrolabs.net/Fortemi/fortemi/issues/603,open,feat(search): evaluate CDC only if outbox instrumentation is insufficient,P3,,P3: Low; area/search; blocked; documentation; effort/medium; enhancement; infrastructure; security; testing,,,2026-09-06T20:31:03Z,75,4,M,defer,Retain as a gated optional track. Revisit only after its parent phase or named external authority is delivered and a product need activates it; record owner and review trigger rather than age-based closure.,,read,stale-60d; no-milestone; no-assignee; blocked-label-without-open-native-edge,9,https://git.integrolabs.net/Fortemi/fortemi/issues/603,evidence/Fortemi--fortemi-issues.json,Product owner and relevant component maintainer,Later; explicit activation trigger required,"Retain the issue with a named owner, dependency/activation trigger and next review; do not start speculative implementation or close solely because of age. Map every original acceptance criterion to the exact delivered artifact or an explicit supersession decision.",2026-10-05,First qualified stable opportunity after prerequisites; expedited customer/security patch when justified. No phase-date promise.,audit-355,"- [ ] Complete or explicitly defer #593/#596/#896 so the outbox-first design has a fair evaluation surface.
- [ ] Inventory all supported write paths and identify any that bypass `event_outbox`.
- [ ] Measure current outbox lag, publisher failure recovery, replay behavior, and instrumentation coverage.
- [ ] Evaluate Postgres logical decoding with `pgoutput` against Fortemi's schema/multi-memory model.
- [ ] Evaluate Debezium or another sidecar CDC tool only with deployment footprint, licensing, resource use, and Redis Streams integration documented.
- [ ] Include WAL safety requirements: replication slot monitoring, inactive-slot alerts, slot cleanup/decommission process, `max_slot_wal_keep_size` policy, disk-growth alerts, and replica identity requirements.
- [ ] Include failover behavior for the supported Postgres version; if logical failover slots are used, document their setup and validation.
- [ ] Decide explicitly: stay outbox-first, add CDC for a narrow bypass path, or migrate consumers.
- [ ] If CDC is chosen, migration plan preserves existing outbox consumers and defines backfill/replay semantics."
Fortemi/fortemi#604,https://git.integrolabs.net/Fortemi/fortemi/issues/604,open,feat(search): low-latency semantic search refresh from embedding events,P3,,P3: Low; area/search; blocked; documentation; effort/medium; infrastructure; new-feature; security; testing,,,2026-06-22T22:12:41Z,75,6,G,retain-gated,"Resolve default-mode, outbox backpressure and payload-minimization decisions; implement durable publisher/consumer semantics with bounded retention, replay and auth tests.",Fortemi/fortemi#593,read,stale-60d; no-milestone; no-assignee,7,https://git.integrolabs.net/Fortemi/fortemi/issues/604,evidence/Fortemi--fortemi-issues.json,Server realtime and jobs maintainers,Phase 5 after policy decisions,"Resolve default-mode, outbox backpressure and payload-minimization decisions; implement durable publisher/consumer semantics with bounded retention, replay and auth tests. Map every original acceptance criterion to the exact delivered artifact or an explicit supersession decision.",2026-09-07,First qualified stable opportunity after prerequisites; expedited customer/security patch when justified. No phase-date promise.,audit-355,"- [ ] Note create/update events lead to prioritized embedding refresh through async jobs, gated by tier/policy.
- [ ] Fresh embedding rows are inserted/updated with source-hash/config metadata from #597/#598.
- [ ] Search visibility latency is measured from committed note write to semantic result availability.
- [ ] Mid/edge tiers preserve batch/manual behavior unless explicitly enabled.
- [ ] FTS remains the immediate fallback while semantic embedding catches up.
- [ ] Filtered semantic search behavior is validated with pgvector HNSW settings, including iterative scan or equivalent recall safeguards where needed.
- [ ] Metrics include embedding freshness latency, queue wait, compute duration, search visibility, and failures."
Fortemi/fortemi#605,https://git.integrolabs.net/Fortemi/fortemi/issues/605,open,feat(search): evaluate Drift-Adapter for embedding model upgrades,P3,,P3: Low; area/search; blocked; documentation; effort/medium; infrastructure; new-feature; testing,,,2026-09-06T20:31:03Z,75,6,M,defer,Retain as a gated optional track. Revisit only after its parent phase or named external authority is delivered and a product need activates it; record owner and review trigger rather than age-based closure.,Fortemi/fortemi#598,read,stale-60d; no-milestone; no-assignee,7,https://git.integrolabs.net/Fortemi/fortemi/issues/605,evidence/Fortemi--fortemi-issues.json,Product owner and relevant component maintainer,Later; explicit activation trigger required,"Retain the issue with a named owner, dependency/activation trigger and next review; do not start speculative implementation or close solely because of age. Map every original acceptance criterion to the exact delivered artifact or an explicit supersession decision.",2026-10-05,First qualified stable opportunity after prerequisites; expedited customer/security patch when justified. No phase-date promise.,audit-355,"- [ ] Define Fortemi's baseline model-upgrade workflow using embedding config/model identity and source hashes.
- [ ] Evaluate full re-embedding and dual-index serving as baselines.
- [ ] If Drift-Adapter is pursued, train/evaluate on paired old/new embeddings from representative Fortemi corpora.
- [ ] Recall/MRR gate is project-defined against a held-out search evaluation set; do not hard-code paper results as pass criteria.
- [ ] Query latency overhead is measured in Fortemi's serving path.
- [ ] Adapter use is scoped to compatible embedding-space migrations; incompatible dimensions/modalities require separate handling.
- [ ] Background re-embedding and cutover plan preserves search availability and has rollback."
Fortemi/fortemi#606,https://git.integrolabs.net/Fortemi/fortemi/issues/606,open,feat(graph): evaluate streaming entity/relation graph construction,P3,,P3: Low; area/search; blocked; documentation; effort/medium; infrastructure; new-feature; security; testing,,,2026-09-06T20:31:03Z,75,6,M,defer,Retain as a gated optional track. Revisit only after its parent phase or named external authority is delivered and a product need activates it; record owner and review trigger rather than age-based closure.,Fortemi/fortemi#601,read,stale-60d; no-milestone; no-assignee,7,https://git.integrolabs.net/Fortemi/fortemi/issues/606,evidence/Fortemi--fortemi-issues.json,Product owner and relevant component maintainer,Later; explicit activation trigger required,"Retain the issue with a named owner, dependency/activation trigger and next review; do not start speculative implementation or close solely because of age. Map every original acceptance criterion to the exact delivered artifact or an explicit supersession decision.",2026-10-05,First qualified stable opportunity after prerequisites; expedited customer/security patch when justified. No phase-date promise.,audit-355,"- [ ] Define the Fortemi graph target: semantic note links, SKOS concepts, extracted entities/relations, or a new graph surface.
- [ ] Evaluate iText2KG-style modules against representative Fortemi note/document types: document distillation, entity extraction, relation extraction, and graph integration.
- [ ] Entity deduplication has a measurable precision/recall or manual-review gate; do not rely on string equality alone.
- [ ] Relation extraction includes confidence scores, provenance back to source note/span where possible, and safe rollback on bad extraction.
- [ ] Streaming updates are coalesced through #602 and triggered only after source text freshness is known.
- [ ] Batch graph maintenance/reconciliation remains available for full rebuild and drift correction.
- [ ] Metrics include incremental KG updates, entity merges/splits, relation inserts/removals, extraction confidence, and full rebuild/reconciliation counts."
Fortemi/fortemi#623,https://git.integrolabs.net/Fortemi/fortemi/issues/623,open,ci(docker): publish linux/amd64 + linux/arm64 API and bundle images,P2,,P2: Medium; ci/cd; docker; documentation; effort/medium; infrastructure; new-feature; security; testing,Native server distribution backlog,,2026-09-06T20:31:03Z,75,14,H,refresh,"Multi-architecture release images now exist, but verify every declared image/service and required runtime cell before closure. v2026.9.5 records ARM64 manifest proof without ARM64 runtime smoke; narrow any outdated no-arm64 statement.",,read,stale-60d; no-assignee,8,https://git.integrolabs.net/Fortemi/fortemi/issues/623,evidence/Fortemi--fortemi-issues.json,Release and platform maintainers,Phase 5; distinguish artifact support from installation,"Define the actual supported platform/artifact/prerequisite matrix, then prove verified download, install, service lifecycle and rollback on clean supported hosts. Map every original acceptance criterion to the exact delivered artifact or an explicit supersession decision.",2026-09-07,First qualified stable opportunity after prerequisites; expedited customer/security patch when justified. No phase-date promise.,audit-355,"- [ ] API-only release images publish an OCI manifest containing both `linux/amd64` and `linux/arm64`.
- [ ] Bundle release images publish an OCI manifest containing both `linux/amd64` and `linux/arm64`.
- [ ] The workflow verifies published manifests with `docker buildx imagetools inspect` or equivalent manifest inspection.
- [ ] A native arm64/Apple Silicon smoke test starts the CPU-capable bundle profile and proves `matric-api` binds and `/health` responds.
- [ ] The smoke test records resolved image digests for #888 verification/signing follow-up.
- [ ] Any excluded bundle sidecars are documented with arm64 support/fallback behavior.
- [ ] If `pgvector/pgvector:pg18` or another base/runtime image lacks arm64 support at release time, the workflow fails before publishing an incomplete manifest and documents the fallback plan.
- [ ] Gitea registry and GHCR either both receive identical multi-platform manifests, or the release docs state which registry is the public multi-arch source of truth."
Fortemi/fortemi#636,https://git.integrolabs.net/Fortemi/fortemi/issues/636,open,EPIC: npm-distributed native server install (no Docker),P2,,P2: Medium; blocked; ci/cd; documentation; effort/large; epic; infrastructure; new-feature; security; testing,Native server distribution backlog,,2026-06-22T23:25:03Z,75,15,H,retain-gated,"Define the actual supported platform/artifact/prerequisite matrix, then prove verified download, install, service lifecycle and rollback on clean supported hosts.",Fortemi/fortemi#643; Fortemi/fortemi#642; Fortemi/fortemi#641; Fortemi/fortemi#640; Fortemi/fortemi#639; Fortemi/fortemi#638; Fortemi/fortemi#637,read,stale-60d; no-assignee,17,https://git.integrolabs.net/Fortemi/fortemi/issues/636,evidence/Fortemi--fortemi-issues.json,Release and platform maintainers,Phase 5; distinguish artifact support from installation,"Define the actual supported platform/artifact/prerequisite matrix, then prove verified download, install, service lifecycle and rollback on clean supported hosts. Map every original acceptance criterion to the exact delivered artifact or an explicit supersession decision.",2026-09-07,First qualified stable opportunity after prerequisites; expedited customer/security patch when justified. No phase-date promise.,audit-355,"- [ ] #637 npm package skeleton + explicit binary download/extract command
- [ ] Linux prereq orchestration (PGDG / Postgres / pgvector / Redis / Ollama)
- [ ] macOS prereq orchestration (Homebrew or documented manual prerequisites)
- [ ] Windows prereq orchestration (winget / choco / PowerShell)
- [ ] #641 cross-platform `matric-api` release artifacts
- [ ] #916 release artifact signing, attestation, and provenance policy
- [ ] Service lifecycle (systemd / launchd / Windows service)
- [ ] #643 publish CI and npm provenance decision
- [ ] #886 npm dependency and publish-path hardening
- [ ] Docs for quick start, troubleshooting, offline/restricted-network installs, and uninstall
- [ ] `npm install -g @fortemi/server --ignore-scripts` installs a usable `fortemi-server` CLI on supported platforms
- [ ] `npm install -g @fortemi/server && fortemi-server install` brings up a working API on clean Ubuntu, macOS, and Windows hosts, subject to documented platform prerequisites
- [ ] Prereqs (Postgres/pgvector, Redis, Ollama, models) are installed or validated idempotently; re-running `fortemi-server install` is safe
- [ ] `fortemi-server start | stop | status | uninstall` manages the service lifecycle on each supported platform
- [ ] Binary activation verifies the expected release manifest, checksum, signature/provenance, and license evidence from the release path
- [ ] Lifecycle scripts are optional convenience only and never the sole supported install path
- [ ] Docs cover quick-start, troubleshooting, restricted environments, provenance expectations, and uninstall on all supported platforms"
Fortemi/fortemi#637,https://git.integrolabs.net/Fortemi/fortemi/issues/637,open,npm package skeleton + explicit binary download/install CLI (`@fortemi/server`),P2,,P2: Medium; blocked; ci/cd; documentation; effort/medium; infrastructure; new-feature; security; testing,Native server distribution backlog,,2026-06-22T23:24:44Z,75,11,H,retain-gated,"Define the actual supported platform/artifact/prerequisite matrix, then prove verified download, install, service lifecycle and rollback on clean supported hosts.",,read,stale-60d; no-assignee; blocked-label-without-open-native-edge,6,https://git.integrolabs.net/Fortemi/fortemi/issues/637,evidence/Fortemi--fortemi-issues.json,Release and platform maintainers,Phase 5; distinguish artifact support from installation,"Define the actual supported platform/artifact/prerequisite matrix, then prove verified download, install, service lifecycle and rollback on clean supported hosts. Map every original acceptance criterion to the exact delivered artifact or an explicit supersession decision.",2026-09-07,First qualified stable opportunity after prerequisites; expedited customer/security patch when justified. No phase-date promise.,audit-355,"- [ ] `npm install -g @fortemi/server` succeeds on Linux, macOS, and Windows even when lifecycle scripts are ignored.
- [ ] `fortemi-server install` downloads and verifies the correct binary if it was not prefetched.
- [ ] Optional postinstall prefetch is idempotent and produces a clear warning, not a broken install, when skipped or failed.
- [ ] `fortemi-server --version` reports CLI version and installed binary version/status.
- [ ] Re-running install is idempotent and avoids re-download if version/checksum matches.
- [ ] Failed checksum aborts binary activation with a clear error."
Fortemi/fortemi#638,https://git.integrolabs.net/Fortemi/fortemi/issues/638,open,Linux prereq orchestration for npm native install (PGDG / Postgres 18 / pgvector / Redis / Ollama),P2,,P2: Medium; blocked; ci/cd; documentation; effort/medium; infrastructure; new-feature; security; testing,Native server distribution backlog,,2026-06-22T23:21:33Z,75,8,H,retain-gated,"Define the actual supported platform/artifact/prerequisite matrix, then prove verified download, install, service lifecycle and rollback on clean supported hosts.",Fortemi/fortemi#637,read,stale-60d; no-assignee,5,https://git.integrolabs.net/Fortemi/fortemi/issues/638,evidence/Fortemi--fortemi-issues.json,Release and platform maintainers,Phase 5; distinguish artifact support from installation,"Define the actual supported platform/artifact/prerequisite matrix, then prove verified download, install, service lifecycle and rollback on clean supported hosts. Map every original acceptance criterion to the exact delivered artifact or an explicit supersession decision.",2026-09-07,First qualified stable opportunity after prerequisites; expedited customer/security patch when justified. No phase-date promise.,audit-355,"- [ ] Clean Ubuntu 24.04 host: `fortemi-server install` produces a healthy `matric` DB, vector extension, Redis, optional Ollama, and passing Fortemi health check.
- [ ] Clean Debian 12 host either succeeds with supported PGDG packages or fails before mutation with a clear unsupported-codename message.
- [ ] Re-running install is safe: no duplicate repo entries, role/db creation is idempotent, and model pulls are skipped when already present.
- [ ] `fortemi-server status` reflects component and extension health accurately.
- [ ] Non-apt distros get a clear manual-install path."
Fortemi/fortemi#639,https://git.integrolabs.net/Fortemi/fortemi/issues/639,open,macOS prereq orchestration for npm native install (Homebrew),P2,,P2: Medium; blocked; ci/cd; documentation; effort/medium; infrastructure; new-feature; security; testing,Native server distribution backlog,,2026-06-22T23:21:33Z,75,7,H,retain-gated,"Define the actual supported platform/artifact/prerequisite matrix, then prove verified download, install, service lifecycle and rollback on clean supported hosts.",Fortemi/fortemi#637,read,stale-60d; no-assignee,5,https://git.integrolabs.net/Fortemi/fortemi/issues/639,evidence/Fortemi--fortemi-issues.json,Release and platform maintainers,Phase 5; distinguish artifact support from installation,"Define the actual supported platform/artifact/prerequisite matrix, then prove verified download, install, service lifecycle and rollback on clean supported hosts. Map every original acceptance criterion to the exact delivered artifact or an explicit supersession decision.",2026-09-07,First qualified stable opportunity after prerequisites; expedited customer/security patch when justified. No phase-date promise.,audit-355,"- [ ] Clean supported macOS Apple Silicon host: install produces healthy Postgres 18, vector extension, Redis, optional Ollama, and Fortemi health check.
- [ ] Clean supported macOS Intel host succeeds or fails before mutation if no matching binary artifact exists.
- [ ] Re-running install is safe.
- [ ] `fortemi-server status` reflects component and extension health.
- [ ] Missing Homebrew produces a clear no-mutation error."
Fortemi/fortemi#640,https://git.integrolabs.net/Fortemi/fortemi/issues/640,open,Windows prereq orchestration for npm native install (winget / choco / PowerShell),P2,,P2: Medium; blocked; ci/cd; documentation; effort/medium; infrastructure; new-feature; security; testing,Native server distribution backlog,,2026-06-22T23:25:03Z,75,8,H,retain-gated,"Define the actual supported platform/artifact/prerequisite matrix, then prove verified download, install, service lifecycle and rollback on clean supported hosts.",Fortemi/fortemi#637,read,stale-60d; no-assignee,6,https://git.integrolabs.net/Fortemi/fortemi/issues/640,evidence/Fortemi--fortemi-issues.json,Release and platform maintainers,Phase 5; distinguish artifact support from installation,"Define the actual supported platform/artifact/prerequisite matrix, then prove verified download, install, service lifecycle and rollback on clean supported hosts. Map every original acceptance criterion to the exact delivered artifact or an explicit supersession decision.",2026-09-07,First qualified stable opportunity after prerequisites; expedited customer/security patch when justified. No phase-date promise.,audit-355,"- [ ] Clean Windows 11 host with winget either completes a healthy supported stack or fails before mutation with a clear unsupported-prereq decision.
- [ ] pgvector installation path is deterministic and documented.
- [ ] Redis choice is deterministic and documented.
- [ ] Re-running install is safe.
- [ ] `fortemi-server status` reflects component and extension health.
- [ ] Clear error path when neither winget nor choco is available."
Fortemi/fortemi#641,https://git.integrolabs.net/Fortemi/fortemi/issues/641,open,Cross-platform `matric-api` release artifacts on GitHub,P2,,P2: Medium; ci/cd; documentation; effort/large; infrastructure; new-feature; security; testing,Native server distribution backlog,,2026-09-06T20:31:04Z,75,16,H,refresh,"Four native binaries, checksums and provenance now exist on v2026.9.5. Reconcile remaining Windows, installer manifest, signing, license and supported-platform acceptance; binary publication alone does not complete the native installer roadmap.",Fortemi/fortemi#637,read,stale-60d; no-assignee,8,https://git.integrolabs.net/Fortemi/fortemi/issues/641,evidence/Fortemi--fortemi-issues.json,Release and platform maintainers,Phase 5; distinguish artifact support from installation,"Define the actual supported platform/artifact/prerequisite matrix, then prove verified download, install, service lifecycle and rollback on clean supported hosts. Map every original acceptance criterion to the exact delivered artifact or an explicit supersession decision.",2026-09-07,First qualified stable opportunity after prerequisites; expedited customer/security patch when justified. No phase-date promise.,audit-355,"- [ ] Each tagged release publishes 5 platform archives plus `SHA256SUMS.txt` and a machine-readable manifest to GitHub releases.
- [ ] Archives are downloadable without authentication.
- [ ] Manifest drives #637 binary resolution without hard-coded asset names.
- [ ] Checksums verify correctly before activation by #637.
- [ ] Versioned artifacts include signature/bundle and provenance evidence per #916, or the release explicitly documents the accepted fallback.
- [ ] Archives include required license notices per #901.
- [ ] Release notes link from Gitea release to GitHub artifacts and user verification commands.
- [ ] CI verifies the GitHub release has all required archives, checksum, manifest, signature/provenance, and license evidence before allowing npm publish."
Fortemi/fortemi#642,https://git.integrolabs.net/Fortemi/fortemi/issues/642,open,Service lifecycle for npm native install (systemd / launchd / Windows service),P2,,P2: Medium; blocked; ci/cd; documentation; effort/medium; enhancement; infrastructure; security; testing,Native server distribution backlog,,2026-06-22T23:21:34Z,75,9,H,retain-gated,"Define the actual supported platform/artifact/prerequisite matrix, then prove verified download, install, service lifecycle and rollback on clean supported hosts.",Fortemi/fortemi#640; Fortemi/fortemi#639; Fortemi/fortemi#638,read,stale-60d; no-assignee,7,https://git.integrolabs.net/Fortemi/fortemi/issues/642,evidence/Fortemi--fortemi-issues.json,Release and platform maintainers,Phase 5; distinguish artifact support from installation,"Define the actual supported platform/artifact/prerequisite matrix, then prove verified download, install, service lifecycle and rollback on clean supported hosts. Map every original acceptance criterion to the exact delivered artifact or an explicit supersession decision.",2026-09-07,First qualified stable opportunity after prerequisites; expedited customer/security patch when justified. No phase-date promise.,audit-355,"- [ ] Linux user-mode install enables and starts the unit idempotently; boot-without-login behavior is either configured through lingering or reported as not enabled.
- [ ] macOS LaunchAgent install starts at login and reports clear guidance if boot-before-login/system mode is requested.
- [ ] Windows install uses a documented service-native or wrapper path; `sc.exe` is not used directly for a plain console binary.
- [ ] `status` reports service state, PID where available, and latest `/health` result.
- [ ] `logs` tails or opens the platform-native log source chosen by the installer.
- [ ] `enable`/`disable` are idempotent on all supported platforms.
- [ ] `uninstall` removes service registration without data loss unless `--purge` is passed."
Fortemi/fortemi#643,https://git.integrolabs.net/Fortemi/fortemi/issues/643,open,Publish CI for `@fortemi/server` npm package + native-install docs,P2,,P2: Medium; blocked; ci/cd; documentation; effort/medium; infrastructure; new-feature; security; testing,Native server distribution backlog,,2026-06-22T23:25:03Z,75,24,H,retain-gated,"Define the actual supported platform/artifact/prerequisite matrix, then prove verified download, install, service lifecycle and rollback on clean supported hosts.",Fortemi/fortemi#641,read,stale-60d; no-assignee,11,https://git.integrolabs.net/Fortemi/fortemi/issues/643,evidence/Fortemi--fortemi-issues.json,Release and platform maintainers,Phase 5; distinguish artifact support from installation,"Define the actual supported platform/artifact/prerequisite matrix, then prove verified download, install, service lifecycle and rollback on clean supported hosts. Map every original acceptance criterion to the exact delivered artifact or an explicit supersession decision.",2026-09-07,First qualified stable opportunity after prerequisites; expedited customer/security patch when justified. No phase-date promise.,audit-355,"- [ ] Tag push publishes `@fortemi/server` with matching version only after public GitHub binary assets, manifest, checksums, signatures/provenance, and license evidence are verified.
- [ ] Publishing method is explicitly chosen: trusted publishing/OIDC with supported provider, or token-based Gitea fallback with documented limitations.
- [ ] If trusted publishing is chosen, workflow and npm package trusted-publisher config are documented, including provider, workflow filename, allowed actions/branch/tag constraints, Node/npm minimums, and provenance behavior.
- [ ] If token fallback is chosen, token scope, storage, rotation, 2FA/approval expectations, and lack/limits of npm provenance are documented.
- [ ] CI verifies `node --version` / `npm --version` before publish and before npm supply-chain controls that depend on npm v11 behavior.
- [ ] `npm pack --dry-run --json` package-content gate passes.
- [ ] Smoke tests pass on all three platforms.
- [ ] Smoke tests prove explicit install/fetch works even when npm lifecycle scripts are disabled.
- [ ] README and docs surface the npm path with parity to existing channels.
- [ ] Comparison table helps users pick a distribution channel.
- [ ] User docs include package verification (`npm audit signatures` where applicable) and native artifact verification from #641/#916."
Fortemi/fortemi#666,https://git.integrolabs.net/Fortemi/fortemi/issues/666,open,feat(inference): archive-aware ProviderRegistry resolver and cache,P2,,P2: Medium; area/extraction; area/rest-api; documentation; effort/large; enhancement; infrastructure; jobs; security; testing,Hosted auth and multi-tenancy launch gate,,2026-08-24T20:33:48Z,12,23,E,execute,"Complete the canonical provider/protocol and policy prerequisites before adapters; prove streaming, metering, quota, destination and retention behavior for the declared provider profile.",,read,no-assignee,8,https://git.integrolabs.net/Fortemi/fortemi/issues/666,evidence/Fortemi--fortemi-issues.json,Server inference and gateway maintainers,Phase 3 after foundation contracts,"Complete the canonical provider/protocol and policy prerequisites before adapters; prove streaming, metering, quota, destination and retention behavior for the declared provider profile. Map every original acceptance criterion to the exact delivered artifact or an explicit supersession decision.",2026-09-07,First qualified stable opportunity after prerequisites; expedited customer/security patch when justified. No phase-date promise.,audit-355,"- [ ] `AppState` exposes a resolver instead of only a single global `ProviderRegistry` path.
- [ ] Archive-scoped `GET/POST/DELETE /api/v1/inference/config` invalidates or rebuilds the matching cache entry.
- [ ] Generation, embedding, chat, jobs, vision, and MCP completion paths either call the resolver or have documented global-only behavior.
- [ ] Runtime tests prove two archives can route to different providers/models in the same process.
- [ ] Regression tests prove no-archive/single-memory deployments use the same effective defaults as today.
- [ ] Cache-hit and cache-miss behavior is benchmarked or bounded with tests; avoid rebuilding providers on every request.
- [ ] `InferenceConfigChanged` includes archive scope and reset/set semantics without sentinel-only parsing.
- [ ] Docs explain effective-source layering and cache invalidation behavior."
Fortemi/fortemi#679,https://git.integrolabs.net/Fortemi/fortemi/issues/679,open,docs+install: standalone SwaggerUI artifact and single-command Docker installer,P3,,P3: Low; docker; documentation; effort/medium; infrastructure; new-feature; security; testing,Native server distribution backlog,,2026-07-20T00:33:16Z,48,16,H,execute,"Define the actual supported platform/artifact/prerequisite matrix, then prove verified download, install, service lifecycle and rollback on clean supported hosts.",,read,no-assignee,7,https://git.integrolabs.net/Fortemi/fortemi/issues/679,evidence/Fortemi--fortemi-issues.json,Release and platform maintainers,Phase 5; distinguish artifact support from installation,"Define the actual supported platform/artifact/prerequisite matrix, then prove verified download, install, service lifecycle and rollback on clean supported hosts. Map every original acceptance criterion to the exact delivered artifact or an explicit supersession decision.",2026-09-07,First qualified stable opportunity after prerequisites; expedited customer/security patch when justified. No phase-date promise.,audit-355,"- [ ] `docs/swagger/index.html` exists and works against a local Fortemi server exposing `/openapi.yaml`.
- [ ] The standalone page does not hard-code stale endpoint counts, tag counts, or API versions; it derives data from the loaded spec.
- [ ] Root `install.sh` exists, is shellcheck-clean where practical, and supports `--dry-run`.
- [ ] Installer fails clearly when Docker/Compose prerequisites cannot be satisfied.
- [ ] Installer supports CPU-only operation without requiring NVIDIA runtime.
- [ ] Installer health-checks the API before reporting success.
- [ ] Documentation references both the safer download-and-review flow and the single-command curl flow."
Fortemi/fortemi#680,https://git.integrolabs.net/Fortemi/fortemi/issues/680,open,feat(inference): provider-route generation failover and weighted routing policy,P2,,P2: Medium; area/rest-api; blocked; documentation; effort/medium; enhancement; infrastructure; optimization; security; testing,,,2026-06-22T23:38:36Z,75,11,E,retain-gated,"Complete the canonical provider/protocol and policy prerequisites before adapters; prove streaming, metering, quota, destination and retention behavior for the declared provider profile.",,read,stale-60d; no-milestone; no-assignee; blocked-label-without-open-native-edge,9,https://git.integrolabs.net/Fortemi/fortemi/issues/680,evidence/Fortemi--fortemi-issues.json,Server inference and gateway maintainers,Phase 3 after foundation contracts,"Complete the canonical provider/protocol and policy prerequisites before adapters; prove streaming, metering, quota, destination and retention behavior for the declared provider profile. Map every original acceptance criterion to the exact delivered artifact or an explicit supersession decision.",2026-09-07,First qualified stable opportunity after prerequisites; expedited customer/security patch when justified. No phase-date promise.,audit-355,"- [ ] Provider-route policy is represented in config/API state and validated against registered provider capabilities.
- [ ] Generation call sites use the request-time resolver from #666 before routing.
- [ ] Local-provider routing consults the #600 admission layer before dispatch.
- [ ] Explicit provider-qualified slugs have documented precedence over automatic route policy.
- [ ] Health/cooldown and retry policy are tested with deterministic fixtures.
- [ ] Weighted routing tests prove approximate distribution without routing to unhealthy providers.
- [ ] Failover tests prove non-retryable errors are not replayed and retryable errors are bounded.
- [ ] Metrics/events expose selected provider, fallback reason, and route policy without leaking API keys.
- [ ] Docs replace the old `OPENAI_GEN_ENDPOINTS` proposal with provider-route policy configuration."
Fortemi/fortemi#681,https://git.integrolabs.net/Fortemi/fortemi/issues/681,open,Add Moondream and OpenAI-compatible vision backends,P2,,P2: Medium; area/extraction; area/rest-api; documentation; effort/medium; infrastructure; new-feature; security; testing,,,2026-06-22T23:38:36Z,75,12,E,execute,"Complete the canonical provider/protocol and policy prerequisites before adapters; prove streaming, metering, quota, destination and retention behavior for the declared provider profile.",,read,stale-60d; no-milestone; no-assignee,10,https://git.integrolabs.net/Fortemi/fortemi/issues/681,evidence/Fortemi--fortemi-issues.json,Server inference and gateway maintainers,Phase 3 after foundation contracts,"Complete the canonical provider/protocol and policy prerequisites before adapters; prove streaming, metering, quota, destination and retention behavior for the declared provider profile. Map every original acceptance criterion to the exact delivered artifact or an explicit supersession decision.",2026-09-07,First qualified stable opportunity after prerequisites; expedited customer/security patch when justified. No phase-date promise.,audit-355,"- [ ] Add `MoondreamVisionBackend` with `/v1/caption` for descriptions and `/v1/query` for prompt-based image questions.
- [ ] Support Moondream Cloud and local Moondream runtime with the same request builder where possible.
- [ ] Add `OpenAICompatibleVisionBackend` using OpenAI-compatible multimodal chat-completions request shape for local compatible servers.
- [ ] Add `VISION_BACKEND` runtime selection with supported values `ollama`, `moondream`, `openai-compatible`.
- [ ] Keep `openai` reserved for a future first-party Responses API backend, or document clearly if `openai` is an alias for `openai-compatible`.
- [ ] Add env parsing/docs for `MOONDREAM_BASE_URL`, `MOONDREAM_API_KEY`, `VISION_BASE_URL`, `VISION_MODEL`, and `VISION_API_KEY`.
- [ ] Existing Ollama vision behavior remains unchanged when `VISION_BACKEND=ollama` or no backend override is configured.
- [ ] All vision construction paths use the same selector instead of directly calling `OllamaVisionBackend::from_env()`.
- [ ] Tests cover backend selection, request serialization for each backend, and `ai_description` persistence through the existing `update_ai_description_tx` path.
- [ ] Docs distinguish Moondream skill endpoints, OpenAI-compatible local server support, and direct OpenAI Responses API guidance."
Fortemi/fortemi#682,https://git.integrolabs.net/Fortemi/fortemi/issues/682,open,OpenAI backend: support optional `dimensions` parameter for embedding truncation,P2,,P2: Medium; area/rest-api; area/search; bug; effort/small; enhancement; testing,Hosted auth and multi-tenancy launch gate,,2026-07-20T17:11:26Z,48,17,C,execute,"Prioritize the issue-specific retrieval/embedding correctness gate: scope before ranking, correct content projection, complete batch cardinality/order/dimensions and atomic replacement. Reuse #1091 contracts and the delivered #979 rollback boundary.",,read,no-assignee,6,https://git.integrolabs.net/Fortemi/fortemi/issues/682,evidence/Fortemi--fortemi-issues.json,Server and client maintainers,Next; Phase 0 / Phase 1,"Reconcile issue acceptance with current source, close the remaining exact enforcement/test cells and pass repository delivery gates before promoting the affected surface. Map every original acceptance criterion to the exact delivered artifact or an explicit supersession decision.",2026-09-07,First qualified stable opportunity after prerequisites; expedited customer/security patch when justified. No phase-date promise.,audit-355,"- [ ] `EmbeddingRequest` supports optional `dimensions` serialization.
- [ ] `embed_texts()` can pass the configured target dimension according to an explicit compatibility policy.
- [ ] Unit tests cover serialization with and without `dimensions`.
- [ ] Unit tests cover response dimension validation and error messaging.
- [ ] External integration docs cover official OpenAI `text-embedding-3-small`/`large` and OpenAI-compatible servers that reject unknown parameters.
- [ ] Documentation explains how `OPENAI_EMBED_DIM`, model native dimension, pgvector schema dimension, and MRL/truncation support interact."
Fortemi/fortemi#683,https://git.integrolabs.net/Fortemi/fortemi/issues/683,open,ci(docker): add Jetson/L4T CUDA image channel after generic arm64 Docker support,P3,,P3: Low; blocked; ci/cd; docker; documentation; effort/medium; infrastructure; security; testing,Native server distribution backlog,,2026-09-06T20:31:04Z,75,9,M,defer,Retain as a gated optional track. Revisit only after its parent phase or named external authority is delivered and a product need activates it; record owner and review trigger rather than age-based closure.,,read,stale-60d; no-assignee; blocked-label-without-open-native-edge,7,https://git.integrolabs.net/Fortemi/fortemi/issues/683,evidence/Fortemi--fortemi-issues.json,Product owner and relevant component maintainer,Later; explicit activation trigger required,"Retain the issue with a named owner, dependency/activation trigger and next review; do not start speculative implementation or close solely because of age. Map every original acceptance criterion to the exact delivered artifact or an explicit supersession decision.",2026-10-05,First qualified stable opportunity after prerequisites; expedited customer/security patch when justified. No phase-date promise.,audit-355,"- [ ] #623 has shipped and verified generic `linux/arm64` API/bundle images first.
- [ ] A JetPack/base-image matrix is recorded before Dockerfiles are added.
- [ ] Jetson image tags are published to the selected registries with clear names such as `:jetson-jp6.2` / `:jetson-jp7`.
- [ ] AGX Orin / JetPack 6.x hardware validation proves the bundle starts, `matric-api` is healthy, and GPU-accelerated inference/extraction paths work for the supported profile.
- [ ] Thor / JetPack 7 hardware validation is complete before any `jp7` or Thor claim is made.
- [ ] Docs state the tested JetPack version, image tag, NVIDIA runtime invocation, supported/unsupported sidecars, and fallback behavior.
- [ ] Image digest/SBOM/provenance/signing requirements follow #888."
Fortemi/fortemi#707,https://git.integrolabs.net/Fortemi/fortemi/issues/707,open,Epic: hosted auth and multi-tenancy launch gate for matric-api,P0,,P0: Blocker; area/auth; area/rest-api; blocked; documentation; effort/large; epic; infrastructure; security; testing,Hosted auth and multi-tenancy launch gate,,2026-09-04T16:43:37Z,2,40,D,retain-gated,"Refresh delivered construction versus remaining route, lifecycle and production evidence. ITOps #345/#348/#349 are open; complete exact tenant/RLS, KMS, quota, audit and stored-inference cells before hosted promotion.",Fortemi/fortemi#733; Fortemi/fortemi#734; Fortemi/fortemi#729; Fortemi/fortemi#730; Fortemi/fortemi#731; Fortemi/fortemi#732; Fortemi/fortemi#726; Fortemi/fortemi#727; Fortemi/fortemi#728; Fortemi/fortemi-auth#1,read,no-assignee,0,https://git.integrolabs.net/Fortemi/fortemi/issues/707,evidence/Fortemi--fortemi-issues.json,"Auth, server, HotM and ITOps owners",Parallel gated Phase 2,"Resolve the named authority/runtime prerequisite, verify exact allow/deny and failure behavior under authenticated tenant identities, and retain the production-environment receipt. Map every original acceptance criterion to the exact delivered artifact or an explicit supersession decision.",2026-09-07,First qualified stable opportunity after prerequisites; expedited customer/security patch when justified. No phase-date promise.,audit-355,
Fortemi/fortemi#710,https://git.integrolabs.net/Fortemi/fortemi/issues/710,open,[ADR-089] Introduce AuthorizationPolicy trait + role-based default,P1,,P1: High; area/auth; area/rest-api; ci/cd; documentation; effort/large; epic; infrastructure; new-feature; security; testing,Hosted auth and multi-tenancy launch gate,,2026-08-25T09:46:48Z,12,71,D,retain-gated,"Refresh delivered construction versus remaining route, lifecycle and production evidence. ITOps #345/#348/#349 are open; complete exact tenant/RLS, KMS, quota, audit and stored-inference cells before hosted promotion.",,read,no-assignee,13,https://git.integrolabs.net/Fortemi/fortemi/issues/710,evidence/Fortemi--fortemi-issues.json,"Auth, server, HotM and ITOps owners",Parallel gated Phase 2,"Resolve the named authority/runtime prerequisite, verify exact allow/deny and failure behavior under authenticated tenant identities, and retain the production-environment receipt. Map every original acceptance criterion to the exact delivered artifact or an explicit supersession decision.",2026-09-07,First qualified stable opportunity after prerequisites; expedited customer/security patch when justified. No phase-date promise.,audit-355,"- [ ] `AuthorizationPolicy` and supporting types exist with docs and tests.
- [ ] Default CE/personal-server policy behavior is explicit and safe for `REQUIRE_AUTH=false` only when the existing no-auth guard allows it.
- [ ] Hosted/multi-tenant mode is deny-by-default except for an explicit public-route allowlist.
- [ ] Route inventory maps every `/api/v1/*`, `/oauth/*`, streaming, webhook, MCP, health, docs, and static route to a policy class.
- [ ] Generated or table-driven route coverage test fails when a route lacks a policy class.
- [ ] Middleware invokes policy decisions after auth and before handlers.
- [ ] Scope-family tests prove MCP transport/session scope does not imply arbitrary REST write permission.
- [ ] Per-tool MCP authorization is represented as action/resource policy input, not only string-scope checks.
- [ ] Write/admin/tool operations have representative deny/allow integration tests.
- [ ] Policy id/version and sanitized deny-reason code are available to audit events.
- [ ] Handler-local scope helpers are either removed, delegated to policy, or documented as transitional defense in depth.
- [ ] Authorization decisions are audited once #711/#910 land.
- [ ] Performance target documented and tested for in-process policy evaluation."
Fortemi/fortemi#711,https://git.integrolabs.net/Fortemi/fortemi/issues/711,open,[ADR-091] Introduce AuditSink trait + TracingSink default,P2,,P2: Medium; documentation; effort/medium; epic; infrastructure; new-feature; security; testing,Hosted auth and multi-tenancy launch gate,,2026-08-25T09:46:35Z,12,24,D,retain-gated,"Refresh delivered construction versus remaining route, lifecycle and production evidence. ITOps #345/#348/#349 are open; complete exact tenant/RLS, KMS, quota, audit and stored-inference cells before hosted promotion.",,read,no-assignee,11,https://git.integrolabs.net/Fortemi/fortemi/issues/711,evidence/Fortemi--fortemi-issues.json,"Auth, server, HotM and ITOps owners",Parallel gated Phase 2,"Resolve the named authority/runtime prerequisite, verify exact allow/deny and failure behavior under authenticated tenant identities, and retain the production-environment receipt. Map every original acceptance criterion to the exact delivered artifact or an explicit supersession decision.",2026-09-07,First qualified stable opportunity after prerequisites; expedited customer/security patch when justified. No phase-date promise.,audit-355,"- [ ] `AuditEvent`, `AuditSink`, and `TracingSink` exist in core code with docs.
- [ ] `AuditBuffer` is bounded and tested for count/time flush, overflow, sink failure, and shutdown flush.
- [ ] `emit` is idempotent under a stable key, or the trait docs define how sinks must de-duplicate repeated keys.
- [ ] Mandatory event taxonomy is documented in code and docs.
- [ ] KeyProvider/KMS taxonomy covers #897 startup checks, context mismatch/decrypt denied, key use, rotation/rewrap, config violations, and export attempts.
- [ ] Event-class failure policy distinguishes best-effort, degrade-with-alert, and fail-closed categories.
- [ ] `AppState` or equivalent can hold a configured sink/buffer.
- [ ] At least one low-risk event source is wired end-to-end, or follow-up issues are filed for each mandatory event producer.
- [ ] Redaction/sanitization helpers prevent raw secrets and log-injection payloads from reaching sinks.
- [ ] Operator docs describe CE `fortemi.audit` output and hosted/EE durability expectations.
- [ ] No event schema field requires raw secrets, tokens, private key material, wrapped DEKs, ciphertext blobs, or raw KMS error payloads."
Fortemi/fortemi#712,https://git.integrolabs.net/Fortemi/fortemi/issues/712,open,[ADR-088] Plugin trait + plugin contract version constant,P2,,P2: Medium; ci/cd; documentation; effort/medium; epic; infrastructure; new-feature; security; testing,,,2026-07-18T23:31:02Z,49,11,D,execute,"Resolve the named authority/runtime prerequisite, verify exact allow/deny and failure behavior under authenticated tenant identities, and retain the production-environment receipt.",,read,no-milestone; no-assignee,7,https://git.integrolabs.net/Fortemi/fortemi/issues/712,evidence/Fortemi--fortemi-issues.json,"Auth, server, HotM and ITOps owners",Parallel gated Phase 2,"Resolve the named authority/runtime prerequisite, verify exact allow/deny and failure behavior under authenticated tenant identities, and retain the production-environment receipt. Map every original acceptance criterion to the exact delivered artifact or an explicit supersession decision.",2026-09-07,First qualified stable opportunity after prerequisites; expedited customer/security patch when justified. No phase-date promise.,audit-355,"- [ ] `PLUGIN_CONTRACT_VERSION` or equivalent contract version exists in code.
- [ ] `Plugin` lifecycle trait exists with docs and tests.
- [ ] Compatibility assertion helper is available and used by a fixture plugin.
- [ ] CI or a focused test proves contract version/API drift is visible.
- [ ] Plugin metadata includes enough fields for audit/logging without leaking secrets.
- [ ] ADR/docs clarify that Class A compile-time plugins are primary and sidecars are explicit exceptions.
- [ ] Follow-up issues exist for Class B/C protobuf/auth if any concrete plugin requires them."
Fortemi/fortemi#714,https://git.integrolabs.net/Fortemi/fortemi/issues/714,open,[ADR-098] Per-tenant rate limits + Redis-backed quotas,P1,,P1: High; area/auth; area/rest-api; ci/cd; documentation; effort/large; epic; infrastructure; new-feature; security; testing,Hosted auth and multi-tenancy launch gate,,2026-08-25T09:46:53Z,12,30,D,retain-gated,"Refresh delivered construction versus remaining route, lifecycle and production evidence. ITOps #345/#348/#349 are open; complete exact tenant/RLS, KMS, quota, audit and stored-inference cells before hosted promotion.",,read,no-assignee,17,https://git.integrolabs.net/Fortemi/fortemi/issues/714,evidence/Fortemi--fortemi-issues.json,"Auth, server, HotM and ITOps owners",Parallel gated Phase 2,"Resolve the named authority/runtime prerequisite, verify exact allow/deny and failure behavior under authenticated tenant identities, and retain the production-environment receipt. Map every original acceptance criterion to the exact delivered artifact or an explicit supersession decision.",2026-09-07,First qualified stable opportunity after prerequisites; expedited customer/security patch when justified. No phase-date promise.,audit-355,"- [ ] 429 responses include `Retry-After` when a retry time is known.
- [ ] Successful and denied responses expose `RateLimit` / `RateLimit-Policy` only where the selected policy allows it.
- [ ] Quota responses expose machine-readable dimension/policy metadata without leaking sensitive tenant capacity.
- [ ] Header values avoid exposing excessive global capacity; cap or coarsen high-volume limits where needed.
- [ ] Existing docs that promise `X-RateLimit-*` are updated or marked compatibility-only.
- [ ] ADR-098's older `RateLimit-Limit` / `RateLimit-Remaining` / `RateLimit-Reset` example is updated or marked historical in the implementation PR.
- [ ] Legacy `X-RateLimit-*` headers are not introduced as the primary contract; add only if an explicit compatibility decision is made.
- [ ] `quota_middleware` or equivalent replaces process-wide-only enforcement for hosted mode.
- [ ] Tenant/user/API-key/route dimensions can be selected by policy.
- [ ] Multi-dimensional decisions return allow, soft-limit, or hard-limit decisions with reason, reset metadata, and policy id/version.
- [ ] Redis-backed shared quota state works across multiple API instances with atomic updates.
- [ ] CE single-instance retains an in-process limiter path without requiring Redis.
- [ ] Hosted/multi-instance startup/readiness fails if only process-local quota state is configured.
- [ ] MCP per-tool limits can distinguish read/write/admin classes.
- [ ] Tests cover concurrent requests from multiple tenants and multiple API instances.
- [ ] Tests cover Redis unavailable/degraded behavior for hosted vs CE modes.
- [ ] Docs explain header contract, algorithms, failure modes, current runtime behavior, and operator tuning."
Fortemi/fortemi#715,https://git.integrolabs.net/Fortemi/fortemi/issues/715,open,[ADR-095] CE / EE distribution model + binary edition identification,P2,,P2: Medium; ci/cd; documentation; effort/medium; enhancement; epic; infrastructure; security; testing,Native server distribution backlog,,2026-08-24T18:39:59Z,13,14,H,execute,"Define the actual supported platform/artifact/prerequisite matrix, then prove verified download, install, service lifecycle and rollback on clean supported hosts.",,read,no-assignee,7,https://git.integrolabs.net/Fortemi/fortemi/issues/715,evidence/Fortemi--fortemi-issues.json,Release and platform maintainers,Phase 5; distinguish artifact support from installation,"Define the actual supported platform/artifact/prerequisite matrix, then prove verified download, install, service lifecycle and rollback on clean supported hosts. Map every original acceptance criterion to the exact delivered artifact or an explicit supersession decision.",2026-09-07,First qualified stable opportunity after prerequisites; expedited customer/security patch when justified. No phase-date promise.,audit-355,"- [ ] Binary embeds edition and build-feature metadata.
- [ ] Public health endpoint exposes safe edition/version metadata.
- [ ] Auth-required system-info endpoint exposes full build info and, when available, plugin contract version/inventory.
- [ ] README documents CE / EE / community plugin tiers.
- [ ] CONTRIBUTING or docs explain where CE contributions go and how EE/private plugin work is handled.
- [ ] EE crate pinning policy is documented after #716 registry choice is made.
- [ ] Legal review issue or PR tracks the BSL Additional Use Grant revision before EE launch."
Fortemi/fortemi#716,https://git.integrolabs.net/Fortemi/fortemi/issues/716,open,[ADR-096] Stand up private Cargo registry for EE crates,P2,,P2: Medium; ci/cd; documentation; effort/large; epic; infrastructure; security; testing,,,2026-07-27T01:43:35Z,41,12,C,execute,"Reconcile issue acceptance with current source, close the remaining exact enforcement/test cells and pass repository delivery gates before promoting the affected surface.",,read,no-milestone; no-assignee,11,https://git.integrolabs.net/Fortemi/fortemi/issues/716,evidence/Fortemi--fortemi-issues.json,Server and client maintainers,Next; Phase 0 / Phase 1,"Reconcile issue acceptance with current source, close the remaining exact enforcement/test cells and pass repository delivery gates before promoting the affected surface. Map every original acceptance criterion to the exact delivered artifact or an explicit supersession decision.",2026-09-07,First qualified stable opportunity after prerequisites; expedited customer/security patch when justified. No phase-date promise.,audit-355,"- [ ] Evaluation report compares at least self-hosted Kellnr, Cloudsmith, and one enterprise artifact manager such as Artifactory/JFrog or equivalent.
- [ ] Decision records whether the first year uses hosted SaaS or self-hosted registry, with cost/ops/security tradeoffs.
- [ ] Chosen registry endpoint and auth model are documented.
- [ ] Per-crate/team/customer access policy is defined for Tier 2 EE and any Tier 3/community distribution path.
- [ ] Sparse protocol support is tested with current stable Cargo; git index fallback decision is documented.
- [ ] CI publish workflow exists for the first private crate candidate.
- [ ] Consumer setup docs exist at `docs/ee/registry-access.md` or equivalent.
- [ ] SBOM/provenance/signing integration points are documented and handed off to #722 where appropriate.
- [ ] Public/CE builds remain free of private registry and private git credentials.
- [ ] Customer/EE builds are tested with `cargo build --locked` using only documented registry credentials.
- [ ] Migration rollback procedure is documented."
Fortemi/fortemi#717,https://git.integrolabs.net/Fortemi/fortemi/issues/717,open,"[ADR-097] Stateless API readiness, graceful shutdown, and CI lint",P2,,P2: Medium; area/rest-api; blocked; documentation; effort/large; epic; infrastructure; new-feature; security; testing,Hosted auth and multi-tenancy launch gate,,2026-07-18T23:31:02Z,49,11,D,retain-gated,"Resolve the named authority/runtime prerequisite, verify exact allow/deny and failure behavior under authenticated tenant identities, and retain the production-environment receipt.",,read,no-assignee; blocked-label-without-open-native-edge,9,https://git.integrolabs.net/Fortemi/fortemi/issues/717,evidence/Fortemi--fortemi-issues.json,"Auth, server, HotM and ITOps owners",Parallel gated Phase 2,"Resolve the named authority/runtime prerequisite, verify exact allow/deny and failure behavior under authenticated tenant identities, and retain the production-environment receipt. Map every original acceptance criterion to the exact delivered artifact or an explicit supersession decision.",2026-09-07,First qualified stable opportunity after prerequisites; expedited customer/security patch when justified. No phase-date promise.,audit-355,"- [ ] `.aiwg/architecture/statelessness-audit-report.md` exists and classifies all current findings.
- [ ] Follow-up issues are filed for every violation that cannot be fixed in this issue.
- [ ] API exposes separate liveness and readiness endpoints with documented semantics.
- [ ] API uses graceful shutdown for SIGTERM/SIGINT and drains within configurable grace.
- [ ] Worker, stream, audit, usage-meter, plugin, and event-buffer shutdown responsibilities are documented and wired where the dependencies exist.
- [ ] Multi-instance mode cannot use process-local rate-limit counters; it delegates to #713/#714 or fails configuration.
- [ ] CI flags new unreviewed static/global/cell/lock declarations and local persistent writes.
- [ ] Tests cover readiness before/after initialization failure, graceful shutdown, and CI lint fixtures.
- [ ] Operator docs explain readiness/liveness probes, shutdown grace, and allowed process-local state."
Fortemi/fortemi#719,https://git.integrolabs.net/Fortemi/fortemi/issues/719,open,[ADR-099] DSAR handler trait (Experimental) — GDPR/CCPA,P3,,P3: Low; area/auth; blocked; documentation; effort/large; epic; infrastructure; new-feature; security; testing,Hosted auth and multi-tenancy launch gate,,2026-08-23T16:29:35Z,14,14,D,retain-gated,"Resolve the named authority/runtime prerequisite, verify exact allow/deny and failure behavior under authenticated tenant identities, and retain the production-environment receipt.",,read,no-assignee; blocked-label-without-open-native-edge,13,https://git.integrolabs.net/Fortemi/fortemi/issues/719,evidence/Fortemi--fortemi-issues.json,"Auth, server, HotM and ITOps owners",Parallel gated Phase 2,"Resolve the named authority/runtime prerequisite, verify exact allow/deny and failure behavior under authenticated tenant identities, and retain the production-environment receipt. Map every original acceptance criterion to the exact delivered artifact or an explicit supersession decision.",2026-09-07,First qualified stable opportunity after prerequisites; expedited customer/security patch when justified. No phase-date promise.,audit-355,"- [ ] `DataSubjectRequestHandler` and types exist with Experimental stability marker.
- [ ] CE `NotImplementedHandler` fails clearly and is tested.
- [ ] #900 data-scope catalog exists and maps each subject-data store to access/export/erasure behavior before handler behavior is implemented.
- [ ] Request lifecycle model tracks identity verification, due dates, extension notices, rejection, completion, and receipt delivery.
- [ ] Audit events are emitted for received, identity requested, verified/failed, processing started, completed, rejected, and erasure receipt outcomes once #711/#910 lands.
- [ ] Jurisdiction/SLA configuration is documented, including GDPR and CCPA/CPRA defaults.
- [ ] California extended lookback/date-range handling is configurable and backed by the data-scope matrix.
- [ ] Erasure workflow documents retained records and legal basis exceptions.
- [ ] Backup/export/WORM behavior is documented, including beyond-use handling where immediate deletion is not possible.
- [ ] HNSW/vector/index consistency plan is documented and tested or explicitly deferred.
- [ ] External recipient/processor notification hooks are defined or explicitly deferred.
- [ ] Cross-tenant behavior requires explicit authorization and audit.
- [ ] Operator docs avoid legal promises beyond configured capabilities and require legal review for hosted deployments."
Fortemi/fortemi#720,https://git.integrolabs.net/Fortemi/fortemi/issues/720,open,Revise BSL Additional Use Grant for EE customers + anti-managed-service,P2,,P2: Medium; blocked; documentation; effort/medium; infrastructure; security,Native server distribution backlog,,2026-06-22T22:48:33Z,75,7,H,retain-gated,"Define the actual supported platform/artifact/prerequisite matrix, then prove verified download, install, service lifecycle and rollback on clean supported hosts.",,read,stale-60d; no-assignee; blocked-label-without-open-native-edge,9,https://git.integrolabs.net/Fortemi/fortemi/issues/720,evidence/Fortemi--fortemi-issues.json,Release and platform maintainers,Phase 5; distinguish artifact support from installation,"Define the actual supported platform/artifact/prerequisite matrix, then prove verified download, install, service lifecycle and rollback on clean supported hosts. Map every original acceptance criterion to the exact delivered artifact or an explicit supersession decision.",2026-09-07,First qualified stable opportunity after prerequisites; expedited customer/security patch when justified. No phase-date promise.,audit-355,"- [ ] Legal review of current `LICENSE.txt` / BSL grant language is complete.
- [ ] Revised Additional Use Grant is drafted with explicit answers to the required decisions above.
- [ ] Grant explicitly covers permitted EE-customer production use of CE components where intended.
- [ ] Grant explicitly defines prohibited managed-service / competitive hosted offering behavior.
- [ ] Change Date and Change License are reviewed for each affected repo/artifact.
- [ ] Final text is applied to canonical license files for Fortemi and any companion repo such as HotM if applicable.
- [ ] `docs/content/licensing.md`, README, and CE/EE distribution docs are updated consistently.
- [ ] Release note / changelog / customer notice is prepared if the grant changes user rights.
- [ ] Internal sales/support FAQ exists so public messaging does not accidentally broaden or narrow the license."
Fortemi/fortemi#721,https://git.integrolabs.net/Fortemi/fortemi/issues/721,open,EE plugin proof-of-contract: ship fortemi-enterprise-audit-jsonl,P3,,P3: Low; blocked; ci/cd; documentation; effort/medium; infrastructure; new-feature; security; testing,,,2026-06-22T22:16:33Z,75,10,D,retain-gated,"Resolve the named authority/runtime prerequisite, verify exact allow/deny and failure behavior under authenticated tenant identities, and retain the production-environment receipt.",,read,stale-60d; no-milestone; no-assignee; blocked-label-without-open-native-edge,14,https://git.integrolabs.net/Fortemi/fortemi/issues/721,evidence/Fortemi--fortemi-issues.json,"Auth, server, HotM and ITOps owners",Parallel gated Phase 2,"Resolve the named authority/runtime prerequisite, verify exact allow/deny and failure behavior under authenticated tenant identities, and retain the production-environment receipt. Map every original acceptance criterion to the exact delivered artifact or an explicit supersession decision.",2026-09-07,First qualified stable opportunity after prerequisites; expedited customer/security patch when justified. No phase-date promise.,audit-355,"- [ ] Crate `fortemi-enterprise-audit-jsonl` is scaffolded from `.aiwg/templates/ee-plugin-crate/` or an updated equivalent.
- [ ] Implements `AuditSink` writing JSONL to a configurable target.
- [ ] Each output line is a valid JSON object, encoded as UTF-8, terminated by `\n`, and parseable by a JSONL validator or equivalent test harness.
- [ ] Implements `Plugin` lifecycle hooks and health check.
- [ ] Asserts plugin contract/ABI compatibility at construction.
- [ ] Has unit and integration tests against the core audit test harness.
- [ ] Demonstrates idempotent `emit` behavior under repeated idempotency key.
- [ ] Handles flush/shutdown and write failures according to #711 failure policy.
- [ ] Tests cover unsafe path targets, log-injection payloads, oversized records, disk/write failure, and optional rotation behavior.
- [ ] Can be composed into an EE build via a documented Cargo feature.
- [ ] Published to the chosen private registry once #716 lands.
- [ ] Signed/attested once #722 lands, unless explicitly accepted as an unsigned internal prototype.
- [ ] Documentation exists at `docs/ee/audit-sinks/jsonl.md` or equivalent.
- [ ] Closure evidence includes an EE build consuming the private artifact through the intended registry path; a local-only crate or template scaffold is not enough."
Fortemi/fortemi#722,https://git.integrolabs.net/Fortemi/fortemi/issues/722,open,Plugin certification & signing infrastructure,P2,,P2: Medium; blocked; ci/cd; documentation; effort/large; infrastructure; new-feature; security; testing,,,2026-06-23T02:13:04Z,75,15,D,retain-gated,"Resolve the named authority/runtime prerequisite, verify exact allow/deny and failure behavior under authenticated tenant identities, and retain the production-environment receipt.",,read,stale-60d; no-milestone; no-assignee; blocked-label-without-open-native-edge,12,https://git.integrolabs.net/Fortemi/fortemi/issues/722,evidence/Fortemi--fortemi-issues.json,"Auth, server, HotM and ITOps owners",Parallel gated Phase 2,"Resolve the named authority/runtime prerequisite, verify exact allow/deny and failure behavior under authenticated tenant identities, and retain the production-environment receipt. Map every original acceptance criterion to the exact delivered artifact or an explicit supersession decision.",2026-09-07,First qualified stable opportunity after prerequisites; expedited customer/security patch when justified. No phase-date promise.,audit-355,"- [ ] Signing policy defines trust tiers, accepted signers, verification commands, and required verification predicates.
- [ ] Policy distinguishes Class A build-time crate/binary verification from Class B/C runtime sidecar verification.
- [ ] CI signs first-party plugin artifacts by digest and publishes signatures/attestations.
- [ ] `.crate` package signing and verification path is documented with bundle handling.
- [ ] SBOM and provenance are generated and attached or published with stable lookup docs.
- [ ] Verification docs include exact commands for operator verification and expected identity/key checks.
- [ ] Class A install/build path verifies signature, provenance policy, ABI compatibility, and manifest capabilities before marking a plugin trusted.
- [ ] Runtime load path for sidecar/external plugins verifies signature/provenance/capabilities before load or connection trust.
- [ ] Revocation process is documented, including how clients learn a plugin/key has been revoked.
- [ ] Key rotation process is documented and tested.
- [ ] Plugin directory metadata includes trust tier, signer identity/key, artifact digest, versions, ABI compatibility, SBOM/provenance links, and revocation status.
- [ ] First Verified community plugin or first EE proof plugin is processed end-to-end in a non-production test directory."
Fortemi/fortemi#723,https://git.integrolabs.net/Fortemi/fortemi/issues/723,open,Define external JobRepository/JobNotifier contract before SQS plugin,P2,,P2: Medium; blocked; documentation; effort/large; enhancement; infrastructure; jobs; security; testing,,,2026-07-19T08:45:39Z,49,12,D,retain-gated,"Resolve the named authority/runtime prerequisite, verify exact allow/deny and failure behavior under authenticated tenant identities, and retain the production-environment receipt.",,read,no-milestone; no-assignee; blocked-label-without-open-native-edge,10,https://git.integrolabs.net/Fortemi/fortemi/issues/723,evidence/Fortemi--fortemi-issues.json,"Auth, server, HotM and ITOps owners",Parallel gated Phase 2,"Resolve the named authority/runtime prerequisite, verify exact allow/deny and failure behavior under authenticated tenant identities, and retain the production-environment receipt. Map every original acceptance criterion to the exact delivered artifact or an explicit supersession decision.",2026-09-07,First qualified stable opportunity after prerequisites; expedited customer/security patch when justified. No phase-date promise.,audit-355,"- [ ] Contract/ADR update maps every `JobRepository` method and `JobNotifier` behavior to provider-neutral semantics.
- [ ] Worker code no longer requires `PgJobRepository::job_notify()` directly; wake/claim behavior goes through a backend-neutral abstraction.
- [ ] Conformance tests exercise PostgreSQL and an external backend implementation against the same queue lifecycle fixtures.
- [ ] Tests cover duplicate delivery, timeout/redelivery, lease extension, crash/restart recovery, retry exhaustion, DLQ/poison jobs, tier filtering, and paused-archive filtering.
- [ ] `reap_stale_running` is either specified for all providers or replaced with a clearly documented lease/redelivery reconciliation path.
- [ ] First non-PG implementation is `fortemi-enterprise-jobs-sqs` as a Class A plugin or explicitly deferred behind a contract-only PR.
- [ ] SQS adapter documents Standard vs FIFO queue selection, visibility timeout sizing, long-poll settings, deduplication IDs, message group IDs if FIFO is used, DLQ/redrive policy, IAM permissions, KMS encryption, and CloudWatch metrics.
- [ ] Existing job handlers are audited for idempotency before SQS is marked production-ready.
- [ ] `docs/ee/job-backends.md` documents the backend matrix and operational runbook.
- [ ] Plugin distribution/signing requirements are aligned with #716 and #722 before this ships as an EE plugin."
Fortemi/fortemi#724,https://git.integrolabs.net/Fortemi/fortemi/issues/724,open,Vendor-pluggable SearchProvider for external vector stores,P2,,P2: Medium; area/search; blocked; documentation; enhancement; infrastructure; security; testing,,,2026-07-26T23:21:32Z,41,13,C,retain-gated,"Reconcile issue acceptance with current source, close the remaining exact enforcement/test cells and pass repository delivery gates before promoting the affected surface.",,read,no-milestone; no-assignee; blocked-label-without-open-native-edge,8,https://git.integrolabs.net/Fortemi/fortemi/issues/724,evidence/Fortemi--fortemi-issues.json,Server and client maintainers,Next; Phase 0 / Phase 1,"Reconcile issue acceptance with current source, close the remaining exact enforcement/test cells and pass repository delivery gates before promoting the affected surface. Map every original acceptance criterion to the exact delivered artifact or an explicit supersession decision.",2026-09-07,First qualified stable opportunity after prerequisites; expedited customer/security patch when justified. No phase-date promise.,audit-355,"- [ ] Amend or replace `SearchProvider` with a request/response contract that carries the full Fortemi candidate scope, not only `collection_id` and `tags`.
- [ ] Provider contract references #885 and explicitly requires query filters to constrain semantic/vector hits.
- [ ] Conformance test suite verifies all providers return only in-scope results for:
- [ ] First EE adapter selected and implemented: recommend Qdrant first if local/self-hosted parity matters; Pinecone or Weaviate if managed-cloud customer demand is higher.
- [ ] `SearchProvider` + `EmbeddingRepository` ownership is clarified: whether external store owns vectors, PG remains source of truth, or both are dual-written with reconciliation.
- [ ] Hybrid search behavior is configurable and documented: RRF/RSF, ColBERT/late interaction if supported, MMR, deduplication, and score thresholds.
- [ ] Failure/reconciliation behavior documented: backfill, drift detection, delete propagation, and provider outage fallback.
- [ ] Documentation: `docs/ee/search-backends.md` with backend matrix and when to leave pgvector/HNSW."
Fortemi/fortemi#725,https://git.integrolabs.net/Fortemi/fortemi/issues/725,open,Audit event hash-chaining for tamper-evidence (optional EE),P3,,P3: Low; blocked; ci/cd; documentation; effort/medium; infrastructure; new-feature; security; testing,,,2026-06-22T22:16:33Z,75,8,C,retain-gated,"Reconcile issue acceptance with current source, close the remaining exact enforcement/test cells and pass repository delivery gates before promoting the affected surface.",,read,stale-60d; no-milestone; no-assignee; blocked-label-without-open-native-edge,8,https://git.integrolabs.net/Fortemi/fortemi/issues/725,evidence/Fortemi--fortemi-issues.json,Server and client maintainers,Next; Phase 0 / Phase 1,"Reconcile issue acceptance with current source, close the remaining exact enforcement/test cells and pass repository delivery gates before promoting the affected surface. Map every original acceptance criterion to the exact delivered artifact or an explicit supersession decision.",2026-09-07,First qualified stable opportunity after prerequisites; expedited customer/security patch when justified. No phase-date promise.,audit-355,"- [ ] Hash-chain mode is implemented in an EE audit sink or a clearly named reference sink.
- [ ] Canonicalization is deterministic and covered by golden-vector tests.
- [ ] Chain scope and checkpoint policy are documented.
- [ ] Crash/restart and concurrent-write behavior are tested.
- [ ] Verification tool detects modification, deletion, insertion, duplication, and reordering cases.
- [ ] Verification supports signed checkpoints or explicitly documents why not.
- [ ] Docs distinguish tamper evidence from WORM/retention enforcement.
- [ ] Operator docs include recommended storage backends and retention settings."
Fortemi/fortemi#726,https://git.integrolabs.net/Fortemi/fortemi/issues/726,open,[#707 sub-1] Multi-tenant schema migration — tenant_id column + RLS,P0,,P0: Blocker; area/auth; documentation; effort/large; infrastructure; new-feature; security; testing,Hosted auth and multi-tenancy launch gate,,2026-09-04T22:47:51Z,1,14,D,retain-gated,"Refresh delivered construction versus remaining route, lifecycle and production evidence. ITOps #345/#348/#349 are open; complete exact tenant/RLS, KMS, quota, audit and stored-inference cells before hosted promotion.",,read,no-assignee,23,https://git.integrolabs.net/Fortemi/fortemi/issues/726,evidence/Fortemi--fortemi-issues.json,"Auth, server, HotM and ITOps owners",Parallel gated Phase 2,"Resolve the named authority/runtime prerequisite, verify exact allow/deny and failure behavior under authenticated tenant identities, and retain the production-environment receipt. Map every original acceptance criterion to the exact delivered artifact or an explicit supersession decision.",2026-09-07,First qualified stable opportunity after prerequisites; expedited customer/security patch when justified. No phase-date promise.,audit-355,"- [ ] Produce a table inventory classifying every table as tenant-scoped, system-scoped, public/reference, migration-only, or exempt.
- [ ] Include at least notes/content, attachments/blob metadata, collections/tags/templates/SKOS, extraction jobs/results, embedding sets/configs, archive registry, OAuth/auth tables, audit-like tables, realtime call sessions, webhooks/inbound sources, event outbox, system config, PKE/keyset tables, future `user_secrets`, and usage/audit ledgers from #713/#910.
- [ ] For every exempt/system/public table, document why no tenant RLS policy applies and what authorization or route guard protects it.
- [ ] Reconcile existing nullable `note.tenant_id` and tenant indexes from the initial migration before adding ADR-090 `NOT NULL`/RLS semantics.
- [ ] Review unique constraints and foreign keys for cross-tenant leakage or collision risk; add tenant-qualified unique indexes/composite FKs where required.
- [ ] New migration `migrations/2026XXXX_tenant_id_and_rls.sql` or equivalent sequenced migration set.
- [ ] Add `tenant_id UUID` to every tenant-scoped table first, backfill, then enforce `NOT NULL`.
- [ ] Backfill existing HotM/single-tenant data with ADR-090's synthetic tenant: `00000000-0000-0000-0000-000000000000`.
- [ ] Add B-tree index on `tenant_id` for every RLS-protected table.
- [ ] Add composite indexes where query shape requires them, such as `(tenant_id, created_at)`, `(tenant_id, note_id)`, `(tenant_id, archive_id)`, `(tenant_id, provider)`, and `(tenant_id, revoked_at)`.
- [ ] Verify foreign key relationships cannot cross tenant boundaries; use composite FKs or repository assertions where appropriate.
- [ ] `ALTER TABLE ... ENABLE ROW LEVEL SECURITY` on every tenant-scoped table.
- [ ] `ALTER TABLE ... FORCE ROW LEVEL SECURITY` on every tenant-scoped table.
- [ ] Per-table policies read `current_setting('app.current_tenant')::uuid`:
- [ ] Missing or empty `app.current_tenant` fails closed; do not use `missing_ok=true` defaults that can expose rows.
- [ ] Owner/maintenance roles and migration roles are separated from the hosted runtime role covered by #727.
- [ ] Migration runs cleanly on a representative snapshot.
- [ ] Reverse migration or rollback procedure is tested and documented.
- [ ] Row counts match pre/post migration.
- [ ] Table inventory confirms every current table is either RLS-protected or explicitly exempt with rationale.
- [ ] CI catalog query confirms tenant-scoped tables have RLS enabled, `FORCE ROW LEVEL SECURITY`, and policies referencing `app.current_tenant`.
- [ ] pgvector/search paths preserve tenant filtering before or during scoring, with #729 owning the release-gate regression test.
- [ ] Archive `search_path` behavior and tenant RLS behavior are verified together with #728, not independently."
Fortemi/fortemi#727,https://git.integrolabs.net/Fortemi/fortemi/issues/727,open,[#707 sub-2] Database role hardening — NOSUPERUSER NOBYPASSRLS + startup assertion + CI lint,P0,,P0: Blocker; area/auth; blocked; documentation; effort/medium; infrastructure; new-feature; security; testing,Hosted auth and multi-tenancy launch gate,,2026-09-04T22:47:51Z,1,11,D,retain-gated,"Refresh delivered construction versus remaining route, lifecycle and production evidence. ITOps #345/#348/#349 are open; complete exact tenant/RLS, KMS, quota, audit and stored-inference cells before hosted promotion.",Fortemi/fortemi#726,read,no-assignee,18,https://git.integrolabs.net/Fortemi/fortemi/issues/727,evidence/Fortemi--fortemi-issues.json,"Auth, server, HotM and ITOps owners",Parallel gated Phase 2,"Resolve the named authority/runtime prerequisite, verify exact allow/deny and failure behavior under authenticated tenant identities, and retain the production-environment receipt. Map every original acceptance criterion to the exact delivered artifact or an explicit supersession decision.",2026-09-07,First qualified stable opportunity after prerequisites; expedited customer/security patch when justified. No phase-date promise.,audit-355,"- [ ] Document the role provisioning SQL, for example `CREATE ROLE matric_api WITH LOGIN NOSUPERUSER NOBYPASSRLS NOCREATEDB NOCREATEROLE NOREPLICATION` plus the finalized grants.
- [ ] Use separate owner/migration and runtime roles; the hosted runtime role must not own tenant-scoped tables.
- [ ] Update deployment docs (`docs/deployment/`) with the role-creation runbook and migration-vs-runtime credential split.
- [ ] Grant exactly the privileges the app needs; nothing more.
- [ ] Document backup/maintenance/admin roles separately so operational access does not quietly become the app runtime role.
- [ ] On connection acquisition/startup, `matric-api` queries `SELECT rolname, rolsuper, rolbypassrls FROM pg_roles WHERE rolname = current_user`.
- [ ] Fail-closed if `rolsuper=true` or `rolbypassrls=true`.
- [ ] Fail-closed in hosted mode if the runtime role owns tenant-scoped tables unless those tables are verified as `FORCE ROW LEVEL SECURITY` and the ownership is explicitly approved.
- [ ] Log the assertion result on every startup (info level on success, error+abort on failure).
- [ ] Test: configured with a privileged role, the app refuses to start.
- [ ] Test: configured as a tenant-table owner without the approved force-RLS posture, the app refuses to start.
- [ ] CI step queries `pg_class`, `pg_policy`, and role/catalog ownership metadata for the tenant-scoped table inventory from #726.
- [ ] Fail the build if any tenant-scoped user-data table has `relrowsecurity = false`.
- [ ] Fail the build if any tenant-scoped user-data table lacks `relforcerowsecurity = true`.
- [ ] Fail the build if any tenant-scoped table has no policy referencing `current_setting('app.current_tenant')`.
- [ ] Fail the build if the hosted runtime role is superuser, has `BYPASSRLS`, or owns tenant-scoped tables outside the approved forced-RLS posture.
- [ ] Meta-test (TI-9 from #707 sub-item 4): a contrived migration adding a new table without RLS should fail this check.
- [ ] Add a catalog check or schema review for unique/FK/REFERENCES leak risk identified in #726; row security does not cover every integrity-check side channel."
Fortemi/fortemi#728,https://git.integrolabs.net/Fortemi/fortemi/issues/728,open,[#707 sub-3] fortemi-auth-axum middleware + SET LOCAL tenant binding,P0,,P0: Blocker; area/auth; area/rest-api; blocked; documentation; effort/large; infrastructure; new-feature; security; testing,Hosted auth and multi-tenancy launch gate,,2026-09-04T22:47:51Z,1,27,D,retain-gated,"Refresh delivered construction versus remaining route, lifecycle and production evidence. ITOps #345/#348/#349 are open; complete exact tenant/RLS, KMS, quota, audit and stored-inference cells before hosted promotion.",Fortemi/fortemi#726; Fortemi/fortemi-auth#1,read,no-assignee,17,https://git.integrolabs.net/Fortemi/fortemi/issues/728,evidence/Fortemi--fortemi-issues.json,"Auth, server, HotM and ITOps owners",Parallel gated Phase 2,"Resolve the named authority/runtime prerequisite, verify exact allow/deny and failure behavior under authenticated tenant identities, and retain the production-environment receipt. Map every original acceptance criterion to the exact delivered artifact or an explicit supersession decision.",2026-09-07,First qualified stable opportunity after prerequisites; expedited customer/security patch when justified. No phase-date promise.,audit-355,"- [ ] Add `fortemi-auth-axum` through the approved distribution path: private registry from #716, or a pinned `v0.1.0` git tag only for pre-release validation.
- [ ] CI credentials/deploy key configured only if the selected distribution path still requires them.
- [ ] No floating branch, local path, or unpinned git dependency in release configuration.
- [ ] Wrap API router in `fortemi_auth_axum::auth_layer(config)`.
- [ ] Configure with the selected hosted OAuth/OIDC provider via fortemi-auth provider adapters.
- [ ] Auth config sourced from environment/secret manager (customer ID, audience, JWKS URL override for dev), without logging raw tokens or provider secrets.
- [ ] Health/readiness endpoints exempt only by explicit route inventory from #710 (`/health/*`, `/v1/manifest`, and any documented public endpoints).
- [ ] `REQUIRE_AUTH=true` is the default; any sidecar/dev bypass must be an explicit mode with a synthesized single-tenant `AuthContext`.
- [ ] Acquire a connection from the pool and immediately begin a transaction.
- [ ] Read `Extension<AuthContext>` from the request.
- [ ] Execute `SET LOCAL app.current_tenant = $1` with `auth_context.tenant_id` before the first tenant-scoped query.
- [ ] Run handler logic inside the same transaction through `TenantScopedConn`/equivalent; raw pooled connections are not available to handlers that touch tenant data.
- [ ] Commit on success / rollback on error.
- [ ] Preserve existing archive `search_path` scoping by setting archive schema and tenant GUC in the same transaction, with tests for ordering and rollback.
- [ ] Support transaction-mode pooling; session-scoped tenant state is forbidden.
- [ ] Document the pooling-mode invariant in `crates/matric-api/README.md` and deployment docs.
- [ ] Add startup/config validation that rejects known-incompatible pooling/session settings when hosted auth is enabled."
Fortemi/fortemi#729,https://git.integrolabs.net/Fortemi/fortemi/issues/729,open,[#707 sub-4] Tenant-isolation regression suite TI-1..TI-16 (release gate),P0,,P0: Blocker; area/auth; area/rest-api; blocked; documentation; effort/large; infrastructure; new-feature; security; testing,Hosted auth and multi-tenancy launch gate,,2026-08-25T11:27:24Z,12,16,D,dependency-held,"Implementation/test receipts are recorded, but native dependencies #726/#727/#728 remain open. Resolve their actual production evidence before administrative closure; do not remove edges just to force closure.",Fortemi/fortemi#726; Fortemi/fortemi#727; Fortemi/fortemi#728,read,no-assignee,23,https://git.integrolabs.net/Fortemi/fortemi/issues/729,evidence/Fortemi--fortemi-issues.json,"Auth, server, HotM and ITOps owners",Parallel gated Phase 2,"Resolve the named authority/runtime prerequisite, verify exact allow/deny and failure behavior under authenticated tenant identities, and retain the production-environment receipt. Map every original acceptance criterion to the exact delivered artifact or an explicit supersession decision.",2026-09-07,First qualified stable opportunity after prerequisites; expedited customer/security patch when justified. No phase-date promise.,audit-355,"- [ ] **TI-1**: `test_user_b_cannot_list_user_a_notes`
- [ ] **TI-2**: `test_user_b_cannot_fetch_user_a_note_by_uuid` (must return 404/not-found semantics, not tenant existence leakage)
- [ ] **TI-3**: `test_user_b_cannot_update_user_a_note`
- [ ] **TI-4**: `test_user_b_cannot_delete_user_a_note`
- [ ] **TI-5**: `test_user_b_cannot_insert_into_user_a_collection`
- [ ] **TI-6**: `test_same_connection_reused_between_users_isolates` (per-request `SET LOCAL` correctness under pooled connection reuse)
- [ ] **TI-7**: `test_sql_injection_in_search_string_cannot_bypass_rls`
- [ ] **TI-8**: `test_vector_similarity_search_filters_by_tenant_before_or_during_scoring` (pgvector/search-specific release gate)
- [ ] **TI-9**: `test_new_table_without_rls_fails_ci` (meta-test via `pg_class`/`pg_policy`)
- [ ] **TI-10**: `test_role_lacks_bypassrls_and_superuser` (startup assertion from #727)
- [ ] **TI-11**: unset or empty `app.current_tenant` fails closed; it must never expose all rows.
- [ ] **TI-12**: archive `search_path` scoping and tenant `SET LOCAL` survive rollback/commit boundaries without leaking into the next request.
- [ ] **TI-13**: background job and outbox tables are either tenant-scoped by test or explicitly classified as exempt with a documented rationale from #726.
- [ ] **TI-14**: BYO-secret/provider-key tables from #730 are tenant-scoped once that schema lands, or this test is queued as a dependent follow-up before hosted launch.
- [ ] **TI-15**: public/exempt routes from #710 cannot reach tenant-scoped query helpers without an `AuthContext`/`TenantScopedConn`.
- [ ] **TI-16**: tenant-qualified unique constraints, foreign keys, and `REFERENCES` paths do not create cross-tenant existence leaks or cross-tenant associations; where PostgreSQL integrity checks bypass RLS, schema design or repository assertions close the gap.
- [ ] Each test is independently named, executable, and CI-gated (`cargo test --test isolation` or equivalent exits 0).
- [ ] CI runs against a real Postgres with RLS enabled and the same runtime role posture required by #727.
- [ ] TI-9 uses a contrived migration fixture that adds an unprotected table; assertion catches it.
- [ ] TI-10 tests startup-blocked-on-superuser, startup-blocked-on-`BYPASSRLS`, startup-blocked-on-unapproved-table-owner posture, and startup-succeeds-on-clean-role.
- [ ] TI-16 includes at least one insert/update path that would have leaked via a global unique/FK if tenant qualification were missing.
- [ ] Middleware and helper coverage proves no tenant-scoped handler can obtain a raw pooled connection.
- [ ] Tests include at least one pooled connection reuse scenario and one missing-tenant-state scenario."
Fortemi/fortemi#730,https://git.integrolabs.net/Fortemi/fortemi/issues/730,open,[#707 sub-5] BYO-LLM secret storage endpoints backed by KeyProvider,P0,,P0: Blocker; area/auth; area/rest-api; documentation; effort/large; infrastructure; new-feature; security; testing,Hosted auth and multi-tenancy launch gate,,2026-08-25T09:46:55Z,12,21,D,retain-gated,"Refresh delivered construction versus remaining route, lifecycle and production evidence. ITOps #345/#348/#349 are open; complete exact tenant/RLS, KMS, quota, audit and stored-inference cells before hosted promotion.",Fortemi/fortemi#734; Fortemi/fortemi#726; Fortemi/fortemi#728,read,no-assignee,28,https://git.integrolabs.net/Fortemi/fortemi/issues/730,evidence/Fortemi--fortemi-issues.json,"Auth, server, HotM and ITOps owners",Parallel gated Phase 2,"Resolve the named authority/runtime prerequisite, verify exact allow/deny and failure behavior under authenticated tenant identities, and retain the production-environment receipt. Map every original acceptance criterion to the exact delivered artifact or an explicit supersession decision.",2026-09-07,First qualified stable opportunity after prerequisites; expedited customer/security patch when justified. No phase-date promise.,audit-355,"- [ ] `POST /v1/user/secrets`
- [ ] `GET /v1/user/secrets`
- [ ] `DELETE /v1/user/secrets/{id}`
- [ ] New migration: `user_secrets` table with fields derived from #734/#897 `EncryptedBlob` / `WrappedKey` rather than hand-rolled route-local crypto fields.
- [ ] Expected field families: `(id, tenant_id, user_id, provider, name, encrypted_key_blob, wrapped_dek, kek_id, key_provider_kind, key_purpose, key_context_version, revoked_at, created_at, last_used_at)` or the finalized equivalents from #897.
- [ ] Store enough metadata to reconstruct the exact versioned AAD/context from trusted `(tenant_id, user_id, secret_id, provider, purpose, schema_version)` state.
- [ ] Do not accept caller-supplied AAD/encryption context in the POST body.
- [ ] Indexes: `(tenant_id, user_id, provider, revoked_at)` for list and active-key lookup.
- [ ] `tenant_id NOT NULL` per the multi-tenancy invariant (#707 sub-item 1).
- [ ] Row-level security policies prevent cross-tenant reads/writes before these endpoints are exposed in hosted mode.
- [ ] Uses `KeyProvider` from #734; no raw KMS SDK calls in endpoint handlers.
- [ ] Uses the AWS KMS launch contract from #897 for AAD/context, failure classification, and plaintext DEK policy.
- [ ] Per-secret envelope encryption: fresh DEK + local AEAD-encrypted secret blob + wrapped DEK.
- [ ] Uses #734/#897 canonical AAD/encryption context: tenant id, user/secret id, provider, purpose, context version, and schema/table family as finalized.
- [ ] Plaintext provider key and plaintext DEK lifetime is minimized; no caching in storage endpoints.
- [ ] No raw key material, plaintext length where sensitive, provider Authorization header, encrypted blob, wrapped key, KMS ciphertext blob, or full provider URL appears in logs, errors, metrics labels, audit attrs, or API output.
- [ ] Masking is deterministic enough for user recognition but not enough to recover or fingerprint complete keys; document provider-specific mask rules.
- [ ] Emits audit events through #711/#910 for create/list/delete/revoke failures, without raw secrets.
- [ ] Create/delete behavior under KMS unavailable follows #734/#897 degraded-mode matrix; hosted mode fails closed.
- [ ] KEK rotation/rewrap procedure from #734 covers this table before this issue is complete.
- [ ] Operator docs cover provider-key revocation, user support flow, and what Fortemi can/cannot recover.
- [ ] Endpoints exist and are protected by AuthContext + tenant/RLS enforcement.
- [ ] `user_secrets` schema stores only encrypted secret material and #734/#897 metadata.
- [ ] POST stores through `KeyProvider`; GET returns masked metadata only; DELETE is idempotent revoke.
- [ ] No raw secrets appear in logs, errors, traces, metrics labels, audit attrs, or responses under tests.
- [ ] KMS unavailable/decrypt denied/provider failure behavior follows #734/#897 and fails closed in hosted mode.
- [ ] Rotation/rewrap test covers at least one stored secret row.
- [ ] #731 can consume active secrets without changing the storage schema."
Fortemi/fortemi#731,https://git.integrolabs.net/Fortemi/fortemi/issues/731,open,[#707 sub-6] Hosted BYO-LLM proxy using stored secrets and shared inference policy,P0,,P0: Blocker; area/auth; area/rest-api; documentation; effort/large; infrastructure; new-feature; security; testing,Hosted auth and multi-tenancy launch gate,,2026-08-25T11:27:25Z,12,27,D,dependency-held,Retain the delivered internal enterprise source tuple. Native prerequisite #730 and hosted ITOps #348/#349 evidence remain open; coordinate #1099 breaker qualification without claiming hosted readiness.,Fortemi/fortemi#730,read,no-assignee,38,https://git.integrolabs.net/Fortemi/fortemi/issues/731,evidence/Fortemi--fortemi-issues.json,"Auth, server, HotM and ITOps owners",Parallel gated Phase 2,"Resolve the named authority/runtime prerequisite, verify exact allow/deny and failure behavior under authenticated tenant identities, and retain the production-environment receipt. Map every original acceptance criterion to the exact delivered artifact or an explicit supersession decision.",2026-09-07,First qualified stable opportunity after prerequisites; expedited customer/security patch when justified. No phase-date promise.,audit-355,"- [ ] Chat/generation through the current inference provider abstraction, using stored user secrets.
- [ ] Embeddings through the current inference provider abstraction, using stored user secrets.
- [ ] Model/provider listing that returns only providers/models allowed for the caller and deployment.
- [ ] Optional later surfaces: images, transcriptions, or OpenAI-compatible compatibility routes via the UMG track.
- [ ] Resolve user, tenant, principal, scopes, and request id from `AuthContext`.
- [ ] Authorize inference action through #710 once available.
- [ ] Look up active key for `(tenant_id, user_id, provider/profile/secret_id)` from #730 `user_secrets`.
- [ ] Decrypt only through `KeyProvider`/`EncryptedBlob` metadata from #734.
- [ ] Resolve provider destination through trusted provider/profile config and #920 outbound destination policy.
- [ ] Construct provider request with the decrypted key in the provider-specific auth header.
- [ ] Stream response back to the client where applicable.
- [ ] Zeroize plaintext provider key and plaintext DEK as far as practical immediately after request construction/use.
- [ ] Update `last_used_at` asynchronously and non-blockingly without delaying response streaming.
- [ ] Metadata-only logging by default: endpoint/route family, provider/profile id, model, latency, status, token counts when available, tenant/user ids in redacted/approved form, and request/correlation id.
- [ ] Audit events through #711/#910 for key use success/failure, decrypt denied, provider destination denied, provider call denied, and admin/debug override attempts.
- [ ] Usage events through #713 for tokens/request counts/provider calls once available.
- [ ] Per-tenant and per-user quota enforcement through #714 before hosted production exposure.
- [ ] Provider-side rate-limit errors are propagated cleanly without leaking upstream headers that contain sensitive account details.
- [ ] Consume the shared #920 destination-policy helper rather than adding a separate URL policy.
- [ ] Provider destinations come from trusted server-side provider/profile config by default.
- [ ] If custom provider base URLs are allowed for local/dev or operator-approved self-hosted providers, they require explicit allowlist policy for scheme, host/domain, port, TLS, redirect behavior, and private-network permission.
- [ ] Reject loopback, link-local, RFC1918/private ranges, cloud metadata endpoints, unsafe schemes, and redirect targets outside policy unless an operator allowlist explicitly permits that destination class.
- [ ] Logs/audit record safe provider/profile ids and denial reason codes, not full credential-bearing URLs or query strings.
- [ ] Timeout per request configurable; default inherited from the current inference config unless product/SRE changes it.
- [ ] Circuit breaker on provider outages, scoped by provider/model/account where practical.
- [ ] Backpressure behavior for streaming responses is defined and tested.
- [ ] KMS unavailable/decrypt denied follows #734/#897 degraded-mode matrix; hosted mode fails closed.
- [ ] Revoked secrets stop new requests immediately; in-flight requests use the decision made at request start unless #734/#730 define stricter revocation semantics.
- [ ] Endpoints use AuthContext + tenant/RLS context and cannot access another user's secret.
- [ ] Requests use only active stored secrets from #730; inline keys are rejected.
- [ ] Decrypt/unwrap happens only through #734 `KeyProvider`.
- [ ] Provider destinations are validated through #920 before any network probe or provider request.
- [ ] Prompt/response bodies, Authorization headers, provider secrets, full provider URLs, encrypted blobs, wrapped DEKs, and raw KMS/provider errors are absent from logs, errors, metrics labels, audit attrs, and traces under tests.
- [ ] Streaming chat/generation handles client disconnect, provider timeout, destination-policy denial, and provider rate-limit responses safely.
- [ ] `last_used_at` update is non-blocking and failure does not leak or fail successful inference.
- [ ] Quota/metering hooks are present or explicitly blocked until #713/#714 land.
- [ ] Revoked/missing/decrypt-denied key paths return stable, non-enumerating errors.
- [ ] Route/protocol choice is aligned with existing `/api/v1/inference/*` and UMG compatibility work before implementation starts."
Fortemi/fortemi#732,https://git.integrolabs.net/Fortemi/fortemi/issues/732,open,[#707 sub-7] /v1/manifest endpoint (HotM mobile runtime config contract),P0,,P0: Blocker; area/rest-api; blocked; documentation; effort/medium; infrastructure; new-feature; security; testing,Hosted auth and multi-tenancy launch gate,,2026-08-24T18:39:59Z,13,6,D,retain-gated,"Resolve the named authority/runtime prerequisite, verify exact allow/deny and failure behavior under authenticated tenant identities, and retain the production-environment receipt.",Fortemi/fortemi#728,read,no-assignee,19,https://git.integrolabs.net/Fortemi/fortemi/issues/732,evidence/Fortemi--fortemi-issues.json,"Auth, server, HotM and ITOps owners",Parallel gated Phase 2,"Resolve the named authority/runtime prerequisite, verify exact allow/deny and failure behavior under authenticated tenant identities, and retain the production-environment receipt. Map every original acceptance criterion to the exact delivered artifact or an explicit supersession decision.",2026-09-07,First qualified stable opportunity after prerequisites; expedited customer/security patch when justified. No phase-date promise.,audit-355,"- [ ] Add `GET /v1/manifest` route to matric-api.
- [ ] Response schema matches `manifest-schema-v1.md` exactly:
- [ ] `auth`: `{ issuer, audience, client_id_for_native, oauth_endpoints }`
- [ ] `models`: array of `{ id, provider, capabilities, max_context, requires_byok }`
- [ ] `feature_flags`: keyed by flag name
- [ ] `tier_limits`: per-tier limits (free/pro/team/enterprise or launch SKUs)
- [ ] `min_supported_client_version`: kill-switch for old clients
- [ ] `server_version`: matric-api build version
- [ ] ETag computed from a stable canonical serialization of the manifest content.
- [ ] Honor `If-None-Match`: respond `304 Not Modified` with the required cache validators/headers.
- [ ] Cache-Control: `public, max-age=300, stale-while-revalidate=600` unless launch ops chooses a shorter TTL.
- [ ] Manifest source is config-driven and reloadable without restart, or the issue explicitly records why restart-only is acceptable for launch.
- [ ] No tenant-specific, user-specific, secret, internal host, or provider credential material appears in the public manifest.
- [ ] Smoke: `GET /v1/manifest` returns 200 with valid schema.
- [ ] ETag round-trip: 200 then 304 with matching ETag.
- [ ] 304 response preserves `ETag` and cache headers.
- [ ] Schema validation: response matches `manifest-schema-v1.md` via shared schema or checked-in fixture.
- [ ] No auth required: works with no Authorization header when `REQUIRE_AUTH=true`.
- [ ] Negative test: manifest cannot include secrets or tenant/user-specific values."
Fortemi/fortemi#733,https://git.integrolabs.net/Fortemi/fortemi/issues/733,open,[ADR-090] Multi-tenancy: shared-schema + Postgres RLS implementation umbrella,P0,,P0: Blocker; area/auth; documentation; effort/large; epic; infrastructure; new-feature; security; testing,Hosted auth and multi-tenancy launch gate,,2026-09-04T22:47:51Z,1,12,D,retain-gated,"Refresh delivered construction versus remaining route, lifecycle and production evidence. ITOps #345/#348/#349 are open; complete exact tenant/RLS, KMS, quota, audit and stored-inference cells before hosted promotion.",Fortemi/fortemi#729; Fortemi/fortemi#726; Fortemi/fortemi#727; Fortemi/fortemi#728,read,no-assignee,7,https://git.integrolabs.net/Fortemi/fortemi/issues/733,evidence/Fortemi--fortemi-issues.json,"Auth, server, HotM and ITOps owners",Parallel gated Phase 2,"Resolve the named authority/runtime prerequisite, verify exact allow/deny and failure behavior under authenticated tenant identities, and retain the production-environment receipt. Map every original acceptance criterion to the exact delivered artifact or an explicit supersession decision.",2026-09-07,First qualified stable opportunity after prerequisites; expedited customer/security patch when justified. No phase-date promise.,audit-355,"- [ ] #726, #727, #728, and #729 are merged and their release-gate checks are enforced in CI
- [ ] Table inventory exists and explicitly covers outbox, jobs, audit, search/vector, BYO-secret, public/reference, and system-scoped tables
- [ ] Root and crate migration paths are reconciled so partial/nullable legacy tenant metadata cannot be mistaken for ADR-090 completion
- [ ] RLS close-out checklist covers BYPASSRLS/superuser/table-owner posture, `FORCE ROW LEVEL SECURITY`, `current_setting('app.current_tenant')`, referential-integrity/unique-constraint leak review, and PgBouncer/SQLx transaction-pooling compatibility
- [ ] ADR-090 escalation-trigger monitoring is wired (lightweight metric: per-tenant table footprint sampled weekly, plus documented query/connection pressure source)
- [ ] Operations runbook for tenant onboarding + tenant offboarding exists in `docs/operations/`, including the synthetic all-zero tenant used for sidecar/single-tenant mode
- [ ] ADR-090 itself is updated to mark ""Construction complete"" with link to v0.X release"
Fortemi/fortemi#734,https://git.integrolabs.net/Fortemi/fortemi/issues/734,open,[ADR-093] KeyProvider trait + AWS KMS launch implementation umbrella,P0,,P0: Blocker; area/auth; documentation; effort/large; epic; infrastructure; new-feature; security; testing,Hosted auth and multi-tenancy launch gate,,2026-08-25T09:46:55Z,12,27,D,retain-gated,"Refresh delivered construction versus remaining route, lifecycle and production evidence. ITOps #345/#348/#349 are open; complete exact tenant/RLS, KMS, quota, audit and stored-inference cells before hosted promotion.",,read,no-assignee,25,https://git.integrolabs.net/Fortemi/fortemi/issues/734,evidence/Fortemi--fortemi-issues.json,"Auth, server, HotM and ITOps owners",Parallel gated Phase 2,"Resolve the named authority/runtime prerequisite, verify exact allow/deny and failure behavior under authenticated tenant identities, and retain the production-environment receipt. Map every original acceptance criterion to the exact delivered artifact or an explicit supersession decision.",2026-09-07,First qualified stable opportunity after prerequisites; expedited customer/security patch when justified. No phase-date promise.,audit-355,"- [ ] Define `KeyProvider` in `crates/matric-crypto/src/provider.rs` or equivalent.
- [ ] Define purpose-scoped operations, such as `generate_dek`, `wrap_dek`, `unwrap_dek`, and `rewrap_dek`, rather than exposing raw master-key operations.
- [ ] Define `WrappedKey` / `EncryptedBlob` metadata: provider kind, provider key identity (for AWS: configured key ARN/alias plus returned `KeyId`), AWS `KeyMaterialId` when returned, wrapped DEK, nonce/IV, AEAD tag, algorithm/version byte, key purpose, and tenant/auth context binding metadata.
- [ ] `Debug` / `Display` implementations redact ciphertext, wrapped keys, plaintext lengths where sensitive, and all raw key material.
- [ ] Unit tests prove no raw key material appears in formatted errors or logs.
- [ ] Implement `EnvKeyProvider` only for HotM desktop sidecar / explicit dev mode.
- [ ] `EnvKeyProvider` refuses to construct when multi-tenant/hosted mode is enabled.
- [ ] Use HKDF/domain separation per ADR-093 for local derivation; no ad hoc KDF or cross-purpose key reuse.
- [ ] Implement AWS KMS data-key wrapping/unwrapping with a symmetric KMS key and Fortemi's versioned non-secret encryption context.
- [ ] The decrypt path reconstructs encryption context from trusted DB/AuthContext state, not caller-supplied fields.
- [ ] Startup assertion: hosted multi-tenant mode fails closed unless the configured AWS KMS provider is reachable and allowed to decrypt/wrap for the configured key. `DescribeKey` alone is not sufficient; use #897's dry-run/canary semantics.
- [ ] Provider failures have explicit degraded-mode behavior: sensitive operations fail closed; no fallback to env/file KEK in hosted mode.
- [ ] Plaintext DEKs are zeroized as soon as practical. Any hosted-mode DEK cache is default-off unless #897 defines strict security thresholds and audit behavior.
- [ ] AWS KMS provisioning runbook for the launch provider.
- [ ] KEK/key-material rotation and rewrap procedure in `docs/operations/key-rotation.md`.
- [ ] Test: AWS automatic/on-demand key-material rotation or manual alias cutover is modeled correctly for the configured key type; old blobs still decrypt; new blobs use current key material/provider metadata; rewrap is idempotent.
- [ ] Test: disabled/revoked KEK fails decryption cleanly without panic.
- [ ] `docs/architecture/cryptographic-decisions.md` covering AEAD choice, KDF/domain-separation posture, AWS KMS launch provider choice, encryption context/AAD shape, degraded modes, DEK lifetime/cache policy, rotation/rewrap semantics, and applied-cryptographer review.
- [ ] `KeyProvider` trait and core types are implemented, documented, and tested in `matric-crypto`.
- [ ] Local `EnvKeyProvider` works only in single-tenant/dev mode and refuses hosted multi-tenant mode.
- [ ] AWS KMS provider works against live dev KMS with the #897 AAD/fail-closed contract.
- [ ] Rotation/rewrap procedure is verified end-to-end without assuming AWS KMS changes the key id during normal key-material rotation.
- [ ] #730 uses this trait; no direct raw KMS calls in endpoint handlers.
- [ ] No raw key material is logged, formatted, or returned.
- [ ] Official provider docs for the AWS launch KMS are linked in the implementation docs."
Fortemi/fortemi#736,https://git.integrolabs.net/Fortemi/fortemi/issues/736,open,feat(storage): referenced/BYO directory backend with explicit scan and rescan workflow,P1,,P1: High; area/archives; area/attachments; area/extraction; blocked; documentation; effort/large; epic; infrastructure; new-feature; security; testing,Referenced storage follow-up,,2026-07-06T16:46:07Z,62,16,F,retain-gated,"Resolve source containment, scanner, error, derived-storage and transfer policy first; implement the issue in dependency order, with source-no-write, quarantine and isolation tests before rollout.",,read,stale-60d; no-assignee; blocked-label-without-open-native-edge,9,https://git.integrolabs.net/Fortemi/fortemi/issues/736,evidence/Fortemi--fortemi-issues.json,"Server storage, jobs and API maintainers","Phase 4; design-first, not current release P0","Resolve source containment, scanner, error, derived-storage and transfer policy first; implement the issue in dependency order, with source-no-write, quarantine and isolation tests before rollout. Map every original acceptance criterion to the exact delivered artifact or an explicit supersession decision.",2026-09-07,First qualified stable opportunity after prerequisites; expedited customer/security patch when justified. No phase-date promise.,audit-355,"- [ ] Referenced archives can be created only when `source_path` is under an allowed root.
- [ ] Scan-and-ingest creates registry/cache entries without copying source bytes into managed blob storage.
- [ ] Extraction/indexing can read source files through the referenced-file path safely.
- [ ] Mutating routes reject Referenced archives where writes would affect source files.
- [ ] Secret/path screening quarantines sensitive files before extraction.
- [ ] Derived artifacts are written under Fortemi-managed derived storage.
- [ ] Scan status, counters, and quarantine state are visible through API/MCP/doc surfaces.
- [ ] Regression gates prove traversal safety, tenant boundaries, mount disappearance behavior, and no data loss on drop/uninstall.
- [ ] Operator docs explain Managed vs Referenced mode, deployment prerequisites, rollback, and limitations."
Fortemi/fortemi#738,https://git.integrolabs.net/Fortemi/fortemi/issues/738,open,epic(matric-db): Referenced storage backend abstraction and read-only file source,P0,,P0: Blocker; area/archives; area/crud; area/extraction; effort/large; epic; infrastructure; new-feature; security; testing,Referenced storage follow-up,,2026-07-06T16:46:07Z,62,6,F,execute,"Resolve source containment, scanner, error, derived-storage and transfer policy first; implement the issue in dependency order, with source-no-write, quarantine and isolation tests before rollout.",,read,stale-60d; no-assignee,7,https://git.integrolabs.net/Fortemi/fortemi/issues/738,evidence/Fortemi--fortemi-issues.json,"Server storage, jobs and API maintainers","Phase 4; design-first, not current release P0","Resolve source containment, scanner, error, derived-storage and transfer policy first; implement the issue in dependency order, with source-no-write, quarantine and isolation tests before rollout. Map every original acceptance criterion to the exact delivered artifact or an explicit supersession decision.",2026-09-07,First qualified stable opportunity after prerequisites; expedited customer/security patch when justified. No phase-date promise.,audit-355,"- [ ] Add `FileSource::Referenced(PathBuf)` or equivalent source variant for read-only external files.
- [ ] Add a referenced/read-only backend path that supports `read`, `exists`, and `resolve_path` against already-validated absolute paths.
- [ ] Referenced backend write/delete operations fail with an explicit read-only error and never mutate source directories.
- [ ] Add streaming BLAKE3 content hashing for large source files; hash output matches the existing in-memory hash path.
- [ ] Managed mode remains backward compatible: existing inline/filesystem storage tests pass unchanged.
- [ ] Download/extraction callers can dispatch on inline, managed filesystem, and referenced source without buffering large files when a path can be resolved safely.
- [ ] Unit/property tests cover read/exists/resolve_path, read-only write/delete failure, missing file, permission error, and streaming hash equivalence."
Fortemi/fortemi#739,https://git.integrolabs.net/Fortemi/fortemi/issues/739,open,epic(matric-db): archive registry schema and routing for Managed vs Referenced archives,P0,,P0: Blocker; area/archives; area/crud; area/extraction; area/rest-api; blocked; documentation; effort/large; epic; infrastructure; new-feature; security; testing,Referenced storage follow-up,,2026-07-06T16:46:07Z,62,5,F,retain-gated,"Resolve source containment, scanner, error, derived-storage and transfer policy first; implement the issue in dependency order, with source-no-write, quarantine and isolation tests before rollout.",,read,stale-60d; no-assignee; blocked-label-without-open-native-edge,7,https://git.integrolabs.net/Fortemi/fortemi/issues/739,evidence/Fortemi--fortemi-issues.json,"Server storage, jobs and API maintainers","Phase 4; design-first, not current release P0","Resolve source containment, scanner, error, derived-storage and transfer policy first; implement the issue in dependency order, with source-no-write, quarantine and isolation tests before rollout. Map every original acceptance criterion to the exact delivered artifact or an explicit supersession decision.",2026-09-07,First qualified stable opportunity after prerequisites; expedited customer/security patch when justified. No phase-date promise.,audit-355,"- [ ] Add a backward-compatible migration for archive registry fields: `storage_mode`, `source_path`, `scan_config`, `last_scan_at`, `scan_status`, and any counters/error fields needed by #741/#744.
- [ ] Existing archives migrate to `storage_mode='managed'` with unchanged behavior.
- [ ] `ArchiveInfo`, `ArchiveRepository`, archive cache, and `ArchiveContext` expose storage mode and scan metadata without leaking unsafe host paths to unauthorized callers.
- [ ] Referenced archive creation requires an explicit source path validated by #775 before persistence.
- [ ] Clone/export/import behavior is defined: a Referenced archive cannot be cloned into another Referenced archive without an explicit new validated `source_path`.
- [ ] Archive routing and write gates can cheaply identify Referenced archives for #744 mutating-route enforcement.
- [ ] Integration tests cover migration on existing data, managed backward compatibility, cache TTL refresh with new fields, clone refusal/default behavior, and auth/path redaction boundaries."
Fortemi/fortemi#740,https://git.integrolabs.net/Fortemi/fortemi/issues/740,open,epic(matric-jobs): ignore-aware scan walker with mandatory secret pre-scan,P0,,P0: Blocker; area/archives; area/extraction; blocked; effort/large; epic; infrastructure; jobs; new-feature; security; testing,Referenced storage follow-up,,2026-07-06T16:46:07Z,62,6,F,retain-gated,"Resolve source containment, scanner, error, derived-storage and transfer policy first; implement the issue in dependency order, with source-no-write, quarantine and isolation tests before rollout.",,read,stale-60d; no-assignee; blocked-label-without-open-native-edge,9,https://git.integrolabs.net/Fortemi/fortemi/issues/740,evidence/Fortemi--fortemi-issues.json,"Server storage, jobs and API maintainers","Phase 4; design-first, not current release P0","Resolve source containment, scanner, error, derived-storage and transfer policy first; implement the issue in dependency order, with source-no-write, quarantine and isolation tests before rollout. Map every original acceptance criterion to the exact delivered artifact or an explicit supersession decision.",2026-09-07,First qualified stable opportunity after prerequisites; expedited customer/security patch when justified. No phase-date promise.,audit-355,"- [ ] Add `ignore` crate dependency and a `scan_walker` module wrapping `ignore::WalkBuilder` with Fortemi defaults.
- [ ] Respect `.gitignore`/ignore semantics for common fixture trees: Rust `target`, Python venv, Node dependencies/build output, nested ignore files, and mixed repositories.
- [ ] Enforce configurable file size cap with a conservative default for v1.
- [ ] Path denylist quarantines files such as `.env`, private keys, credential stores, and token files before content extraction.
- [ ] Content secret scan quarantines PEM headers, AWS-style keys, GitHub-style tokens, JWT-like values, and other configured signatures without storing or logging matched secret values.
- [ ] Symlink handling is explicit: symlink loops cannot hang scans; out-of-root symlinks are skipped and counted; in-root symlinks follow policy only if enabled.
- [ ] Permission-denied paths are counted and reported without failing the whole scan.
- [ ] Parallel walking is bounded by config and the project parallelism cap; default should be conservative.
- [ ] Tests cover ignore behavior, path denylist, content scan, symlink loop/out-of-root behavior, permission-denied handling, max size, no-secret-in-logs, and deterministic counters."
Fortemi/fortemi#741,https://git.integrolabs.net/Fortemi/fortemi/issues/741,open,epic(matric-jobs): DirectoryScan job pipeline for Referenced archive ingestion,P0,,P0: Blocker; area/archives; area/extraction; blocked; documentation; effort/large; epic; infrastructure; jobs; new-feature; security; testing,Referenced storage follow-up,,2026-06-22T23:08:57Z,75,5,F,retain-gated,"Resolve source containment, scanner, error, derived-storage and transfer policy first; implement the issue in dependency order, with source-no-write, quarantine and isolation tests before rollout.",,read,stale-60d; no-assignee; blocked-label-without-open-native-edge,8,https://git.integrolabs.net/Fortemi/fortemi/issues/741,evidence/Fortemi--fortemi-issues.json,"Server storage, jobs and API maintainers","Phase 4; design-first, not current release P0","Resolve source containment, scanner, error, derived-storage and transfer policy first; implement the issue in dependency order, with source-no-write, quarantine and isolation tests before rollout. Map every original acceptance criterion to the exact delivered artifact or an explicit supersession decision.",2026-09-07,First qualified stable opportunity after prerequisites; expedited customer/security patch when justified. No phase-date promise.,audit-355,"- [ ] Add `JobType::DirectoryScan` and a `DirectoryScanHandler` or equivalent job handler.
- [ ] Pipeline order is explicit: validate archive/source state, walk via #740, compute streaming BLAKE3 hash via #738, register metadata/idempotency rows, queue extraction/indexing jobs, update scan status/counters.
- [ ] Re-running a scan is idempotent by content hash and source path identity; unchanged files do not duplicate notes/chunks/attachments.
- [ ] Source files are registered/read as referenced sources; derived artifacts are written to Fortemi-managed derived storage (#743/#768), never beside source files.
- [ ] `archive_registry.scan_status` transitions are durable and observable: `idle -> scanning -> idle|error`, with counters for scanned, skipped, quarantined, errors, and duration.
- [ ] Search smoke test proves ingested referenced content appears through existing search paths.
- [ ] Mount/source disappearance is handled without data loss: job fails clearly, preserves last known metadata, and does not delete managed derivatives unless an explicit cleanup policy says so.
- [ ] Tests cover a fixture repo scan, rescan idempotency, search visibility, source disappearance, derived artifact location, error transition, and no write to source tree."
Fortemi/fortemi#742,https://git.integrolabs.net/Fortemi/fortemi/issues/742,open,"epic(matric-jobs): Referenced live update detection — deferred v2 RFC, no v1 implementation",P3,,P3: Low; area/archives; area/extraction; blocked; documentation; effort/large; epic; infrastructure; jobs; new-feature; testing,Referenced storage v2 live-update deferred,,2026-09-06T20:31:04Z,75,7,M,defer,Retain as a gated optional track. Revisit only after its parent phase or named external authority is delivered and a product need activates it; record owner and review trigger rather than age-based closure.,,read,stale-60d; no-assignee; blocked-label-without-open-native-edge,10,https://git.integrolabs.net/Fortemi/fortemi/issues/742,evidence/Fortemi--fortemi-issues.json,Product owner and relevant component maintainer,Later; explicit activation trigger required,"Retain the issue with a named owner, dependency/activation trigger and next review; do not start speculative implementation or close solely because of age. Map every original acceptance criterion to the exact delivered artifact or an explicit supersession decision.",2026-10-05,First qualified stable opportunity after prerequisites; expedited customer/security patch when justified. No phase-date promise.,audit-355,"- [ ] Chosen watcher library and abstraction boundary, likely starting from the Rust `notify` ecosystem.
- [ ] Linux inotify limits, recursive watch fan-out, and large-tree watch budget behavior.
- [ ] Docker bind-mount and Docker Desktop synchronized file-share behavior, including when host filesystem events are delayed, coalesced, or unavailable.
- [ ] macOS FSEvents/dispatch-source coalescing behavior and required reconciliation scan strategy.
- [ ] Windows `ReadDirectoryChangesW` overflow/error handling, including fallback subtree enumeration after `ERROR_NOTIFY_ENUM_DIR`.
- [ ] Per-archive watcher lifecycle, failure isolation, permission model, resource caps, and observability.
- [ ] Recovery design that treats watcher events as hints and periodically reconciles with DirectoryScan so missed events do not corrupt archive state.
- [ ] Issue remains P3/deferred until the RFC is approved.
- [ ] No v1 implementation PR depends on live watch behavior.
- [ ] When the RFC is accepted, replace this epic with child issues derived from that design."
Fortemi/fortemi#743,https://git.integrolabs.net/Fortemi/fortemi/issues/743,open,epic(matric-jobs): Referenced derived artifact companion storage,P1,,P1: High; area/archives; area/extraction; blocked; documentation; effort/large; epic; infrastructure; jobs; new-feature; security; testing,Referenced storage follow-up,,2026-06-22T23:15:01Z,75,4,F,retain-gated,"Resolve source containment, scanner, error, derived-storage and transfer policy first; implement the issue in dependency order, with source-no-write, quarantine and isolation tests before rollout.",,read,stale-60d; no-assignee; blocked-label-without-open-native-edge,6,https://git.integrolabs.net/Fortemi/fortemi/issues/743,evidence/Fortemi--fortemi-issues.json,"Server storage, jobs and API maintainers","Phase 4; design-first, not current release P0","Resolve source containment, scanner, error, derived-storage and transfer policy first; implement the issue in dependency order, with source-no-write, quarantine and isolation tests before rollout. Map every original acceptance criterion to the exact delivered artifact or an explicit supersession decision.",2026-09-07,First qualified stable opportunity after prerequisites; expedited customer/security patch when justified. No phase-date promise.,audit-355,"- [ ] #768 adds and validates the derived storage root configuration.
- [ ] #769 routes thumbnails, transcripts, OCR output, media derivatives, and other `store_derived_attachment_tx` outputs for Referenced archives under the Fortemi-owned derived root.
- [ ] #770 deletes only the Fortemi-owned companion directory on archive drop and never mutates source files.
- [ ] Managed archive derived artifact behavior remains unchanged.
- [ ] Tests prove Referenced source directory contents are unchanged after extraction and archive deletion.
- [ ] Documentation/runbooks from #785/#789/#802 explain derived storage ownership and rollback behavior."
Fortemi/fortemi#744,https://git.integrolabs.net/Fortemi/fortemi/issues/744,open,"epic(matric-api): Referenced archive API surface, write gates, rescan, status, and quarantine",P0,,P0: Blocker; area/archives; area/extraction; area/rest-api; blocked; documentation; effort/large; epic; infrastructure; new-feature; security; testing,Referenced storage follow-up,,2026-06-23T00:30:58Z,75,6,F,retain-gated,"Resolve source containment, scanner, error, derived-storage and transfer policy first; implement the issue in dependency order, with source-no-write, quarantine and isolation tests before rollout.",,read,stale-60d; no-assignee; blocked-label-without-open-native-edge,8,https://git.integrolabs.net/Fortemi/fortemi/issues/744,evidence/Fortemi--fortemi-issues.json,"Server storage, jobs and API maintainers","Phase 4; design-first, not current release P0","Resolve source containment, scanner, error, derived-storage and transfer policy first; implement the issue in dependency order, with source-no-write, quarantine and isolation tests before rollout. Map every original acceptance criterion to the exact delivered artifact or an explicit supersession decision.",2026-09-07,First qualified stable opportunity after prerequisites; expedited customer/security patch when justified. No phase-date promise.,audit-355,"- [ ] Add Referenced archive creation API, either `POST /api/v1/archives/referenced` or a backwards-compatible extension to `POST /api/v1/archives`, with explicit `storage_mode`/`source_path` semantics documented.
- [ ] Create validates source path using #775 canonical root allowlist before persisting archive metadata from #739.
- [ ] Multi-tenant/hosted mode fails closed unless an explicit tenant-safe path policy exists; arbitrary host paths are not accepted from tenant users.
- [ ] Add `POST /api/v1/archives/{name}/rescan` returning `202` with job id and enqueueing #741 `DirectoryScan`.
- [ ] Add `GET /api/v1/archives/{name}/scan-status` returning scan lifecycle state, counters, last scan time, and last error without leaking unauthorized host paths.
- [ ] Add `GET /api/v1/archives/{name}/quarantined-files` per #776.
- [ ] Mutating routes that would modify source content reject Referenced archives with 403, except explicit safe operations such as rescan/status/quarantine review; response includes clear storage-mode error semantics.
- [ ] OpenAPI, authz, audit, and integration tests cover path traversal, missing source path, outside-allowlist path, managed archive behavior, rescan/status lifecycle, quarantine pagination, and write-gate enforcement."
Fortemi/fortemi#745,https://git.integrolabs.net/Fortemi/fortemi/issues/745,open,"epic(mcp-server): Referenced archive MCP create, rescan, and documentation surface",P1,,P1: High; area/archives; area/extraction; blocked; documentation; effort/medium; epic; infrastructure; mcp-api; new-feature; security; testing,Referenced storage follow-up,,2026-06-22T23:18:25Z,75,3,F,retain-gated,"Resolve source containment, scanner, error, derived-storage and transfer policy first; implement the issue in dependency order, with source-no-write, quarantine and isolation tests before rollout.",,read,stale-60d; no-assignee; blocked-label-without-open-native-edge,7,https://git.integrolabs.net/Fortemi/fortemi/issues/745,evidence/Fortemi--fortemi-issues.json,"Server storage, jobs and API maintainers","Phase 4; design-first, not current release P0","Resolve source containment, scanner, error, derived-storage and transfer policy first; implement the issue in dependency order, with source-no-write, quarantine and isolation tests before rollout. Map every original acceptance criterion to the exact delivered artifact or an explicit supersession decision.",2026-09-07,First qualified stable opportunity after prerequisites; expedited customer/security patch when justified. No phase-date promise.,audit-355,"- [ ] #777 extends `manage_archives` create schema to accept the final `storage_mode`/`source_path` fields while preserving current Managed defaults.
- [ ] #778 adds `rescan_archive` with async job-return semantics matching #772.
- [ ] #779 updates `get_documentation` and README/tool docs for Referenced capabilities and limitations.
- [ ] MCP schema validation continues to pass with no warnings.
- [ ] Existing `manage_archives` lifecycle tests continue to pass unchanged for Managed archives.
- [ ] New tests cover Referenced create validation errors, rescan job response, and docs discoverability.
- [ ] MCP implementation calls the REST/API surface and does not reimplement path allowlist, tenant, or write-gate decisions locally."
Fortemi/fortemi#746,https://git.integrolabs.net/Fortemi/fortemi/issues/746,open,"epic(security): Referenced archive isolation, quarantine, and source-safety regression suite",P0,,P0: Blocker; area/archives; area/extraction; blocked; documentation; effort/large; epic; infrastructure; security; testing,Referenced storage follow-up,,2026-06-22T22:34:07Z,75,5,F,retain-gated,"Resolve source containment, scanner, error, derived-storage and transfer policy first; implement the issue in dependency order, with source-no-write, quarantine and isolation tests before rollout.",,read,stale-60d; no-assignee; blocked-label-without-open-native-edge,7,https://git.integrolabs.net/Fortemi/fortemi/issues/746,evidence/Fortemi--fortemi-issues.json,"Server storage, jobs and API maintainers","Phase 4; design-first, not current release P0","Resolve source containment, scanner, error, derived-storage and transfer policy first; implement the issue in dependency order, with source-no-write, quarantine and isolation tests before rollout. Map every original acceptance criterion to the exact delivered artifact or an explicit supersession decision.",2026-09-07,First qualified stable opportunity after prerequisites; expedited customer/security patch when justified. No phase-date promise.,audit-355,"- [ ] #780 covers path traversal, symlink escape, root allowlist, and tenant-boundary regressions.
- [ ] #781 covers secret pre-scan quarantine behavior and proves no secret content is persisted/logged/indexed.
- [ ] #782 covers write-gate enforcement across mutating API routes for Referenced archives.
- [ ] #783 covers source disappearance, stale-source behavior, drop safety, and derived cleanup regressions.
- [ ] #797 defines the aggregate CI gate and references the actual workflow/test command once implementation lands.
- [ ] Supporting component tests #790-#796 cover DB, jobs, API, and MCP surfaces without duplicating every security assertion.
- [ ] Tests prove operator source files are never modified by scan, extraction, delete, rescan, or rollback paths."
Fortemi/fortemi#747,https://git.integrolabs.net/Fortemi/fortemi/issues/747,open,"epic(docs): Referenced storage operator, API, MCP, deployment, and runbook docs",P1,,P1: High; area/archives; area/extraction; blocked; documentation; effort/large; epic; infrastructure; security; testing,Referenced storage follow-up,,2026-06-22T23:18:26Z,75,4,F,retain-gated,"Resolve source containment, scanner, error, derived-storage and transfer policy first; implement the issue in dependency order, with source-no-write, quarantine and isolation tests before rollout.",,read,stale-60d; no-assignee; blocked-label-without-open-native-edge,8,https://git.integrolabs.net/Fortemi/fortemi/issues/747,evidence/Fortemi--fortemi-issues.json,"Server storage, jobs and API maintainers","Phase 4; design-first, not current release P0","Resolve source containment, scanner, error, derived-storage and transfer policy first; implement the issue in dependency order, with source-no-write, quarantine and isolation tests before rollout. Map every original acceptance criterion to the exact delivered artifact or an explicit supersession decision.",2026-09-07,First qualified stable opportunity after prerequisites; expedited customer/security patch when justified. No phase-date promise.,audit-355,"- [ ] #784 adds a concise operator quick reference in the appropriate provider-facing docs after API/MCP behavior lands.
- [ ] #785 documents read-only bind mounts, Referenced root allowlist setup, derived storage path setup, and hosted/default-off posture.
- [ ] #786 updates the multi-memory/agent guide to explain Managed vs Referenced archive choices.
- [ ] #787 adds the canonical Referenced storage operator guide.
- [ ] #788 documents the actual REST/OpenAPI surface after routes land.
- [ ] #789 adds runbooks for stuck scans, source unavailable, quarantine review, cleanup, and rollback.
- [ ] #798 validates the docs with a clean walkthrough against the real feature flag/env names from #799.
- [ ] #802 provides production rollout and soft-rollback guidance tied to the same docs."
Fortemi/fortemi#748,https://git.integrolabs.net/Fortemi/fortemi/issues/748,open,feat(matric-db): add Referenced file source variant for external read-only paths,P0,,P0: Blocker; area/archives; area/crud; area/extraction; documentation; effort/medium; infrastructure; new-feature; security; testing,Referenced storage follow-up,,2026-06-22T23:10:58Z,75,6,F,execute,"Resolve source containment, scanner, error, derived-storage and transfer policy first; implement the issue in dependency order, with source-no-write, quarantine and isolation tests before rollout.",,read,stale-60d; no-assignee,7,https://git.integrolabs.net/Fortemi/fortemi/issues/748,evidence/Fortemi--fortemi-issues.json,"Server storage, jobs and API maintainers","Phase 4; design-first, not current release P0","Resolve source containment, scanner, error, derived-storage and transfer policy first; implement the issue in dependency order, with source-no-write, quarantine and isolation tests before rollout. Map every original acceptance criterion to the exact delivered artifact or an explicit supersession decision.",2026-09-07,First qualified stable opportunity after prerequisites; expedited customer/security patch when justified. No phase-date promise.,audit-355,"- [ ] Add `FileSource::Referenced(...)` or equivalent explicit variant for referenced, read-only source files.
- [ ] The variant does not let arbitrary user-supplied absolute paths bypass #775/#890 root enforcement.
- [ ] All match arms over `FileSource` are updated deliberately; no fallback maps Referenced to managed filesystem behavior.
- [ ] Constructors/docs make the invariant clear: Referenced sources are created only after source-root validation and policy gates are available.
- [ ] Download/extraction metadata can carry Referenced source identity without forcing large file reads into memory.
- [ ] Debug/log/API representations redact raw host topology unless an explicitly approved admin-only diagnostic path exists.
- [ ] Tests cover dispatch/exhaustiveness, redaction expectations, invalid source-shape rejection, and round trip through any serialization path that actually exists. If `FileSource` is intentionally not serialized, document that instead of adding artificial serde."
Fortemi/fortemi#749,https://git.integrolabs.net/Fortemi/fortemi/issues/749,open,feat(matric-db): implement read-only ReferencedBackend after root enforcement decision,P0,,P0: Blocker; area/archives; area/crud; area/extraction; blocked; documentation; effort/medium; infrastructure; new-feature; security; testing,Referenced storage follow-up,,2026-06-22T23:10:58Z,75,7,F,retain-gated,"Resolve source containment, scanner, error, derived-storage and transfer policy first; implement the issue in dependency order, with source-no-write, quarantine and isolation tests before rollout.",,read,stale-60d; no-assignee; blocked-label-without-open-native-edge,8,https://git.integrolabs.net/Fortemi/fortemi/issues/749,evidence/Fortemi--fortemi-issues.json,"Server storage, jobs and API maintainers","Phase 4; design-first, not current release P0","Resolve source containment, scanner, error, derived-storage and transfer policy first; implement the issue in dependency order, with source-no-write, quarantine and isolation tests before rollout. Map every original acceptance criterion to the exact delivered artifact or an explicit supersession decision.",2026-09-07,First qualified stable opportunity after prerequisites; expedited customer/security patch when justified. No phase-date promise.,audit-355,"- [ ] Add `ReferencedBackend` or equivalent read-only backend implementing the existing storage abstraction.
- [ ] `read(...)` uses the final #890 model and returns stable not-found/unreachable/escape-denied errors when the source disappears, becomes unreadable, or fails containment.
- [ ] `exists(...)` returns `Ok(false)` for ordinary missing source paths and does not treat disappearance as a panic-level failure.
- [ ] `resolve_path(...)` returns a filesystem path only when the final #890 model permits doing so safely for downstream streaming/path adapters.
- [ ] `write` and `delete` return a typed read-only error and never mutate source files.
- [ ] Backend ownership of allowlist decisions is explicit: either #775 centralizes validation before this backend, or this backend performs the final containment check at every access boundary.
- [ ] Logs/errors do not expose raw host absolute paths to normal API/MCP clients.
- [ ] Tests cover read/exists/resolve_path, read-only write/delete, missing path, permission denied, post-validation symlink/path replacement, root escape denial, and no source mutation."
Fortemi/fortemi#750,https://git.integrolabs.net/Fortemi/fortemi/issues/750,open,feat(matric-db): streaming BLAKE3 content hash helper for large Referenced files,P1,,P1: High; area/archives; area/crud; area/extraction; documentation; effort/medium; infrastructure; new-feature; security; testing,Referenced storage follow-up,,2026-06-22T23:13:09Z,75,4,F,execute,"Resolve source containment, scanner, error, derived-storage and transfer policy first; implement the issue in dependency order, with source-no-write, quarantine and isolation tests before rollout.",,read,stale-60d; no-assignee,6,https://git.integrolabs.net/Fortemi/fortemi/issues/750,evidence/Fortemi--fortemi-issues.json,"Server storage, jobs and API maintainers","Phase 4; design-first, not current release P0","Resolve source containment, scanner, error, derived-storage and transfer policy first; implement the issue in dependency order, with source-no-write, quarantine and isolation tests before rollout. Map every original acceptance criterion to the exact delivered artifact or an explicit supersession decision.",2026-09-07,First qualified stable opportunity after prerequisites; expedited customer/security patch when justified. No phase-date promise.,audit-355,"- [ ] Add `compute_content_hash_stream(path: &Path)` or a reader-based equivalent that hashes in bounded chunks.
- [ ] Output is bit-identical to `compute_content_hash` for identical bytes over small/medium fixtures.
- [ ] Chunk size is documented and configurable/testable enough to cover boundary conditions.
- [ ] Errors for missing, permission-denied, and mid-read failure are typed or mapped consistently for DirectoryScan handling.
- [ ] Tests use bounded fixture sizes and table/property-style inputs. Avoid requiring a real 1GB fixture or an unstable memory benchmark in normal CI.
- [ ] DirectoryScan (#741/#763) uses this helper rather than reading full Referenced source files into memory."
Fortemi/fortemi#751,https://git.integrolabs.net/Fortemi/fortemi/issues/751,open,feat(matric-db): dispatch Referenced file reads through archive storage mode,P0,,P0: Blocker; area/archives; area/crud; area/extraction; blocked; documentation; effort/medium; infrastructure; new-feature; security; testing,Referenced storage follow-up,,2026-06-22T23:13:09Z,75,3,F,retain-gated,"Resolve source containment, scanner, error, derived-storage and transfer policy first; implement the issue in dependency order, with source-no-write, quarantine and isolation tests before rollout.",,read,stale-60d; no-assignee; blocked-label-without-open-native-edge,8,https://git.integrolabs.net/Fortemi/fortemi/issues/751,evidence/Fortemi--fortemi-issues.json,"Server storage, jobs and API maintainers","Phase 4; design-first, not current release P0","Resolve source containment, scanner, error, derived-storage and transfer policy first; implement the issue in dependency order, with source-no-write, quarantine and isolation tests before rollout. Map every original acceptance criterion to the exact delivered artifact or an explicit supersession decision.",2026-09-07,First qualified stable opportunity after prerequisites; expedited customer/security patch when justified. No phase-date promise.,audit-355,"- [ ] Repository read dispatch uses the final persisted model (`storage_mode='referenced'` and/or root-bound `FileSource::Referenced(...)`) rather than an ad hoc per-blob selector.
- [ ] Managed/default filesystem dispatch remains unchanged and covered by regression tests.
- [ ] Referenced source reads route through the Referenced backend only after source-path validation and allowlist gates are available.
- [ ] API attachment serving handles Referenced sources deliberately: large-file streaming, range behavior, missing-source errors, and thumbnail/sprite derived artifacts have explicit behavior rather than wildcard fallthrough.
- [ ] Worker direct-access mode treats Referenced source paths as read-only. Any optimized/transcoded/derived output is written under the Fortemi-owned derived root from #768/#769/#904, never copied back over the operator-owned source file.
- [ ] Invalid or unsupported storage-mode/source combinations fail closed with a typed storage error, not a fallback to managed filesystem behavior.
- [ ] Debug logs, job progress, adapter config, API errors, and audit events do not leak raw host topology except through an intentionally admin-only diagnostic path.
- [ ] Tests cover managed reads, referenced reads, invalid mode/source combinations, API download/streaming behavior, worker direct-access behavior, and no mutation of referenced source paths."
Fortemi/fortemi#752,https://git.integrolabs.net/Fortemi/fortemi/issues/752,open,feat(migrations): add Referenced storage fields to archive_registry,P0,,P0: Blocker; area/archives; area/crud; area/extraction; blocked; documentation; effort/medium; infrastructure; new-feature; security; testing,Referenced storage follow-up,,2026-06-22T23:13:06Z,75,6,F,retain-gated,"Resolve source containment, scanner, error, derived-storage and transfer policy first; implement the issue in dependency order, with source-no-write, quarantine and isolation tests before rollout.",,read,stale-60d; no-assignee; blocked-label-without-open-native-edge,7,https://git.integrolabs.net/Fortemi/fortemi/issues/752,evidence/Fortemi--fortemi-issues.json,"Server storage, jobs and API maintainers","Phase 4; design-first, not current release P0","Resolve source containment, scanner, error, derived-storage and transfer policy first; implement the issue in dependency order, with source-no-write, quarantine and isolation tests before rollout. Map every original acceptance criterion to the exact delivered artifact or an explicit supersession decision.",2026-09-07,First qualified stable opportunity after prerequisites; expedited customer/security patch when justified. No phase-date promise.,audit-355,"- [ ] Add a migration for `archive_registry` fields: `storage_mode`, `source_path`, `scan_config`, `last_scan_at`, `scan_status`, and any scan counters/error columns accepted by #739/#741/#744.
- [ ] `storage_mode` is non-null with safe default `managed` and constrained to accepted values.
- [ ] `scan_status` is non-null with safe default `idle` and constrained to accepted values.
- [ ] Existing managed-only databases migrate cleanly; all pre-existing rows remain managed/idle with unchanged behavior.
- [ ] Optional fields remain nullable where they are not meaningful for Managed archives.
- [ ] Development/test rollback removes added fields cleanly if this project maintains down migrations.
- [ ] Migration tests in #791 prove backward compatibility on existing archive rows."
Fortemi/fortemi#753,https://git.integrolabs.net/Fortemi/fortemi/issues/753,open,feat(matric-db): extend ArchiveInfo and ArchiveRepository with Referenced storage fields,P0,,P0: Blocker; area/archives; area/crud; area/extraction; blocked; documentation; effort/medium; infrastructure; new-feature; security; testing,Referenced storage follow-up,,2026-06-22T23:13:07Z,75,4,F,retain-gated,"Resolve source containment, scanner, error, derived-storage and transfer policy first; implement the issue in dependency order, with source-no-write, quarantine and isolation tests before rollout.",,read,stale-60d; no-assignee; blocked-label-without-open-native-edge,6,https://git.integrolabs.net/Fortemi/fortemi/issues/753,evidence/Fortemi--fortemi-issues.json,"Server storage, jobs and API maintainers","Phase 4; design-first, not current release P0","Resolve source containment, scanner, error, derived-storage and transfer policy first; implement the issue in dependency order, with source-no-write, quarantine and isolation tests before rollout. Map every original acceptance criterion to the exact delivered artifact or an explicit supersession decision.",2026-09-07,First qualified stable opportunity after prerequisites; expedited customer/security patch when justified. No phase-date promise.,audit-355,"- [ ] Extend `ArchiveInfo` with storage mode and scan metadata fields from #752 using backward-compatible serde/default behavior where needed.
- [ ] Extend repository query mapping in `crates/matric-db/src/archives.rs` for get/list/default/archive-cache paths.
- [ ] Preserve Managed semantics for existing callers; missing/new fields default to managed/idle only where that is safe and explicit.
- [ ] Avoid leaking raw `source_path` to unauthorized API consumers; expose display/redacted path policy through API layer or a separate DTO if needed.
- [ ] Compile all crates that depend on `ArchiveInfo`/`ArchiveRepository` and update tests/fixtures for new fields.
- [ ] Tests in #791 cover round-trip, cache refresh, managed backward compatibility, and redaction/display behavior."
Fortemi/fortemi#754,https://git.integrolabs.net/Fortemi/fortemi/issues/754,open,feat(matric-db): add create_referenced_archive() convenience method,P0,,P0: Blocker; area/archives; area/crud; area/extraction; blocked; effort/medium; infrastructure; new-feature; security; testing,Referenced storage follow-up,,2026-06-22T23:13:07Z,75,4,F,retain-gated,"Resolve source containment, scanner, error, derived-storage and transfer policy first; implement the issue in dependency order, with source-no-write, quarantine and isolation tests before rollout.",,read,stale-60d; no-assignee; blocked-label-without-open-native-edge,8,https://git.integrolabs.net/Fortemi/fortemi/issues/754,evidence/Fortemi--fortemi-issues.json,"Server storage, jobs and API maintainers","Phase 4; design-first, not current release P0","Resolve source containment, scanner, error, derived-storage and transfer policy first; implement the issue in dependency order, with source-no-write, quarantine and isolation tests before rollout. Map every original acceptance criterion to the exact delivered artifact or an explicit supersession decision.",2026-09-07,First qualified stable opportunity after prerequisites; expedited customer/security patch when justified. No phase-date promise.,audit-355,"- [ ] `create_referenced_archive(name, validated_source_identity, scan_config) -> Result<ArchiveInfo>` or equivalent helper is implemented after the final schema fields exist.
- [ ] Successful call sets `storage_mode='referenced'`, persists the final validated source identity from #775/#890, and initializes scan state to `idle`.
- [ ] Successful call preserves existing per-archive schema creation behavior.
- [ ] Helper rejects internally inconsistent mode/source combinations with a typed error.
- [ ] Helper does not accept arbitrary caller-provided absolute paths unless #890 explicitly chooses canonical absolute-path revalidation as the source-authority model.
- [ ] Integration test creates a Referenced archive against a validated temp source under the final policy and asserts persisted `storage_mode='referenced'` plus expected scan defaults.
- [ ] Tests cover managed archives remaining unchanged and invalid combinations such as `referenced` without source identity or `managed` with referenced-only fields populated.
- [ ] Source-root allowlisting, canonicalization policy, and request validation remain covered by #775/#771/#890 and their tests."
Fortemi/fortemi#755,https://git.integrolabs.net/Fortemi/fortemi/issues/755,open,feat(matric-db): verify drop_archive_schema never mutates Referenced source files,P0,,P0: Blocker; area/archives; area/crud; area/extraction; blocked; documentation; effort/medium; infrastructure; new-feature; security; testing,Referenced storage follow-up,,2026-06-22T23:13:08Z,75,4,F,retain-gated,"Resolve source containment, scanner, error, derived-storage and transfer policy first; implement the issue in dependency order, with source-no-write, quarantine and isolation tests before rollout.",,read,stale-60d; no-assignee; blocked-label-without-open-native-edge,6,https://git.integrolabs.net/Fortemi/fortemi/issues/755,evidence/Fortemi--fortemi-issues.json,"Server storage, jobs and API maintainers","Phase 4; design-first, not current release P0","Resolve source containment, scanner, error, derived-storage and transfer policy first; implement the issue in dependency order, with source-no-write, quarantine and isolation tests before rollout. Map every original acceptance criterion to the exact delivered artifact or an explicit supersession decision.",2026-09-07,First qualified stable opportunity after prerequisites; expedited customer/security patch when justified. No phase-date promise.,audit-355,"- [ ] Drop/delete code distinguishes Referenced source entries from Fortemi-managed blobs/derived artifacts using the final archive-level storage model.
- [ ] Dropping a Referenced archive never calls delete/write against the Referenced source backend or source paths.
- [ ] Source directory filesystem listing/checksums before and after drop are unchanged in tests.
- [ ] Fortemi-managed derived artifacts are removed only according to #743/#768/#770 policy.
- [ ] Partial cleanup failure is observable and retryable without touching source files.
- [ ] Tests coordinate with #783 so DB-level and API-level drop-safety expectations match."
Fortemi/fortemi#756,https://git.integrolabs.net/Fortemi/fortemi/issues/756,open,feat(matric-api): extend DefaultArchiveCache and ArchiveContext middleware to carry storage_mode,P0,,P0: Blocker; area/archives; area/extraction; area/rest-api; blocked; documentation; effort/medium; infrastructure; new-feature; security; testing,Referenced storage follow-up,,2026-06-22T23:11:01Z,75,4,F,retain-gated,"Resolve source containment, scanner, error, derived-storage and transfer policy first; implement the issue in dependency order, with source-no-write, quarantine and isolation tests before rollout.",,read,stale-60d; no-assignee; blocked-label-without-open-native-edge,5,https://git.integrolabs.net/Fortemi/fortemi/issues/756,evidence/Fortemi--fortemi-issues.json,"Server storage, jobs and API maintainers","Phase 4; design-first, not current release P0","Resolve source containment, scanner, error, derived-storage and transfer policy first; implement the issue in dependency order, with source-no-write, quarantine and isolation tests before rollout. Map every original acceptance criterion to the exact delivered artifact or an explicit supersession decision.",2026-09-07,First qualified stable opportunity after prerequisites; expedited customer/security patch when justified. No phase-date promise.,audit-355,"- [ ] `ArchiveContext` in `crates/matric-api/src/middleware/archive_routing.rs` carries storage mode using the final shared type/string representation.
- [ ] `DefaultArchiveCache` preserves existing TTL behavior while caching the new field.
- [ ] Existing managed-archive routing tests still pass.
- [ ] New helper such as `ArchiveContext::is_referenced() -> bool` is available to downstream handlers.
- [ ] Cache invalidation or immutability assumptions are documented; if storage mode is immutable after create, tests should encode that expectation."
Fortemi/fortemi#757,https://git.integrolabs.net/Fortemi/fortemi/issues/757,open,chore(Cargo): add ignore crate dependency for Referenced ScanWalker,P0,,P0: Blocker; area/archives; area/extraction; documentation; effort/small; infrastructure; security; testing,Referenced storage follow-up,,2026-06-22T21:38:42Z,75,3,F,execute,"Resolve source containment, scanner, error, derived-storage and transfer policy first; implement the issue in dependency order, with source-no-write, quarantine and isolation tests before rollout.",,read,stale-60d; no-assignee,5,https://git.integrolabs.net/Fortemi/fortemi/issues/757,evidence/Fortemi--fortemi-issues.json,"Server storage, jobs and API maintainers","Phase 4; design-first, not current release P0","Resolve source containment, scanner, error, derived-storage and transfer policy first; implement the issue in dependency order, with source-no-write, quarantine and isolation tests before rollout. Map every original acceptance criterion to the exact delivered artifact or an explicit supersession decision.",2026-09-07,First qualified stable opportunity after prerequisites; expedited customer/security patch when justified. No phase-date promise.,audit-355,"- [ ] Add `ignore` to the workspace dependencies in `Cargo.toml` at the version accepted by cargo resolution, with a preference for current compatible `0.4.x` unless the repo policy pins otherwise.
- [ ] Add `ignore = { workspace = true }` to `crates/matric-jobs/Cargo.toml` if the scanner lives in `matric-jobs`.
- [ ] `Cargo.lock` is updated by normal cargo tooling.
- [ ] `cargo build -p matric-jobs` succeeds.
- [ ] Existing cargo audit/deny checks continue to pass; if a supply-chain advisory appears, document the decision instead of suppressing silently."
Fortemi/fortemi#758,https://git.integrolabs.net/Fortemi/fortemi/issues/758,open,feat(matric-jobs): implement ignore-aware ScanWalker for Referenced sources,P0,,P0: Blocker; area/archives; area/extraction; blocked; documentation; effort/large; infrastructure; jobs; new-feature; security; testing,Referenced storage follow-up,,2026-06-22T23:11:32Z,75,6,F,retain-gated,"Resolve source containment, scanner, error, derived-storage and transfer policy first; implement the issue in dependency order, with source-no-write, quarantine and isolation tests before rollout.",,read,stale-60d; no-assignee; blocked-label-without-open-native-edge,8,https://git.integrolabs.net/Fortemi/fortemi/issues/758,evidence/Fortemi--fortemi-issues.json,"Server storage, jobs and API maintainers","Phase 4; design-first, not current release P0","Resolve source containment, scanner, error, derived-storage and transfer policy first; implement the issue in dependency order, with source-no-write, quarantine and isolation tests before rollout. Map every original acceptance criterion to the exact delivered artifact or an explicit supersession decision.",2026-09-07,First qualified stable opportunity after prerequisites; expedited customer/security patch when justified. No phase-date promise.,audit-355,"- [ ] Add `ScanWalker` or equivalent around `ignore::WalkBuilder`.
- [ ] Every relevant `WalkBuilder` option is set intentionally and documented in code/tests; do not depend on crate defaults for security behavior.
- [ ] Sensitive path classification for `.env*`, `.ssh/`, `.aws/credentials`, private keys, VCS internals, and configured denylist paths happens before normal ignore/hidden skipping where #903 requires quarantine evidence.
- [ ] The accepted ignore policy is reproducible: global gitignore, user config, `.git/info/exclude`, and parent rules above the configured root are disabled unless #903 explicitly permits them.
- [ ] Source-tree `.gitignore`/`.ignore` behavior matches #903 and is recorded in scan metadata/counters.
- [ ] Symlinks are not followed by default; out-of-root symlink targets are skipped or quarantined according to policy without logging sensitive targets to unauthorized output.
- [ ] Files over max size are skipped with a safe reason/counter; permission-denied paths are counted and do not fail the entire scan.
- [ ] Tests cover hidden sensitive files, source-tree ignores, disabled global/user ignores, VCS/dependency/cache defaults, size cap, symlink behavior, permission denied, and deterministic counters."
Fortemi/fortemi#759,https://git.integrolabs.net/Fortemi/fortemi/issues/759,open,feat(matric-jobs): path-denylist quarantine for sensitive Referenced source paths,P0,,P0: Blocker; area/archives; area/extraction; blocked; documentation; effort/medium; infrastructure; jobs; new-feature; security; testing,Referenced storage follow-up,,2026-06-22T23:11:29Z,75,7,F,retain-gated,"Resolve source containment, scanner, error, derived-storage and transfer policy first; implement the issue in dependency order, with source-no-write, quarantine and isolation tests before rollout.",,read,stale-60d; no-assignee; blocked-label-without-open-native-edge,6,https://git.integrolabs.net/Fortemi/fortemi/issues/759,evidence/Fortemi--fortemi-issues.json,"Server storage, jobs and API maintainers","Phase 4; design-first, not current release P0","Resolve source containment, scanner, error, derived-storage and transfer policy first; implement the issue in dependency order, with source-no-write, quarantine and isolation tests before rollout. Map every original acceptance criterion to the exact delivered artifact or an explicit supersession decision.",2026-09-07,First qualified stable opportunity after prerequisites; expedited customer/security patch when justified. No phase-date promise.,audit-355,"- [ ] Path denylist runs before content reads and can quarantine files based on name/path alone.
- [ ] Default patterns cover common sensitive files/directories such as `.env`, private keys/certificates, `.ssh/`, credential stores, token files, and other accepted security fixtures.
- [ ] Match emits a quarantine event with safe metadata: relative/display path, rule family/name, pattern id, severity/status, timestamp.
- [ ] File content is not opened/read for path-denylist hits; tests prove this with a panic-on-read fixture or equivalent.
- [ ] Matched path details are redacted according to the final path disclosure policy; no raw host absolute paths in unauthorized logs/API output.
- [ ] Tests cover positive and benign false-positive cases."
Fortemi/fortemi#760,https://git.integrolabs.net/Fortemi/fortemi/issues/760,open,feat(matric-jobs): bounded content-regex secret quarantine for Referenced sources,P0,,P0: Blocker; area/archives; area/extraction; blocked; documentation; effort/medium; infrastructure; jobs; new-feature; security; testing,Referenced storage follow-up,,2026-06-22T23:11:29Z,75,8,F,retain-gated,"Resolve source containment, scanner, error, derived-storage and transfer policy first; implement the issue in dependency order, with source-no-write, quarantine and isolation tests before rollout.",,read,stale-60d; no-assignee; blocked-label-without-open-native-edge,10,https://git.integrolabs.net/Fortemi/fortemi/issues/760,evidence/Fortemi--fortemi-issues.json,"Server storage, jobs and API maintainers","Phase 4; design-first, not current release P0","Resolve source containment, scanner, error, derived-storage and transfer policy first; implement the issue in dependency order, with source-no-write, quarantine and isolation tests before rollout. Map every original acceptance criterion to the exact delivered artifact or an explicit supersession decision.",2026-09-07,First qualified stable opportunity after prerequisites; expedited customer/security patch when justified. No phase-date promise.,audit-355,"- [ ] Content scan reads only a configured bounded byte window per candidate file unless a later policy explicitly permits more.
- [ ] Detector ids, rule family, severity, version, and fixture ids follow the registry shape decided in #903.
- [ ] PEM private-key header detection is covered.
- [ ] AWS access key ID detection covers documented `AKIA` and temporary `ASIA` key id prefixes with false-positive controls.
- [ ] GitHub token detection covers accepted classic prefixes and fine-grained token shape only where a reliable pattern is accepted.
- [ ] JWT-like detection is treated as heuristic and has benign false-positive controls.
- [ ] Match emits a quarantine event with safe metadata only; matched content, regex captures, file contents, and surrounding context are never logged or persisted.
- [ ] Scanner ignore/hidden ordering from #903 ensures hidden sensitive files such as `.env*` and `.ssh/*` are not silently skipped before detector/quarantine policy can act.
- [ ] No online provider validity checks run during v1 scans unless a later explicit opt-in issue approves provider calls and privacy/security handling.
- [ ] Tests cover positive fixtures and benign controls for every detector family."
Fortemi/fortemi#761,https://git.integrolabs.net/Fortemi/fortemi/issues/761,open,feat(matric-jobs): bounded parallel ScanWalker execution,P1,,P1: High; area/archives; area/extraction; blocked; documentation; effort/medium; infrastructure; jobs; new-feature; security; testing,Referenced storage follow-up,,2026-06-22T23:11:31Z,75,3,F,retain-gated,"Resolve source containment, scanner, error, derived-storage and transfer policy first; implement the issue in dependency order, with source-no-write, quarantine and isolation tests before rollout.",,read,stale-60d; no-assignee; blocked-label-without-open-native-edge,6,https://git.integrolabs.net/Fortemi/fortemi/issues/761,evidence/Fortemi--fortemi-issues.json,"Server storage, jobs and API maintainers","Phase 4; design-first, not current release P0","Resolve source containment, scanner, error, derived-storage and transfer policy first; implement the issue in dependency order, with source-no-write, quarantine and isolation tests before rollout. Map every original acceptance criterion to the exact delivered artifact or an explicit supersession decision.",2026-09-07,First qualified stable opportunity after prerequisites; expedited customer/security patch when justified. No phase-date promise.,audit-355,"- [ ] Add parallel walk path using `ignore::WalkBuilder::build_parallel()` or equivalent after #758 establishes scanner behavior.
- [ ] Worker count is bounded by Fortemi runtime configuration with conservative defaults suitable for low-resource deployments; do not hard-code unbounded `num_cpus` behavior.
- [ ] Aggregation of counters/quarantine events is thread-safe and deterministic enough for tests and operator reporting.
- [ ] Errors from worker threads are collected and reported without dropping scan events.
- [ ] Bench/perf evidence is diagnostic unless CI hardware is controlled; functional correctness must not depend on a fragile speedup threshold.
- [ ] Tests cover thread-safe callback/aggregation, cancellation/error propagation, and equivalence with sequential walker output."
Fortemi/fortemi#762,https://git.integrolabs.net/Fortemi/fortemi/issues/762,open,feat(matric-core): add DirectoryScan job type for Referenced archive scans,P0,,P0: Blocker; area/archives; area/extraction; documentation; effort/medium; infrastructure; new-feature; security; testing,Referenced storage follow-up,,2026-06-22T23:11:33Z,75,5,F,execute,"Resolve source containment, scanner, error, derived-storage and transfer policy first; implement the issue in dependency order, with source-no-write, quarantine and isolation tests before rollout.",,read,stale-60d; no-assignee,5,https://git.integrolabs.net/Fortemi/fortemi/issues/762,evidence/Fortemi--fortemi-issues.json,"Server storage, jobs and API maintainers","Phase 4; design-first, not current release P0","Resolve source containment, scanner, error, derived-storage and transfer policy first; implement the issue in dependency order, with source-no-write, quarantine and isolation tests before rollout. Map every original acceptance criterion to the exact delivered artifact or an explicit supersession decision.",2026-09-07,First qualified stable opportunity after prerequisites; expedited customer/security patch when justified. No phase-date promise.,audit-355,"- [ ] Add `DirectoryScan` job type/variant in the shared job model used by API and workers.
- [ ] Payload includes archive identity and scan mode (`full` or final equivalent) without accepting arbitrary source paths from API/MCP callers.
- [ ] Serialization/deserialization and database persistence round-trip tests pass for the new job type.
- [ ] All match arms over job type are deliberately updated; unsupported components fail closed rather than treating DirectoryScan as generic extraction.
- [ ] Existing job behavior and tests remain unchanged."
Fortemi/fortemi#763,https://git.integrolabs.net/Fortemi/fortemi/issues/763,open,"feat(matric-jobs): implement DirectoryScanHandler orchestrating walk, hash, dedup, and ingest",P0,,P0: Blocker; area/archives; area/extraction; blocked; documentation; effort/large; infrastructure; jobs; new-feature; security; testing,Referenced storage follow-up,,2026-06-22T23:11:30Z,75,5,F,retain-gated,"Resolve source containment, scanner, error, derived-storage and transfer policy first; implement the issue in dependency order, with source-no-write, quarantine and isolation tests before rollout.",,read,stale-60d; no-assignee; blocked-label-without-open-native-edge,11,https://git.integrolabs.net/Fortemi/fortemi/issues/763,evidence/Fortemi--fortemi-issues.json,"Server storage, jobs and API maintainers","Phase 4; design-first, not current release P0","Resolve source containment, scanner, error, derived-storage and transfer policy first; implement the issue in dependency order, with source-no-write, quarantine and isolation tests before rollout. Map every original acceptance criterion to the exact delivered artifact or an explicit supersession decision.",2026-09-07,First qualified stable opportunity after prerequisites; expedited customer/security patch when justified. No phase-date promise.,audit-355,"- [ ] `DirectoryScanHandler` or equivalent job handler is implemented after `JobType::DirectoryScan`, scanner, schema, source-model, and storage backend pieces exist.
- [ ] Scan start sets persisted scan state to `scanning`; success returns it to `idle` or the accepted terminal success state; failure records an `error` state and safe error context.
- [ ] The handler never accepts arbitrary source paths in job payloads from API/MCP callers; it resolves archive id + configured root/source identity through #775/#890 policy.
- [ ] For each walked file: stream hash, check existing content hash/cache, link unchanged content without duplication, and create needed archive attachment/note records.
- [ ] Referenced source file records use the final #748/#890 referenced-source model and do not copy source bytes into managed storage.
- [ ] Scanner ordering follows #903/#758: sensitive denylist/quarantine evidence is not silently lost through hidden/default ignore handling.
- [ ] Secret pre-scan/quarantine integrates with #760/#765 before extraction jobs are queued for sensitive files.
- [ ] Derived artifacts created by downstream extraction are routed under the configured Fortemi-owned derived/companion location from #904/#768/#769.
- [ ] Re-running a scan over identical content is idempotent.
- [ ] Cancellation/SIGTERM preserves enough checkpoint/progress state to resume without duplicating rows or losing scan status.
- [ ] Safe progress/counter events are emitted without logging host paths, secret matches, raw file contents, or ignored sensitive filenames to unauthorized sinks."
Fortemi/fortemi#764,https://git.integrolabs.net/Fortemi/fortemi/issues/764,open,feat(matric-jobs): route Referenced extraction through safe path-access source model,P0,,P0: Blocker; area/archives; area/extraction; blocked; documentation; effort/medium; infrastructure; jobs; new-feature; security; testing,Referenced storage follow-up,,2026-06-22T23:11:34Z,75,4,F,retain-gated,"Resolve source containment, scanner, error, derived-storage and transfer policy first; implement the issue in dependency order, with source-no-write, quarantine and isolation tests before rollout.",,read,stale-60d; no-assignee; blocked-label-without-open-native-edge,9,https://git.integrolabs.net/Fortemi/fortemi/issues/764,evidence/Fortemi--fortemi-issues.json,"Server storage, jobs and API maintainers","Phase 4; design-first, not current release P0","Resolve source containment, scanner, error, derived-storage and transfer policy first; implement the issue in dependency order, with source-no-write, quarantine and isolation tests before rollout. Map every original acceptance criterion to the exact delivered artifact or an explicit supersession decision.",2026-09-07,First qualified stable opportunity after prerequisites; expedited customer/security patch when justified. No phase-date promise.,audit-355,"- [ ] Extraction dispatch recognizes the final Referenced source representation from #748/#890/#751/#763, not a stale ad hoc per-blob string flag unless that model is explicitly reaccepted.
- [ ] Referenced text/document/media files can be extracted through path access without reading full content into memory where adapters support path input.
- [ ] Existing audio/video `_source_path` behavior remains unchanged for managed/internal flows.
- [ ] Referenced `_source_path` or equivalent adapter config is constructed only from validated archive metadata/root-bound handles; user-provided arbitrary paths are never accepted in extraction job payloads.
- [ ] If #890 chooses root-handle/capability access, extraction reads through the root-bound access helper rather than reconstructing raw absolute paths.
- [ ] If #890 chooses repeated canonical-path revalidation, extraction revalidates at open/read time and documents residual TOCTOU risk.
- [ ] If an adapter cannot safely handle path access, DirectoryScan/extraction falls back to bounded read or marks unsupported according to policy without mutating source files.
- [ ] Path access errors use typed storage/extraction errors from #902 and do not leak host topology in user-facing responses.
- [ ] Tests cover referenced path extraction, managed regression, unsupported adapter behavior, post-validation path replacement/symlink regression from #780, and no source mutation."
Fortemi/fortemi#765,https://git.integrolabs.net/Fortemi/fortemi/issues/765,open,feat(matric-db): add per-archive quarantine log for Referenced pre-scan events,P0,,P0: Blocker; area/archives; area/crud; area/extraction; blocked; documentation; effort/medium; infrastructure; new-feature; security; testing,Referenced storage follow-up,,2026-06-22T23:11:31Z,75,7,F,retain-gated,"Resolve source containment, scanner, error, derived-storage and transfer policy first; implement the issue in dependency order, with source-no-write, quarantine and isolation tests before rollout.",,read,stale-60d; no-assignee; blocked-label-without-open-native-edge,8,https://git.integrolabs.net/Fortemi/fortemi/issues/765,evidence/Fortemi--fortemi-issues.json,"Server storage, jobs and API maintainers","Phase 4; design-first, not current release P0","Resolve source containment, scanner, error, derived-storage and transfer policy first; implement the issue in dependency order, with source-no-write, quarantine and isolation tests before rollout. Map every original acceptance criterion to the exact delivered artifact or an explicit supersession decision.",2026-09-07,First qualified stable opportunity after prerequisites; expedited customer/security patch when justified. No phase-date promise.,audit-355,"- [ ] Migration adds a per-archive quarantine table such as `{archive_schema}.archive_quarantine_log` and `clone_archive_schema`/schema sync includes it for new and existing archives.
- [ ] Stored fields capture safe metadata only: stable id, root id or approved source identity, display path relative to the referenced root, rule family/name, detector id, detector version, severity/status, scanned timestamp, scan id/job id, and optional safe error context.
- [ ] File contents, matched secret values, regex captures, raw host absolute paths, surrounding context, auth headers, provider credentials, and full adapter payloads are never stored.
- [ ] DirectoryScan persists one row per quarantine event from path denylist and content pre-scan paths.
- [ ] Detector ids/rule families align with #903/#760 so tests and operator docs can identify which bounded rule fired without storing match data.
- [ ] Repository helpers expose append/list/count operations needed by #776 and #773 without bypassing tenant/archive routing.
- [ ] Retention/export behavior is classified in #900's DSAR data-scope matrix before any DSAR handler treats quarantine rows as exportable, erasable, or retained security evidence.
- [ ] Tests cover migration/sync, insert/list/count behavior, pagination source data for #776, and no-secret/no-content/no-host-path serialization."
Fortemi/fortemi#766,https://git.integrolabs.net/Fortemi/fortemi/issues/766,open,feat(matric-db): add per-archive file cache for incremental Referenced rescans,P1,,P1: High; area/archives; area/crud; area/extraction; blocked; documentation; effort/medium; infrastructure; new-feature; optimization; security; testing,Referenced storage follow-up,,2026-06-22T23:21:01Z,75,2,F,retain-gated,"Resolve source containment, scanner, error, derived-storage and transfer policy first; implement the issue in dependency order, with source-no-write, quarantine and isolation tests before rollout.",,read,stale-60d; no-assignee; blocked-label-without-open-native-edge,8,https://git.integrolabs.net/Fortemi/fortemi/issues/766,evidence/Fortemi--fortemi-issues.json,"Server storage, jobs and API maintainers","Phase 4; design-first, not current release P0","Resolve source containment, scanner, error, derived-storage and transfer policy first; implement the issue in dependency order, with source-no-write, quarantine and isolation tests before rollout. Map every original acceptance criterion to the exact delivered artifact or an explicit supersession decision.",2026-09-07,First qualified stable opportunity after prerequisites; expedited customer/security patch when justified. No phase-date promise.,audit-355,"- [ ] Migration adds a per-archive file cache table such as `{archive_schema}.archive_file_cache` and schema clone/sync includes it.
- [ ] Cache key uses the final safe relative path or stable scan path identity, not raw host absolute paths.
- [ ] Cache rows include content hash, mtime or platform-compatible modified timestamp, file size, last seen timestamp/scan id, scanner policy version/ruleset hash, and enough metadata to detect stale entries.
- [ ] DirectoryScan consults the cache before hashing only after confirming file metadata and scanner policy still match.
- [ ] Cache mismatch causes a streaming rehash and cache update.
- [ ] Detector-policy changes either invalidate affected cache rows or require a full scan mode that re-runs the path/content quarantine checks before treating cached content as visible.
- [ ] Rows for files not seen in a completed full scan are evicted or marked stale according to the accepted rescan policy.
- [ ] Tests cover cache hit, metadata mismatch, deletion/stale cleanup, path redaction, scanner-policy invalidation, and idempotent rescans."
Fortemi/fortemi#767,https://git.integrolabs.net/Fortemi/fortemi/issues/767,open,feat(matric-jobs): structured scan lifecycle logging for DirectoryScan,P1,,P1: High; area/archives; area/extraction; blocked; documentation; effort/medium; infrastructure; jobs; new-feature; security; testing,Referenced storage follow-up,,2026-06-22T23:21:02Z,75,5,F,retain-gated,"Resolve source containment, scanner, error, derived-storage and transfer policy first; implement the issue in dependency order, with source-no-write, quarantine and isolation tests before rollout.",,read,stale-60d; no-assignee; blocked-label-without-open-native-edge,6,https://git.integrolabs.net/Fortemi/fortemi/issues/767,evidence/Fortemi--fortemi-issues.json,"Server storage, jobs and API maintainers","Phase 4; design-first, not current release P0","Resolve source containment, scanner, error, derived-storage and transfer policy first; implement the issue in dependency order, with source-no-write, quarantine and isolation tests before rollout. Map every original acceptance criterion to the exact delivered artifact or an explicit supersession decision.",2026-09-07,First qualified stable opportunity after prerequisites; expedited customer/security patch when justified. No phase-date promise.,audit-355,"- [ ] DirectoryScan emits structured events for scan start, file processed/skipped, file quarantined, scan complete, scan error, and cancellation/resume where implemented.
- [ ] Events include bounded fields such as archive name/id, job id, event type, cumulative counters, safe rule ids, and duration where useful.
- [ ] Correlation/request id is propagated from create/rescan API calls into job metadata/log context where the job system supports it.
- [ ] No file contents, secret material, regex captures, or raw unauthorized absolute source paths appear in log fields.
- [ ] Log verbosity respects the existing logging/tracing configuration, including `LOG_LEVEL` behavior.
- [ ] Tests or snapshot-style checks cover representative event serialization and redaction boundaries."
Fortemi/fortemi#768,https://git.integrolabs.net/Fortemi/fortemi/issues/768,open,feat(config): add FORTEMI_DERIVED_STORAGE_PATH for Referenced companion artifacts,P1,,P1: High; area/archives; area/extraction; documentation; effort/medium; infrastructure; new-feature; security; testing,Referenced storage follow-up,,2026-06-22T23:15:01Z,75,6,F,execute,"Resolve source containment, scanner, error, derived-storage and transfer policy first; implement the issue in dependency order, with source-no-write, quarantine and isolation tests before rollout.",,read,stale-60d; no-assignee,6,https://git.integrolabs.net/Fortemi/fortemi/issues/768,evidence/Fortemi--fortemi-issues.json,"Server storage, jobs and API maintainers","Phase 4; design-first, not current release P0","Resolve source containment, scanner, error, derived-storage and transfer policy first; implement the issue in dependency order, with source-no-write, quarantine and isolation tests before rollout. Map every original acceptance criterion to the exact delivered artifact or an explicit supersession decision.",2026-09-07,First qualified stable opportunity after prerequisites; expedited customer/security patch when justified. No phase-date promise.,audit-355,"- [ ] Add `FORTEMI_DERIVED_STORAGE_PATH` parsing in the same config/startup path that owns file storage configuration.
- [ ] Default is `{FILE_STORAGE_PATH}/derived` unless the final config design chooses a different explicit default.
- [ ] Startup validates the path exists or can be created and is writable by the Fortemi process; hosted/default-off modes fail closed if validation is required.
- [ ] The path is canonicalized for later containment checks and logging uses safe display/redaction policy.
- [ ] `.env.example` and deployment docs are updated with the variable and default-off Referenced storage guidance.
- [ ] Tests cover default derivation, explicit env override, unwritable path failure, and path normalization."
Fortemi/fortemi#769,https://git.integrolabs.net/Fortemi/fortemi/issues/769,open,feat(matric-jobs): route Referenced derived artifacts to Fortemi-owned derived root,P1,,P1: High; area/archives; area/extraction; blocked; documentation; effort/medium; infrastructure; jobs; new-feature; security; testing,Referenced storage follow-up,,2026-06-22T23:15:01Z,75,7,F,retain-gated,"Resolve source containment, scanner, error, derived-storage and transfer policy first; implement the issue in dependency order, with source-no-write, quarantine and isolation tests before rollout.",,read,stale-60d; no-assignee; blocked-label-without-open-native-edge,6,https://git.integrolabs.net/Fortemi/fortemi/issues/769,evidence/Fortemi--fortemi-issues.json,"Server storage, jobs and API maintainers","Phase 4; design-first, not current release P0","Resolve source containment, scanner, error, derived-storage and transfer policy first; implement the issue in dependency order, with source-no-write, quarantine and isolation tests before rollout. Map every original acceptance criterion to the exact delivered artifact or an explicit supersession decision.",2026-09-07,First qualified stable opportunity after prerequisites; expedited customer/security patch when justified. No phase-date promise.,audit-355,"- [ ] Derived artifact routing uses archive-level storage mode from #752/#753/#756, not stale per-blob `storage_backend='referenced'` assumptions.
- [ ] For Referenced archives, derived artifacts are written under `{FORTEMI_DERIVED_STORAGE_PATH}/{archive_id}/` or the accepted companion layout.
- [ ] Managed archives retain current derived attachment behavior.
- [ ] The per-archive derived directory is created with restrictive permissions where the platform supports it.
- [ ] Existing derived attachment metadata remains compatible with downstream handlers and API reads.
- [ ] Integration tests verify thumbnail/transcript/derived-file creation for a Referenced archive does not write into the source directory."
Fortemi/fortemi#770,https://git.integrolabs.net/Fortemi/fortemi/issues/770,open,feat(matric-db): clean Referenced derived companion directory on archive drop,P1,,P1: High; area/archives; area/crud; area/extraction; blocked; documentation; effort/medium; infrastructure; new-feature; security; testing,Referenced storage follow-up,,2026-06-22T23:15:05Z,75,5,F,retain-gated,"Resolve source containment, scanner, error, derived-storage and transfer policy first; implement the issue in dependency order, with source-no-write, quarantine and isolation tests before rollout.",,read,stale-60d; no-assignee; blocked-label-without-open-native-edge,6,https://git.integrolabs.net/Fortemi/fortemi/issues/770,evidence/Fortemi--fortemi-issues.json,"Server storage, jobs and API maintainers","Phase 4; design-first, not current release P0","Resolve source containment, scanner, error, derived-storage and transfer policy first; implement the issue in dependency order, with source-no-write, quarantine and isolation tests before rollout. Map every original acceptance criterion to the exact delivered artifact or an explicit supersession decision.",2026-09-07,First qualified stable opportunity after prerequisites; expedited customer/security patch when justified. No phase-date promise.,audit-355,"- [ ] Archive drop/delete resolves the Fortemi-owned derived companion directory from the canonical derived root and archive identity.
- [ ] Cleanup removes `{derived_root}/{archive_id}/` or the accepted companion directory layout only; it never removes or mutates the Referenced source path.
- [ ] Cleanup is idempotent when the companion directory is already absent.
- [ ] Partial cleanup failures are observable and retryable without rolling into source-path deletion.
- [ ] Tests compare source directory listing/checksums before and after drop for Referenced archives.
- [ ] Tests cover existing Managed archive drop behavior as a regression."
Fortemi/fortemi#771,https://git.integrolabs.net/Fortemi/fortemi/issues/771,open,feat(matric-api): POST /api/v1/archives/referenced create-with-source-path-validation,P0,,P0: Blocker; area/archives; area/extraction; area/rest-api; blocked; documentation; effort/medium; infrastructure; new-feature; security; testing,Referenced storage follow-up,,2026-06-22T23:11:30Z,75,5,F,retain-gated,"Resolve source containment, scanner, error, derived-storage and transfer policy first; implement the issue in dependency order, with source-no-write, quarantine and isolation tests before rollout.",,read,stale-60d; no-assignee; blocked-label-without-open-native-edge,7,https://git.integrolabs.net/Fortemi/fortemi/issues/771,evidence/Fortemi--fortemi-issues.json,"Server storage, jobs and API maintainers","Phase 4; design-first, not current release P0","Resolve source containment, scanner, error, derived-storage and transfer policy first; implement the issue in dependency order, with source-no-write, quarantine and isolation tests before rollout. Map every original acceptance criterion to the exact delivered artifact or an explicit supersession decision.",2026-09-07,First qualified stable opportunity after prerequisites; expedited customer/security patch when justified. No phase-date promise.,audit-355,"- [ ] Returns 201 on success with archive name, canonical source path, `storage_mode='referenced'`, and initial scan status.
- [ ] Returns 400 `path_outside_allowlist` when the canonical source path is not under any configured `FORTEMI_REFERENCED_STORAGE_ROOTS` entry.
- [ ] Returns 400 `source_path_not_found` when the source path cannot be resolved according to the accepted filesystem policy.
- [ ] Returns 409 `archive_exists` when the archive name is already in use.
- [ ] Path traversal and symlink escape attempts are defeated by canonicalization plus root allowlist checks.
- [ ] Auth and tenant checks remain fail-closed.
- [ ] The request path queues or schedules scanning only through the accepted async job path; it does not walk the directory synchronously."
Fortemi/fortemi#772,https://git.integrolabs.net/Fortemi/fortemi/issues/772,open,feat(matric-api): queue Referenced archive rescan as DirectoryScan job,P0,,P0: Blocker; area/archives; area/extraction; area/rest-api; blocked; documentation; effort/medium; infrastructure; new-feature; security; testing,Referenced storage follow-up,,2026-06-22T23:11:30Z,75,5,F,retain-gated,"Resolve source containment, scanner, error, derived-storage and transfer policy first; implement the issue in dependency order, with source-no-write, quarantine and isolation tests before rollout.",,read,stale-60d; no-assignee; blocked-label-without-open-native-edge,7,https://git.integrolabs.net/Fortemi/fortemi/issues/772,evidence/Fortemi--fortemi-issues.json,"Server storage, jobs and API maintainers","Phase 4; design-first, not current release P0","Resolve source containment, scanner, error, derived-storage and transfer policy first; implement the issue in dependency order, with source-no-write, quarantine and isolation tests before rollout. Map every original acceptance criterion to the exact delivered artifact or an explicit supersession decision.",2026-09-07,First qualified stable opportunity after prerequisites; expedited customer/security patch when justified. No phase-date promise.,audit-355,"- [ ] `POST /api/v1/archives/{name}/rescan` or the final route returns 202 with `{ job_id }` for Referenced archives.
- [ ] Unknown archive returns 404 `archive_not_found`.
- [ ] Managed archive behavior is explicit: return 400/409 unsupported or documented no-op according to accepted API design.
- [ ] Concurrent scan returns 409 `scan_in_progress` using persisted scan state/job state.
- [ ] Unreachable source path returns 503 `source_path_unreachable` or queues a failed job according to final operational policy; behavior is tested.
- [ ] Optional full vs incremental mode maps to the final DirectoryScan payload and never accepts arbitrary source paths from the caller.
- [ ] Auth/tenant checks and write-gate allowlist remain fail-closed."
Fortemi/fortemi#773,https://git.integrolabs.net/Fortemi/fortemi/issues/773,open,feat(matric-api): expose Referenced archive scan status and counters,P0,,P0: Blocker; area/archives; area/extraction; area/rest-api; blocked; documentation; effort/medium; infrastructure; new-feature; security; testing,Referenced storage follow-up,,2026-06-22T23:11:31Z,75,5,F,retain-gated,"Resolve source containment, scanner, error, derived-storage and transfer policy first; implement the issue in dependency order, with source-no-write, quarantine and isolation tests before rollout.",,read,stale-60d; no-assignee; blocked-label-without-open-native-edge,5,https://git.integrolabs.net/Fortemi/fortemi/issues/773,evidence/Fortemi--fortemi-issues.json,"Server storage, jobs and API maintainers","Phase 4; design-first, not current release P0","Resolve source containment, scanner, error, derived-storage and transfer policy first; implement the issue in dependency order, with source-no-write, quarantine and isolation tests before rollout. Map every original acceptance criterion to the exact delivered artifact or an explicit supersession decision.",2026-09-07,First qualified stable opportunity after prerequisites; expedited customer/security patch when justified. No phase-date promise.,audit-355,"- [ ] `GET /api/v1/archives/{name}/scan-status` or final route returns 200 with scan status, last scan time, active/last job id if available, files scanned/skipped/quarantined, errors, and safe progress summary for Referenced archives.
- [ ] Managed archive response is deliberate and documented: either 200 with `scan_status: ""n/a""` or 400 unsupported, matching final API design.
- [ ] Counters come from persisted scan/job state and quarantine count, not from in-memory worker state alone.
- [ ] Response does not expose raw host absolute paths, file contents, or secret match details.
- [ ] Tests cover idle, scanning, succeeded, failed, unreachable-source, and Managed archive behavior."
Fortemi/fortemi#774,https://git.integrolabs.net/Fortemi/fortemi/issues/774,open,feat(matric-api): reject mutating routes for Referenced archives in routing middleware,P0,,P0: Blocker; area/archives; area/extraction; area/rest-api; blocked; documentation; effort/medium; infrastructure; new-feature; security; testing,Referenced storage follow-up,,2026-06-22T23:11:01Z,75,7,F,retain-gated,"Resolve source containment, scanner, error, derived-storage and transfer policy first; implement the issue in dependency order, with source-no-write, quarantine and isolation tests before rollout.",,read,stale-60d; no-assignee; blocked-label-without-open-native-edge,6,https://git.integrolabs.net/Fortemi/fortemi/issues/774,evidence/Fortemi--fortemi-issues.json,"Server storage, jobs and API maintainers","Phase 4; design-first, not current release P0","Resolve source containment, scanner, error, derived-storage and transfer policy first; implement the issue in dependency order, with source-no-write, quarantine and isolation tests before rollout. Map every original acceptance criterion to the exact delivered artifact or an explicit supersession decision.",2026-09-07,First qualified stable opportunity after prerequisites; expedited customer/security patch when justified. No phase-date promise.,audit-355,"- [ ] Middleware or a closely related guard checks archive storage mode from `ArchiveContext`/#756 before mutating archive handlers run.
- [ ] POST/PUT/PATCH/DELETE routes that would create/update/delete notes, attachments, extracted data, or archive contents return 403 `read_only_archive` for Referenced archives unless explicitly allowlisted.
- [ ] Allowlist includes Referenced management routes such as rescan and any accepted quarantine-review action that does not mutate source files.
- [ ] Response includes enough machine-readable context for clients, such as error code and `X-Storage-Mode: referenced`, without leaking source paths.
- [ ] Managed archive routes remain unchanged.
- [ ] Tests enumerate representative mutating routes and at least one allowlisted route; future route additions have a clear helper/test pattern to avoid bypassing the gate."
Fortemi/fortemi#775,https://git.integrolabs.net/Fortemi/fortemi/issues/775,open,feat(matric-api): referenced storage root allowlist and startup validation,P0,,P0: Blocker; area/archives; area/extraction; area/rest-api; documentation; effort/medium; infrastructure; new-feature; security; testing,Referenced storage follow-up,,2026-06-23T00:30:58Z,75,11,F,execute,"Resolve source containment, scanner, error, derived-storage and transfer policy first; implement the issue in dependency order, with source-no-write, quarantine and isolation tests before rollout.",,read,stale-60d; no-assignee,9,https://git.integrolabs.net/Fortemi/fortemi/issues/775,evidence/Fortemi--fortemi-issues.json,"Server storage, jobs and API maintainers","Phase 4; design-first, not current release P0","Resolve source containment, scanner, error, derived-storage and transfer policy first; implement the issue in dependency order, with source-no-write, quarantine and isolation tests before rollout. Map every original acceptance criterion to the exact delivered artifact or an explicit supersession decision.",2026-09-07,First qualified stable opportunity after prerequisites; expedited customer/security patch when justified. No phase-date promise.,audit-355,"- [ ] Parse `FORTEMI_REFERENCED_STORAGE_ROOTS` as a platform-aware list of absolute root paths. On Unix, colon-separated paths are acceptable; Windows behavior must avoid ambiguity with drive letters, or use a documented alternative delimiter/config format.
- [ ] Canonicalize configured roots at startup; reject relative paths, nonexistent roots, files where directories are required, and roots that cannot be canonicalized.
- [ ] Referenced archive creation is disabled when no valid roots are configured, even if the server itself can start.
- [ ] Hosted/multi-tenant mode only permits Referenced creation when an explicit feature flag and tenant-safe storage policy are configured; otherwise create/rescan endpoints fail closed with a stable unsupported/disabled error.
- [ ] Single-user/local mode may allow empty/unset roots only if Referenced archive creation remains disabled or rejects all source paths until roots are configured.
- [ ] Provide `is_referenced_path_allowed(canonical_source_path) -> bool` or equivalent helper that compares canonical source paths against canonical roots using path component boundaries, not string prefix matching.
- [ ] Helper behavior is explicit for symlinks: validate the canonical/resolved target, reject out-of-root symlink escapes, and define behavior for disappearing paths.
- [ ] `.env.example` and operator docs explain the variable, hosted mode interaction, feature flag/default-off behavior, platform delimiter behavior, and failure modes.
- [ ] Tests cover relative roots, nonexistent roots, file roots, symlink escape, traversal input, sibling-prefix tricks such as `/data/root2` vs `/data/root`, hosted default-off behavior, hosted enabled-without-policy rejection, and local empty-root behavior."
Fortemi/fortemi#776,https://git.integrolabs.net/Fortemi/fortemi/issues/776,open,feat(matric-api): Referenced archive quarantined-files audit endpoint,P0,,P0: Blocker; area/archives; area/extraction; area/rest-api; blocked; documentation; effort/medium; infrastructure; new-feature; security; testing,Referenced storage follow-up,,2026-06-22T23:11:30Z,75,10,F,retain-gated,"Resolve source containment, scanner, error, derived-storage and transfer policy first; implement the issue in dependency order, with source-no-write, quarantine and isolation tests before rollout.",,read,stale-60d; no-assignee; blocked-label-without-open-native-edge,9,https://git.integrolabs.net/Fortemi/fortemi/issues/776,evidence/Fortemi--fortemi-issues.json,"Server storage, jobs and API maintainers","Phase 4; design-first, not current release P0","Resolve source containment, scanner, error, derived-storage and transfer policy first; implement the issue in dependency order, with source-no-write, quarantine and isolation tests before rollout. Map every original acceptance criterion to the exact delivered artifact or an explicit supersession decision.",2026-09-07,First qualified stable opportunity after prerequisites; expedited customer/security patch when justified. No phase-date promise.,audit-355,"- [ ] `GET /api/v1/archives/{name}/quarantined-files` returns paginated results for Referenced archives only.
- [ ] Response items include safe metadata from #765: stable id, display path relative to the referenced root where possible, rule family/name, detector id/version if safe, severity, scanned_at, scan/job id where useful, and remediation/status fields as available.
- [ ] Response never includes file contents, matched secret values, raw regex captures, auth headers, provider secrets, full adapter payloads, or raw absolute host paths unless an explicit admin/debug policy allows path disclosure.
- [ ] Pagination uses an opaque cursor and bounded page size following existing API conventions.
- [ ] Managed archives return the shared #902 error response for unsupported Referenced-only routes; do not invent a local status/code pair.
- [ ] Authorization uses archive access policy from #710; tenant users cannot inspect quarantine entries for archives they do not control.
- [ ] Audit/telemetry records access to quarantine review without logging sensitive fields.
- [ ] OpenAPI/docs use the shared #902 error schema and explicitly mark returned paths as display/relative paths, not source-authority paths.
- [ ] Tests cover metadata shape, redaction, pagination, managed archive response, unauthorized access, and no-secret/no-content/no-host-path leakage."
Fortemi/fortemi#777,https://git.integrolabs.net/Fortemi/fortemi/issues/777,open,feat(mcp-server): extend manage_archives create for Referenced archives without breaking Managed mode,P1,,P1: High; area/archives; area/extraction; area/rest-api; blocked; documentation; effort/medium; infrastructure; mcp-api; new-feature; security; testing,Referenced storage follow-up,,2026-06-23T00:30:58Z,75,6,F,retain-gated,"Resolve source containment, scanner, error, derived-storage and transfer policy first; implement the issue in dependency order, with source-no-write, quarantine and isolation tests before rollout.",,read,stale-60d; no-assignee; blocked-label-without-open-native-edge,7,https://git.integrolabs.net/Fortemi/fortemi/issues/777,evidence/Fortemi--fortemi-issues.json,"Server storage, jobs and API maintainers","Phase 4; design-first, not current release P0","Resolve source containment, scanner, error, derived-storage and transfer policy first; implement the issue in dependency order, with source-no-write, quarantine and isolation tests before rollout. Map every original acceptance criterion to the exact delivered artifact or an explicit supersession decision.",2026-09-07,First qualified stable opportunity after prerequisites; expedited customer/security patch when justified. No phase-date promise.,audit-355,"- [ ] Update `manage_archives` JSON schema with optional `storage_mode: ""managed"" | ""referenced""` and `source_path` for the create action.
- [ ] Existing create calls with no `storage_mode` continue to create Managed archives exactly as today.
- [ ] If `storage_mode=""referenced""`, `source_path` is required and must be passed only to the backend API path accepted by #744.
- [ ] MCP validation catches missing `source_path`, but path canonicalization/allowlist decisions remain server-side in #775/#744.
- [ ] Tool responses do not echo raw absolute host paths unless the REST API returns a policy-approved display path.
- [ ] Tool description explains Managed vs Referenced mode, root allowlist requirements, and that secret pre-scan/quarantine applies before extraction.
- [ ] Backward-compat tests cover existing `manage_archives` create/list/get/update/delete/stats/clone behavior plus Referenced validation paths."
Fortemi/fortemi#778,https://git.integrolabs.net/Fortemi/fortemi/issues/778,open,feat(mcp-server): add rescan_archive tool for async Referenced archive scans,P1,,P1: High; area/archives; area/extraction; area/rest-api; blocked; documentation; effort/medium; infrastructure; mcp-api; new-feature; security; testing,Referenced storage follow-up,,2026-06-22T23:07:22Z,75,6,F,retain-gated,"Resolve source containment, scanner, error, derived-storage and transfer policy first; implement the issue in dependency order, with source-no-write, quarantine and isolation tests before rollout.",,read,stale-60d; no-assignee; blocked-label-without-open-native-edge,6,https://git.integrolabs.net/Fortemi/fortemi/issues/778,evidence/Fortemi--fortemi-issues.json,"Server storage, jobs and API maintainers","Phase 4; design-first, not current release P0","Resolve source containment, scanner, error, derived-storage and transfer policy first; implement the issue in dependency order, with source-no-write, quarantine and isolation tests before rollout. Map every original acceptance criterion to the exact delivered artifact or an explicit supersession decision.",2026-09-07,First qualified stable opportunity after prerequisites; expedited customer/security patch when justified. No phase-date promise.,audit-355,"- [ ] Add `rescan_archive({ archive_name: string, full?: boolean })` or equivalent schema.
- [ ] Tool calls `POST /api/v1/archives/{name}/rescan` from #744 and returns `{ job_id, scan_status }` or the final response shape chosen by the REST API.
- [ ] Tool guidance tells agents to poll with existing job tools and/or the new scan-status endpoint/tool once available.
- [ ] Tool validates required `archive_name` and never accepts or forwards arbitrary source paths; rescan must operate on the archive's persisted validated source path.
- [ ] Auth/error responses preserve REST semantics for missing archive, managed archive unsupported, source unavailable, and unauthorized caller.
- [ ] Tests cover schema validation, successful async response, missing archive, managed archive response, and no host-path leakage."
Fortemi/fortemi#779,https://git.integrolabs.net/Fortemi/fortemi/issues/779,open,feat(mcp-server): document Referenced storage capabilities in get_documentation,P1,,P1: High; area/archives; area/extraction; blocked; documentation; effort/small; infrastructure; mcp-api; new-feature; security; testing,Referenced storage follow-up,,2026-06-22T23:18:25Z,75,3,F,retain-gated,"Resolve source containment, scanner, error, derived-storage and transfer policy first; implement the issue in dependency order, with source-no-write, quarantine and isolation tests before rollout.",,read,stale-60d; no-assignee; blocked-label-without-open-native-edge,6,https://git.integrolabs.net/Fortemi/fortemi/issues/779,evidence/Fortemi--fortemi-issues.json,"Server storage, jobs and API maintainers","Phase 4; design-first, not current release P0","Resolve source containment, scanner, error, derived-storage and transfer policy first; implement the issue in dependency order, with source-no-write, quarantine and isolation tests before rollout. Map every original acceptance criterion to the exact delivered artifact or an explicit supersession decision.",2026-09-07,First qualified stable opportunity after prerequisites; expedited customer/security patch when justified. No phase-date promise.,audit-355,"- [ ] Add a `Referenced Storage Mode` section once #777/#778 are implemented or clearly mark it as planned until then.
- [ ] Documentation explains when to use Managed vs Referenced archives, `source_path` requirements, root allowlists, secret pre-scan/quarantine, read-only source behavior, rescan workflow, scan-status/quarantine review, and limitations.
- [ ] Cross-reference `manage_archives`, `rescan_archive`, job polling, and the REST/operator docs when available.
- [ ] Avoid exposing local host paths in examples except safe placeholders under configured roots.
- [ ] Existing documentation topics and schema validation continue to pass.
- [ ] Tests assert the section appears for the archives/referenced topic and does not regress core `get_documentation` output."
Fortemi/fortemi#780,https://git.integrolabs.net/Fortemi/fortemi/issues/780,open,"test(security): Referenced archive path traversal, symlink escape, and tenant-boundary regression tests",P0,,P0: Blocker; area/archives; area/extraction; area/rest-api; blocked; documentation; effort/medium; infrastructure; security; testing,Referenced storage follow-up,,2026-06-22T23:07:25Z,75,8,F,retain-gated,"Resolve source containment, scanner, error, derived-storage and transfer policy first; implement the issue in dependency order, with source-no-write, quarantine and isolation tests before rollout.",,read,stale-60d; no-assignee; blocked-label-without-open-native-edge,7,https://git.integrolabs.net/Fortemi/fortemi/issues/780,evidence/Fortemi--fortemi-issues.json,"Server storage, jobs and API maintainers","Phase 4; design-first, not current release P0","Resolve source containment, scanner, error, derived-storage and transfer policy first; implement the issue in dependency order, with source-no-write, quarantine and isolation tests before rollout. Map every original acceptance criterion to the exact delivered artifact or an explicit supersession decision.",2026-09-07,First qualified stable opportunity after prerequisites; expedited customer/security patch when justified. No phase-date promise.,audit-355,"- [ ] Test traversal attempts such as `../../../etc/passwd` and encoded variants never read host files and return the chosen safe error (`404`, `400`, or `403`) without path/content leakage.
- [ ] Test canonicalization with sibling-prefix paths such as `/allowed/root2` when only `/allowed/root` is configured.
- [ ] Test symlink escape from inside a source root to outside the root is skipped/quarantined/rejected according to #775/#740 policy and never followed for extraction.
- [ ] Test Tenant/User B cannot access Tenant/User A's Referenced archive even with a known archive name or path-like input.
- [ ] Test all mutating source-affecting routes are blocked by the Referenced write gate from #744.
- [ ] Tests run in CI with temp directories and do not depend on `/etc/passwd` contents or host-specific paths beyond safe fixtures.
- [ ] Assertions include no file contents, raw host absolute paths, or secret-like fixture values in responses/log capture."
Fortemi/fortemi#781,https://git.integrolabs.net/Fortemi/fortemi/issues/781,open,test(security): Referenced archive secret pre-scan quarantine regression tests,P0,,P0: Blocker; area/archives; area/extraction; area/rest-api; blocked; documentation; effort/medium; infrastructure; security; testing,Referenced storage follow-up,,2026-06-22T23:07:25Z,75,7,F,retain-gated,"Resolve source containment, scanner, error, derived-storage and transfer policy first; implement the issue in dependency order, with source-no-write, quarantine and isolation tests before rollout.",,read,stale-60d; no-assignee; blocked-label-without-open-native-edge,6,https://git.integrolabs.net/Fortemi/fortemi/issues/781,evidence/Fortemi--fortemi-issues.json,"Server storage, jobs and API maintainers","Phase 4; design-first, not current release P0","Resolve source containment, scanner, error, derived-storage and transfer policy first; implement the issue in dependency order, with source-no-write, quarantine and isolation tests before rollout. Map every original acceptance criterion to the exact delivered artifact or an explicit supersession decision.",2026-09-07,First qualified stable opportunity after prerequisites; expedited customer/security patch when justified. No phase-date promise.,audit-355,"- [ ] Fixture containing a PEM private key header is quarantined before extraction; no note chunks, embeddings, or derived extraction artifacts are created from that file.
- [ ] Fixture containing an AWS-style access key is quarantined before extraction with the same no-indexing assertions.
- [ ] Quarantine metadata records safe fields only: relative/display path, rule family/name, severity/status, timestamp, and stable id.
- [ ] Quarantine storage and API output do not contain matched secret values, raw regex captures, file contents, auth headers, or provider credentials.
- [ ] Test log capture confirms the secret values are not emitted to logs/traces during scan, API review, or failure handling.
- [ ] Tests cover both content-regex and path-denylist quarantine paths once #740 defines exact rule names."
Fortemi/fortemi#782,https://git.integrolabs.net/Fortemi/fortemi/issues/782,open,test(security): Referenced archive write-gate coverage for every mutating API route,P0,,P0: Blocker; area/archives; area/extraction; area/rest-api; blocked; documentation; effort/medium; infrastructure; security; testing,Referenced storage follow-up,,2026-06-22T23:08:59Z,75,4,F,retain-gated,"Resolve source containment, scanner, error, derived-storage and transfer policy first; implement the issue in dependency order, with source-no-write, quarantine and isolation tests before rollout.",,read,stale-60d; no-assignee; blocked-label-without-open-native-edge,7,https://git.integrolabs.net/Fortemi/fortemi/issues/782,evidence/Fortemi--fortemi-issues.json,"Server storage, jobs and API maintainers","Phase 4; design-first, not current release P0","Resolve source containment, scanner, error, derived-storage and transfer policy first; implement the issue in dependency order, with source-no-write, quarantine and isolation tests before rollout. Map every original acceptance criterion to the exact delivered artifact or an explicit supersession decision.",2026-09-07,First qualified stable opportunity after prerequisites; expedited customer/security patch when justified. No phase-date promise.,audit-355,"- [ ] Add a route inventory test that derives mutating routes from OpenAPI/utoipa output or a maintained route manifest; do not rely on a hand-written partial list unless the manifest is validated in CI.
- [ ] For every `POST`/`PUT`/`PATCH`/`DELETE` route that can affect archive contents, the test records an explicit decision: denied for Referenced, allowed for Referenced, or not archive-scoped.
- [ ] Non-allowlisted mutating routes against a Referenced archive return the chosen read-only error contract, preferably 403 with a stable error code such as `read_only_archive`.
- [ ] Explicit allowed operations are tested: rescan/status/quarantine-review paths must not be blocked by the write gate when policy permits them.
- [ ] Adding a new mutating route without an explicit Referenced-mode decision fails CI.
- [ ] Tests assert no source file is modified, deleted, or created as a side effect of denied routes.
- [ ] Tests assert denied responses do not leak raw absolute source paths, file contents, or secret-like fixture data."
Fortemi/fortemi#783,https://git.integrolabs.net/Fortemi/fortemi/issues/783,open,"test(security): Referenced source disappearance, drop safety, and derived cleanup regressions",P0,,P0: Blocker; area/archives; area/extraction; area/rest-api; blocked; documentation; effort/medium; infrastructure; security; testing,Referenced storage follow-up,,2026-06-22T23:15:05Z,75,5,F,retain-gated,"Resolve source containment, scanner, error, derived-storage and transfer policy first; implement the issue in dependency order, with source-no-write, quarantine and isolation tests before rollout.",,read,stale-60d; no-assignee; blocked-label-without-open-native-edge,7,https://git.integrolabs.net/Fortemi/fortemi/issues/783,evidence/Fortemi--fortemi-issues.json,"Server storage, jobs and API maintainers","Phase 4; design-first, not current release P0","Resolve source containment, scanner, error, derived-storage and transfer policy first; implement the issue in dependency order, with source-no-write, quarantine and isolation tests before rollout. Map every original acceptance criterion to the exact delivered artifact or an explicit supersession decision.",2026-09-07,First qualified stable opportunity after prerequisites; expedited customer/security patch when justified. No phase-date promise.,audit-355,"- [ ] Source disappearance test uses a temp fixture directory that is renamed/removed/unmounted-equivalent during read/search/rescan; behavior matches the API contract from #744/#741 without panics or data loss.
- [ ] If cached/indexed results can still be served after source disappearance, response metadata clearly marks source state as stale/unavailable using the final API contract; otherwise reads fail with a stable recoverable error.
- [ ] Rescan against a missing source returns a clear unavailable/error status and records scan failure state without deleting prior metadata or managed derivatives unexpectedly.
- [ ] Dropping a Referenced archive with many source files leaves every source file untouched; the test verifies filesystem contents after archive deletion.
- [ ] Drop path does not call managed blob deletion for referenced source entries; use a mock/spy backend or repository-level assertion when available.
- [ ] Derived artifacts under Fortemi-managed derived storage are cleaned according to #743/#768 policy, while source directory remains untouched.
- [ ] Tests cover partial cleanup failure and ensure errors are reported without retry loops that touch source files."
Fortemi/fortemi#784,https://git.integrolabs.net/Fortemi/fortemi/issues/784,open,docs(CLAUDE): add Referenced storage operator quick reference after API/MCP surfaces land,P1,,P1: High; area/archives; area/extraction; blocked; documentation; effort/small; infrastructure; security; testing,Referenced storage follow-up,,2026-06-22T23:19:05Z,75,4,F,retain-gated,"Resolve source containment, scanner, error, derived-storage and transfer policy first; implement the issue in dependency order, with source-no-write, quarantine and isolation tests before rollout.",,read,stale-60d; no-assignee; blocked-label-without-open-native-edge,6,https://git.integrolabs.net/Fortemi/fortemi/issues/784,evidence/Fortemi--fortemi-issues.json,"Server storage, jobs and API maintainers","Phase 4; design-first, not current release P0","Resolve source containment, scanner, error, derived-storage and transfer policy first; implement the issue in dependency order, with source-no-write, quarantine and isolation tests before rollout. Map every original acceptance criterion to the exact delivered artifact or an explicit supersession decision.",2026-09-07,First qualified stable opportunity after prerequisites; expedited customer/security patch when justified. No phase-date promise.,audit-355,"- [ ] Add a `Referenced Storage Mode` section to `CLAUDE.md` or the generated provider-facing equivalent used by this repo.
- [ ] Section covers Managed vs Referenced mode, root allowlist setup, read-only source semantics, secret pre-scan/quarantine behavior, rescan/status workflow, and known v1 limitations.
- [ ] Cross-reference the canonical operator guide from #787 rather than duplicating all procedures.
- [ ] Mention MCP tool changes from #777/#778 only after tool names and schemas are final.
- [ ] Avoid examples with real host paths or secrets; use placeholder paths under configured roots.
- [ ] AIWG/doc regeneration or doc-sync validation passes without broken local references."
Fortemi/fortemi#785,https://git.integrolabs.net/Fortemi/fortemi/issues/785,open,docs(deployment): document read-only bind mounts and referenced root env setup,P1,,P1: High; area/archives; area/extraction; blocked; documentation; effort/medium; infrastructure; security; testing,Referenced storage follow-up,,2026-06-22T23:18:50Z,75,6,F,retain-gated,"Resolve source containment, scanner, error, derived-storage and transfer policy first; implement the issue in dependency order, with source-no-write, quarantine and isolation tests before rollout.",,read,stale-60d; no-assignee; blocked-label-without-open-native-edge,7,https://git.integrolabs.net/Fortemi/fortemi/issues/785,evidence/Fortemi--fortemi-issues.json,"Server storage, jobs and API maintainers","Phase 4; design-first, not current release P0","Resolve source containment, scanner, error, derived-storage and transfer policy first; implement the issue in dependency order, with source-no-write, quarantine and isolation tests before rollout. Map every original acceptance criterion to the exact delivered artifact or an explicit supersession decision.",2026-09-07,First qualified stable opportunity after prerequisites; expedited customer/security patch when justified. No phase-date promise.,audit-355,"- [ ] Add deployment docs for mounting source directories read-only into the container and adding the mounted container path to `FORTEMI_REFERENCED_STORAGE_ROOTS`.
- [ ] Document Docker Compose short and/or long syntax for read-only bind mounts, preferring explicit long syntax where it improves clarity.
- [ ] Call out Docker recursive read-only/submount behavior and kernel/Engine caveats; operators with nested mounts should verify submount read-only behavior or mount each source root directly.
- [ ] Include UID/GID and filesystem permission guidance: Fortemi needs read/search/execute permissions on directories but should not require write access to source roots.
- [ ] Clarify v1 has no live watching: filesystem event propagation caveats are deferred to #742/v2 and should not be presented as a v1 requirement.
- [ ] `.env.example`, `docker-compose.yml` comments, and relevant deployment docs are updated once #775 config is implemented.
- [ ] Docs include rollback/disable guidance: remove Referenced roots/feature flag and keep managed data/derived artifacts handling clear."
Fortemi/fortemi#786,https://git.integrolabs.net/Fortemi/fortemi/issues/786,open,docs(content): update multi-memory agent guide for Managed vs Referenced archive choices,P1,,P1: High; area/archives; area/extraction; blocked; documentation; effort/medium; infrastructure; security; testing,Referenced storage follow-up,,2026-06-22T23:19:05Z,75,5,F,retain-gated,"Resolve source containment, scanner, error, derived-storage and transfer policy first; implement the issue in dependency order, with source-no-write, quarantine and isolation tests before rollout.",,read,stale-60d; no-assignee; blocked-label-without-open-native-edge,6,https://git.integrolabs.net/Fortemi/fortemi/issues/786,evidence/Fortemi--fortemi-issues.json,"Server storage, jobs and API maintainers","Phase 4; design-first, not current release P0","Resolve source containment, scanner, error, derived-storage and transfer policy first; implement the issue in dependency order, with source-no-write, quarantine and isolation tests before rollout. Map every original acceptance criterion to the exact delivered artifact or an explicit supersession decision.",2026-09-07,First qualified stable opportunity after prerequisites; expedited customer/security patch when justified. No phase-date promise.,audit-355,"- [ ] Add a Managed vs Referenced decision table to `docs/content/multi-memory-agent-guide.md`.
- [ ] Explain Referenced archives are for existing local/mounted source trees that should not be copied into Fortemi managed blob storage; Managed archives remain for uploaded/API-ingested content.
- [ ] Include examples for both REST and MCP workflows only after #744/#777/#778 finalize endpoint/tool names.
- [ ] Mention root allowlists, read-only source behavior, secret pre-scan/quarantine, rescan workflow, no live watching in v1, and limitations for hosted/multi-tenant deployments.
- [ ] Cross-link to the operator guide from #787 for setup and failure handling.
- [ ] Docs manifest/build validation passes."
Fortemi/fortemi#787,https://git.integrolabs.net/Fortemi/fortemi/issues/787,open,docs(content): add canonical Referenced storage operator guide,P1,,P1: High; area/archives; area/extraction; blocked; documentation; effort/medium; infrastructure; security; testing,Referenced storage follow-up,,2026-06-22T23:19:05Z,75,11,F,retain-gated,"Resolve source containment, scanner, error, derived-storage and transfer policy first; implement the issue in dependency order, with source-no-write, quarantine and isolation tests before rollout.",,read,stale-60d; no-assignee; blocked-label-without-open-native-edge,8,https://git.integrolabs.net/Fortemi/fortemi/issues/787,evidence/Fortemi--fortemi-issues.json,"Server storage, jobs and API maintainers","Phase 4; design-first, not current release P0","Resolve source containment, scanner, error, derived-storage and transfer policy first; implement the issue in dependency order, with source-no-write, quarantine and isolation tests before rollout. Map every original acceptance criterion to the exact delivered artifact or an explicit supersession decision.",2026-09-07,First qualified stable opportunity after prerequisites; expedited customer/security patch when justified. No phase-date promise.,audit-355,"- [ ] Add `docs/content/referenced-storage.md` and register it in `docs/manifest.json` under the appropriate operator/developer section.
- [ ] Cover when to use Managed vs Referenced archives, setup walkthrough, root allowlists, Docker/read-only mounts, source path validation, scan lifecycle, rescan/status, quarantine review, derived artifact storage, and disabling/rollback.
- [ ] Document security model: source roots are read-only, Fortemi never writes to source directories, secret pre-scan happens before extraction/indexing, quarantine review is metadata-only by default, and hosted/multi-tenant Referenced operations are denied unless the feature flag, root allowlist, and tenant-safe path policy are explicitly configured.
- [ ] Document default-off behavior: ordinary server startup may succeed with Referenced storage disabled; create/rescan/status/quarantine surfaces must return the shared feature-disabled response and have no source-path/job side effects.
- [ ] Document limitations: no live watching in v1, no rename detection, no cloud object storage backend, no source mutation, and no arbitrary tenant-provided host paths.
- [ ] Include curl and MCP examples only for implemented endpoints/tools; planned examples must be clearly marked or deferred.
- [ ] Include failure modes/runbook links: source unavailable, stuck scan, permission denied, quarantine investigation, derived cleanup failure.
- [ ] Docs build/doc-sync/link validation passes."
Fortemi/fortemi#788,https://git.integrolabs.net/Fortemi/fortemi/issues/788,open,docs(api): document Referenced archive OpenAPI/Swagger surface after routes land,P1,,P1: High; area/archives; area/extraction; area/rest-api; blocked; documentation; effort/medium; infrastructure; security; testing,Referenced storage follow-up,,2026-06-22T23:19:06Z,75,7,F,retain-gated,"Resolve source containment, scanner, error, derived-storage and transfer policy first; implement the issue in dependency order, with source-no-write, quarantine and isolation tests before rollout.",,read,stale-60d; no-assignee; blocked-label-without-open-native-edge,6,https://git.integrolabs.net/Fortemi/fortemi/issues/788,evidence/Fortemi--fortemi-issues.json,"Server storage, jobs and API maintainers","Phase 4; design-first, not current release P0","Resolve source containment, scanner, error, derived-storage and transfer policy first; implement the issue in dependency order, with source-no-write, quarantine and isolation tests before rollout. Map every original acceptance criterion to the exact delivered artifact or an explicit supersession decision.",2026-09-07,First qualified stable opportunity after prerequisites; expedited customer/security patch when justified. No phase-date promise.,audit-355,"- [ ] Generated OpenAPI/Swagger output includes the final implemented Referenced routes from #744: create, rescan, scan-status, and quarantined-files, using the actual route shape chosen there.
- [ ] Request/response schemas include storage mode, source path/display path policy, scan status/counters, quarantine metadata, and async job response fields.
- [ ] Error contracts are documented for outside allowlist, source path not found/unreachable, read-only archive, scan in progress, managed archive unsupported, unauthorized, and hosted path-policy denial.
- [ ] Swagger UI/docs surface shows only implemented endpoints; planned endpoints stay linked to issues/docs, not advertised as live.
- [ ] OpenAPI generation/validation runs in CI or doc validation and fails on missing schemas for these routes.
- [ ] API docs cross-link to #787 operator guide and #789 runbooks where appropriate."
Fortemi/fortemi#789,https://git.integrolabs.net/Fortemi/fortemi/issues/789,open,"docs(ops): Referenced storage runbooks for stuck scans, source unavailable, and quarantine review",P1,,P1: High; area/archives; area/extraction; blocked; documentation; effort/medium; infrastructure; security; testing,Referenced storage follow-up,,2026-06-22T23:08:15Z,75,6,F,retain-gated,"Resolve source containment, scanner, error, derived-storage and transfer policy first; implement the issue in dependency order, with source-no-write, quarantine and isolation tests before rollout.",,read,stale-60d; no-assignee; blocked-label-without-open-native-edge,7,https://git.integrolabs.net/Fortemi/fortemi/issues/789,evidence/Fortemi--fortemi-issues.json,"Server storage, jobs and API maintainers","Phase 4; design-first, not current release P0","Resolve source containment, scanner, error, derived-storage and transfer policy first; implement the issue in dependency order, with source-no-write, quarantine and isolation tests before rollout. Map every original acceptance criterion to the exact delivered artifact or an explicit supersession decision.",2026-09-07,First qualified stable opportunity after prerequisites; expedited customer/security patch when justified. No phase-date promise.,audit-355,"- [ ] Add runbook content in the current docs structure, either as `docs/content/referenced-storage.md` sections or a new runbook path registered in `docs/manifest.json`.
- [ ] Runbook: stuck scan. Include symptoms, scan-status checks, job queue checks, safe cancellation/retry, evidence to capture, and criteria for escalation.
- [ ] Runbook: source path unavailable. Cover missing bind mount, NFS/SMB timeout, permission changes, container path mismatch, root allowlist mismatch, and expected API/job behavior.
- [ ] Runbook: quarantine investigation. Use the quarantined-files endpoint, explain metadata-only review, preserve evidence, and avoid exposing/printing matched secret values.
- [ ] Runbook: derived cleanup failure. Explain how to verify derived artifacts under Fortemi-managed storage and confirm source directory is untouched.
- [ ] Each runbook includes verification steps and what not to do, especially do not chmod/chown broad host trees blindly and do not delete source files as cleanup.
- [ ] Docs validation passes and the runbooks are linked from #787 and release/rollout docs."
Fortemi/fortemi#790,https://git.integrolabs.net/Fortemi/fortemi/issues/790,open,test(matric-db): ReferencedBackend and FileSource dispatch coverage,P0,,P0: Blocker; area/archives; area/crud; area/extraction; blocked; documentation; effort/medium; infrastructure; security; testing,Referenced storage follow-up,,2026-06-22T23:08:56Z,75,5,F,retain-gated,"Resolve source containment, scanner, error, derived-storage and transfer policy first; implement the issue in dependency order, with source-no-write, quarantine and isolation tests before rollout.",,read,stale-60d; no-assignee; blocked-label-without-open-native-edge,8,https://git.integrolabs.net/Fortemi/fortemi/issues/790,evidence/Fortemi--fortemi-issues.json,"Server storage, jobs and API maintainers","Phase 4; design-first, not current release P0","Resolve source containment, scanner, error, derived-storage and transfer policy first; implement the issue in dependency order, with source-no-write, quarantine and isolation tests before rollout. Map every original acceptance criterion to the exact delivered artifact or an explicit supersession decision.",2026-09-07,First qualified stable opportunity after prerequisites; expedited customer/security patch when justified. No phase-date promise.,audit-355,"- [ ] Tests cover `FileSource::Referenced` or equivalent dispatch through download/extraction metadata without changing inline/filesystem behavior.
- [ ] Referenced backend `read`, `exists`, and `resolve_path` work for validated absolute fixture paths.
- [ ] Referenced backend `write` and `delete` return the explicit read-only error and do not mutate fixture files.
- [ ] Missing file and permission-denied cases return stable errors suitable for #741/#744 handling.
- [ ] Streaming BLAKE3 hash helper matches the existing in-memory hash path over small, medium, and large fixture files.
- [ ] Property or table-driven tests cover chunk boundaries and repeated reads without loading large fixtures fully into memory.
- [ ] Existing managed file storage tests still pass unchanged.
- [ ] Coverage requirement is expressed as concrete test cases unless/until a repo coverage tool is configured; do not block on an unverifiable percentage alone."
Fortemi/fortemi#791,https://git.integrolabs.net/Fortemi/fortemi/issues/791,open,test(matric-db): Referenced archive registry migration and repository coverage,P0,,P0: Blocker; area/archives; area/crud; area/extraction; blocked; documentation; effort/medium; infrastructure; security; testing,Referenced storage follow-up,,2026-06-22T23:08:57Z,75,5,F,retain-gated,"Resolve source containment, scanner, error, derived-storage and transfer policy first; implement the issue in dependency order, with source-no-write, quarantine and isolation tests before rollout.",,read,stale-60d; no-assignee; blocked-label-without-open-native-edge,7,https://git.integrolabs.net/Fortemi/fortemi/issues/791,evidence/Fortemi--fortemi-issues.json,"Server storage, jobs and API maintainers","Phase 4; design-first, not current release P0","Resolve source containment, scanner, error, derived-storage and transfer policy first; implement the issue in dependency order, with source-no-write, quarantine and isolation tests before rollout. Map every original acceptance criterion to the exact delivered artifact or an explicit supersession decision.",2026-09-07,First qualified stable opportunity after prerequisites; expedited customer/security patch when justified. No phase-date promise.,audit-355,"- [ ] Migration test starts with a database containing existing Managed archives and verifies they remain Managed with unchanged behavior after the Referenced migration.
- [ ] Repository tests cover creating/getting/listing Referenced archive metadata with storage mode, source display/redaction behavior, scan config, scan status, counters, and last error fields.
- [ ] Cache tests prove archive registry/default archive cache TTL and refresh logic includes the new fields correctly.
- [ ] Clone/export/import behavior is tested: Referenced-to-Referenced clone requires an explicit new validated source path or is rejected with the documented error.
- [ ] Drop/delete tests prove source entries are treated differently from managed blobs and do not trigger source-file deletion.
- [ ] Tests cover invalid enum/status values, null/empty source path constraints, and Managed archive backward compatibility.
- [ ] Coverage requirement is expressed as concrete test cases unless/until a repo coverage tool is configured; do not block on an unverifiable percentage alone."
Fortemi/fortemi#792,https://git.integrolabs.net/Fortemi/fortemi/issues/792,open,test(matric-jobs): ScanWalker and secret pre-scan coverage,P0,,P0: Blocker; area/archives; area/extraction; blocked; effort/medium; jobs; security; testing,Referenced storage follow-up,,2026-06-22T23:11:32Z,75,4,F,retain-gated,"Resolve source containment, scanner, error, derived-storage and transfer policy first; implement the issue in dependency order, with source-no-write, quarantine and isolation tests before rollout.",,read,stale-60d; no-assignee; blocked-label-without-open-native-edge,7,https://git.integrolabs.net/Fortemi/fortemi/issues/792,evidence/Fortemi--fortemi-issues.json,"Server storage, jobs and API maintainers","Phase 4; design-first, not current release P0","Resolve source containment, scanner, error, derived-storage and transfer policy first; implement the issue in dependency order, with source-no-write, quarantine and isolation tests before rollout. Map every original acceptance criterion to the exact delivered artifact or an explicit supersession decision.",2026-09-07,First qualified stable opportunity after prerequisites; expedited customer/security patch when justified. No phase-date promise.,audit-355,"- [ ] Unit and integration tests cover ignore-aware traversal for representative fixtures: Rust `target`, Node dependencies/build output, Python virtualenv/cache, mixed repositories, and nested ignore files.
- [ ] Tests cover path denylist quarantine for `.env`, private key names, credential/token files, and configured denylist patterns.
- [ ] Tests cover content secret scan for PEM private key headers, AWS-style keys, GitHub-style tokens, JWT-like values, and benign near-misses that must not be quarantined.
- [ ] Property/table-driven tests cover generated fixtures with and without embedded secret signatures; false positives/negatives are bounded by explicit expectations.
- [ ] Tests verify no matched secret values, raw file contents, or raw regex captures are stored in quarantine records or emitted to logs.
- [ ] Symlink loop, out-of-root symlink, permission-denied, and max-file-size behavior are tested with deterministic counters.
- [ ] If coverage percentage gates are required, first add/configure a repo coverage tool in CI; otherwise this gate is satisfied by the concrete tests above and #797 aggregate CI evidence."
Fortemi/fortemi#793,https://git.integrolabs.net/Fortemi/fortemi/issues/793,open,"test(matric-jobs): DirectoryScan integration tests for idempotency, re-ingest, and search visibility",P0,,P0: Blocker; area/archives; area/extraction; blocked; documentation; effort/medium; infrastructure; jobs; security; testing,Referenced storage follow-up,,2026-06-22T23:08:57Z,75,4,F,retain-gated,"Resolve source containment, scanner, error, derived-storage and transfer policy first; implement the issue in dependency order, with source-no-write, quarantine and isolation tests before rollout.",,read,stale-60d; no-assignee; blocked-label-without-open-native-edge,7,https://git.integrolabs.net/Fortemi/fortemi/issues/793,evidence/Fortemi--fortemi-issues.json,"Server storage, jobs and API maintainers","Phase 4; design-first, not current release P0","Resolve source containment, scanner, error, derived-storage and transfer policy first; implement the issue in dependency order, with source-no-write, quarantine and isolation tests before rollout. Map every original acceptance criterion to the exact delivered artifact or an explicit supersession decision.",2026-09-07,First qualified stable opportunity after prerequisites; expedited customer/security patch when justified. No phase-date promise.,audit-355,"- [ ] Fixture scan test creates a Referenced archive, runs DirectoryScan, and verifies registered source entries, extraction/indexing jobs, and final scan counters.
- [ ] Idempotency test runs two scans over identical source content and verifies row counts/chunk counts do not duplicate.
- [ ] Re-ingest test modifies one source file and verifies replacement/update semantics without orphan chunks or stale search results.
- [ ] Search smoke test proves ingested referenced content appears through `/api/v1/search` or the repository search path selected for tests.
- [ ] Quarantined files are excluded from extraction/indexing and counted in scan status.
- [ ] Perf smoke uses a bounded fixture and records timing as diagnostic evidence; do not make an unstable wall-clock threshold the only pass/fail signal unless CI hardware is controlled.
- [ ] Failure tests cover missing source, permission denied, scan cancellation/error status, and retry without source mutation."
Fortemi/fortemi#794,https://git.integrolabs.net/Fortemi/fortemi/issues/794,open,test(matric-jobs): derived artifact storage and cleanup for Referenced archives,P1,,P1: High; area/archives; area/extraction; blocked; documentation; effort/medium; infrastructure; jobs; security; testing,Referenced storage follow-up,,2026-06-22T23:15:03Z,75,5,F,retain-gated,"Resolve source containment, scanner, error, derived-storage and transfer policy first; implement the issue in dependency order, with source-no-write, quarantine and isolation tests before rollout.",,read,stale-60d; no-assignee; blocked-label-without-open-native-edge,6,https://git.integrolabs.net/Fortemi/fortemi/issues/794,evidence/Fortemi--fortemi-issues.json,"Server storage, jobs and API maintainers","Phase 4; design-first, not current release P0","Resolve source containment, scanner, error, derived-storage and transfer policy first; implement the issue in dependency order, with source-no-write, quarantine and isolation tests before rollout. Map every original acceptance criterion to the exact delivered artifact or an explicit supersession decision.",2026-09-07,First qualified stable opportunity after prerequisites; expedited customer/security patch when justified. No phase-date promise.,audit-355,"- [ ] Ingest an image/video/document fixture through a Referenced archive and verify thumbnails/transcodes/text derivatives are written under the configured Fortemi-managed derived storage location.
- [ ] Assert no derivative, temp file, metadata file, or cleanup marker is written to the source directory.
- [ ] Managed archive derived-artifact behavior remains unchanged.
- [ ] Deleting/dropping a Referenced archive removes only Fortemi-managed derivatives according to #743/#768 policy and leaves source files intact.
- [ ] Partial cleanup failure is observable and retryable without touching source files.
- [ ] Tests coordinate with #783 so drop-safety behavior is covered at both jobs/storage and API/security levels without contradictory expectations."
Fortemi/fortemi#795,https://git.integrolabs.net/Fortemi/fortemi/issues/795,open,test(matric-api): Referenced archive endpoint and write-gate integration tests,P1,,P1: High; area/archives; area/extraction; area/rest-api; blocked; documentation; effort/medium; infrastructure; security; testing,Referenced storage follow-up,,2026-06-22T23:08:59Z,75,6,F,retain-gated,"Resolve source containment, scanner, error, derived-storage and transfer policy first; implement the issue in dependency order, with source-no-write, quarantine and isolation tests before rollout.",,read,stale-60d; no-assignee; blocked-label-without-open-native-edge,9,https://git.integrolabs.net/Fortemi/fortemi/issues/795,evidence/Fortemi--fortemi-issues.json,"Server storage, jobs and API maintainers","Phase 4; design-first, not current release P0","Resolve source containment, scanner, error, derived-storage and transfer policy first; implement the issue in dependency order, with source-no-write, quarantine and isolation tests before rollout. Map every original acceptance criterion to the exact delivered artifact or an explicit supersession decision.",2026-09-07,First qualified stable opportunity after prerequisites; expedited customer/security patch when justified. No phase-date promise.,audit-355,"- [ ] Create endpoint test covers valid Referenced archive creation with a source path under configured roots.
- [ ] Create validation tests cover missing source path, nonexistent source path, outside allowlist, traversal/symlink escape, hosted Referenced-operation denial without explicit tenant-safe path policy, and path redaction in errors.
- [ ] Feature-disabled tests cover create/rescan/status/quarantine returning the shared disabled error with no path canonicalization, source fixture access, or DirectoryScan enqueue side effects.
- [ ] Rescan endpoint returns async job response and enqueues/runs DirectoryScan through the test harness when Referenced storage is enabled and policy permits it.
- [ ] Scan-status endpoint reports lifecycle state, counters, last scan time, and failure state without leaking unauthorized host paths.
- [ ] Quarantined-files endpoint test covers metadata-only response and pagination.
- [ ] Write-gate test coordinates with #782 to ensure every mutating archive/content route has an explicit Referenced-mode decision.
- [ ] End-to-end smoke test: create Referenced archive, rescan, poll status to completion, then search returns non-quarantined content.
- [ ] Managed archive API behavior remains unchanged."
Fortemi/fortemi#796,https://git.integrolabs.net/Fortemi/fortemi/issues/796,open,test(mcp-server): Referenced archive MCP schema and backward-compatibility tests,P1,,P1: High; area/archives; area/extraction; area/rest-api; blocked; documentation; effort/medium; infrastructure; mcp-api; security; testing,Referenced storage follow-up,,2026-06-23T00:30:58Z,75,6,F,retain-gated,"Resolve source containment, scanner, error, derived-storage and transfer policy first; implement the issue in dependency order, with source-no-write, quarantine and isolation tests before rollout.",,read,stale-60d; no-assignee; blocked-label-without-open-native-edge,6,https://git.integrolabs.net/Fortemi/fortemi/issues/796,evidence/Fortemi--fortemi-issues.json,"Server storage, jobs and API maintainers","Phase 4; design-first, not current release P0","Resolve source containment, scanner, error, derived-storage and transfer policy first; implement the issue in dependency order, with source-no-write, quarantine and isolation tests before rollout. Map every original acceptance criterion to the exact delivered artifact or an explicit supersession decision.",2026-09-07,First qualified stable opportunity after prerequisites; expedited customer/security patch when justified. No phase-date promise.,audit-355,"- [ ] Schema validation passes for updated `manage_archives` and new `rescan_archive`/scan-status documentation if added.
- [ ] Backward compatibility: existing `manage_archives` calls without `storage_mode` still create Managed archives and existing list/get/update/delete/stats/clone tests continue passing.
- [ ] Referenced create validation requires `source_path` for `storage_mode=""referenced""` and delegates allowlist/canonicalization decisions to the REST API.
- [ ] `rescan_archive` returns async job/status data and never accepts arbitrary source paths.
- [ ] Error-path tests cover feature disabled, managed archive unsupported for rescan, missing archive, unauthorized caller, and no host-path leakage.
- [ ] `get_documentation` tests verify Referenced guidance after #779 lands."
Fortemi/fortemi#797,https://git.integrolabs.net/Fortemi/fortemi/issues/797,open,test(security): Referenced storage TI-EXTSTORAGE aggregate CI gate,P0,,P0: Blocker; area/archives; area/extraction; blocked; documentation; effort/medium; infrastructure; security; testing,Referenced storage follow-up,,2026-06-22T23:11:32Z,75,8,F,retain-gated,"Resolve source containment, scanner, error, derived-storage and transfer policy first; implement the issue in dependency order, with source-no-write, quarantine and isolation tests before rollout.",,read,stale-60d; no-assignee; blocked-label-without-open-native-edge,7,https://git.integrolabs.net/Fortemi/fortemi/issues/797,evidence/Fortemi--fortemi-issues.json,"Server storage, jobs and API maintainers","Phase 4; design-first, not current release P0","Resolve source containment, scanner, error, derived-storage and transfer policy first; implement the issue in dependency order, with source-no-write, quarantine and isolation tests before rollout. Map every original acceptance criterion to the exact delivered artifact or an explicit supersession decision.",2026-09-07,First qualified stable opportunity after prerequisites; expedited customer/security patch when justified. No phase-date promise.,audit-355,"- [ ] All Referenced security tests from #780, #781, #782, and #783 run in CI for every pull request/merge path that can change API, DB, jobs, MCP, or storage code.
- [ ] CI fails on any TI-EXTSTORAGE failure. No `continue-on-error`, blanket ignore, or feature flag may make the suite advisory for release branches.
- [ ] Tests are named/tagged consistently, for example `security_referenced` and `TI_EXTSTORAGE_*`, so future maintainers can find and run them directly.
- [ ] The workflow includes any required temp-directory/mount simulation setup without depending on privileged host mounts in normal CI.
- [ ] If any cases must be `#[ignore]` for expensive/privileged simulation, `.gitea/workflows/test.yml` must run that ignored subset explicitly and fail on errors.
- [ ] Release/runbook documentation names this gate as mandatory for Referenced storage rollout.
- [ ] Parent #736 cannot be closed until this issue and all child TI-EXTSTORAGE issues are passing and linked in CI evidence."
Fortemi/fortemi#798,https://git.integrolabs.net/Fortemi/fortemi/issues/798,open,test(docs): Referenced storage documentation validation and clean walkthrough,P1,,P1: High; area/archives; area/extraction; blocked; documentation; effort/medium; infrastructure; security; testing,Referenced storage follow-up,,2026-06-22T23:18:53Z,75,6,F,retain-gated,"Resolve source containment, scanner, error, derived-storage and transfer policy first; implement the issue in dependency order, with source-no-write, quarantine and isolation tests before rollout.",,read,stale-60d; no-assignee; blocked-label-without-open-native-edge,6,https://git.integrolabs.net/Fortemi/fortemi/issues/798,evidence/Fortemi--fortemi-issues.json,"Server storage, jobs and API maintainers","Phase 4; design-first, not current release P0","Resolve source containment, scanner, error, derived-storage and transfer policy first; implement the issue in dependency order, with source-no-write, quarantine and isolation tests before rollout. Map every original acceptance criterion to the exact delivered artifact or an explicit supersession decision.",2026-09-07,First qualified stable opportunity after prerequisites; expedited customer/security patch when justified. No phase-date promise.,audit-355,"- [ ] Docs manifest/build validation passes for `CLAUDE.md`, #785 deployment docs, #786 multi-memory guide updates, #787 operator guide, #788 generated API docs, #789 runbooks, and #802 rollout docs.
- [ ] Link/reference validation passes with no broken local references or stale `WS-*` planning placeholders.
- [ ] A clean Docker/operator walkthrough validates the documented setup: configure read-only source mount/root allowlist, create Referenced archive, rescan, check scan status, verify search result, review quarantine metadata, disable feature/rollback.
- [ ] Walkthrough uses safe fixture data and never asks operators to expose real secrets or host paths in logs/screenshots.
- [ ] Any OpenAPI/Swagger validation uses the actual generated artifact/path from the current docs pipeline, not a nonexistent static file.
- [ ] Results are captured as release evidence for #736 closure."
Fortemi/fortemi#799,https://git.integrolabs.net/Fortemi/fortemi/issues/799,open,chore(deploy): default-off feature flag for Referenced storage surfaces,P1,,P1: High; area/archives; area/extraction; area/rest-api; blocked; documentation; effort/medium; infrastructure; jobs; security; testing,Referenced storage follow-up,,2026-06-22T23:11:30Z,75,5,F,retain-gated,"Resolve source containment, scanner, error, derived-storage and transfer policy first; implement the issue in dependency order, with source-no-write, quarantine and isolation tests before rollout.",,read,stale-60d; no-assignee; blocked-label-without-open-native-edge,8,https://git.integrolabs.net/Fortemi/fortemi/issues/799,evidence/Fortemi--fortemi-issues.json,"Server storage, jobs and API maintainers","Phase 4; design-first, not current release P0","Resolve source containment, scanner, error, derived-storage and transfer policy first; implement the issue in dependency order, with source-no-write, quarantine and isolation tests before rollout. Map every original acceptance criterion to the exact delivered artifact or an explicit supersession decision.",2026-09-07,First qualified stable opportunity after prerequisites; expedited customer/security patch when justified. No phase-date promise.,audit-355,"- [ ] Choose and document the final flag name. Prefer a specific name such as `FORTEMI_REFERENCED_STORAGE_ENABLED` unless product compatibility requires the older `FORTEMI_EXTERNAL_STORAGE_ENABLED` alias.
- [ ] Default is off for all deployments until the rollout runbook says otherwise.
- [ ] When disabled, Referenced create/rescan/status/quarantine routes return a stable disabled response and perform no source-path validation or job side effects.
- [ ] When disabled, MCP does not advertise live Referenced tools or rejects Referenced actions with a clear feature-disabled error while preserving Managed archive behavior.
- [ ] When disabled, DirectoryScan workers do not start new Referenced scans; queued work is preserved or marked deferred according to the final job policy.
- [ ] Managed archives, regular extraction jobs, and existing archive APIs are unaffected by toggling the flag.
- [ ] `.env.example`, deployment docs, and rollout/rollback runbooks explain enable/disable semantics.
- [ ] Integration test covers off -> on -> off behavior, queued scan handling, and Managed archive non-regression."
Fortemi/fortemi#800,https://git.integrolabs.net/Fortemi/fortemi/issues/800,open,chore(observability): Referenced storage metrics and alerts with bounded labels,P1,,P1: High; area/archives; area/extraction; blocked; documentation; effort/medium; infrastructure; security; testing,Referenced storage follow-up,,2026-06-22T23:21:02Z,75,9,F,retain-gated,"Resolve source containment, scanner, error, derived-storage and transfer policy first; implement the issue in dependency order, with source-no-write, quarantine and isolation tests before rollout.",,read,stale-60d; no-assignee; blocked-label-without-open-native-edge,7,https://git.integrolabs.net/Fortemi/fortemi/issues/800,evidence/Fortemi--fortemi-issues.json,"Server storage, jobs and API maintainers","Phase 4; design-first, not current release P0","Resolve source containment, scanner, error, derived-storage and transfer policy first; implement the issue in dependency order, with source-no-write, quarantine and isolation tests before rollout. Map every original acceptance criterion to the exact delivered artifact or an explicit supersession decision.",2026-09-07,First qualified stable opportunity after prerequisites; expedited customer/security patch when justified. No phase-date promise.,audit-355,"- [ ] Metrics use bounded labels only. Do not label Prometheus metrics with raw archive names, source paths, file paths, tenant ids, API key ids, or secret/rule values that can grow unbounded.
- [ ] Provide low-cardinality counters/gauges/histograms for scan jobs by status/result, files processed/quarantined by rule family/severity, scan duration, referenced archive count, derived storage bytes by storage class, and source reachability by safe scope class.
- [ ] High-cardinality archive-specific detail is available through scan-status/reporting APIs or structured logs with redaction, not Prometheus labels.
- [ ] Alerts include source unavailable, scan stuck, high quarantine rate, scan error rate, and abnormal derived-storage growth, each linked to #789/#802 runbooks.
- [ ] Metrics endpoint exposes the new metrics only after the feature is enabled or in a way that cleanly reports zero/disabled state.
- [ ] Tests/validation assert metric names and label allow-lists so file paths/secrets cannot enter labels.
- [ ] Alert thresholds are configurable and documented with conservative defaults."
Fortemi/fortemi#801,https://git.integrolabs.net/Fortemi/fortemi/issues/801,open,chore(ops): DirectoryScan graceful shutdown and content-hash resume verification,P1,,P1: High; area/archives; area/extraction; blocked; documentation; effort/medium; infrastructure; jobs; security; testing,Referenced storage follow-up,,2026-06-22T23:21:02Z,75,5,F,retain-gated,"Resolve source containment, scanner, error, derived-storage and transfer policy first; implement the issue in dependency order, with source-no-write, quarantine and isolation tests before rollout.",,read,stale-60d; no-assignee; blocked-label-without-open-native-edge,7,https://git.integrolabs.net/Fortemi/fortemi/issues/801,evidence/Fortemi--fortemi-issues.json,"Server storage, jobs and API maintainers","Phase 4; design-first, not current release P0","Resolve source containment, scanner, error, derived-storage and transfer policy first; implement the issue in dependency order, with source-no-write, quarantine and isolation tests before rollout. Map every original acceptance criterion to the exact delivered artifact or an explicit supersession decision.",2026-09-07,First qualified stable opportunity after prerequisites; expedited customer/security patch when justified. No phase-date promise.,audit-355,"- [ ] DirectoryScan periodically records progress/checkpoints in the jobs table or equivalent durable job state without storing secrets or raw file contents.
- [ ] On shutdown/SIGTERM, scanner stops accepting new files, finishes or safely aborts the current file unit, persists progress/error state, and exits within the orchestrator grace period.
- [ ] Resume/retry uses content hash and source identity to avoid duplicate blobs/chunks and to reprocess any file whose prior transaction was incomplete.
- [ ] Resume test simulates termination mid-scan and verifies final metadata/search/row counts match an uninterrupted scan.
- [ ] Shutdown during quarantine handling does not lose quarantine evidence or leak secret values in job progress/logs.
- [ ] Behavior is documented in #789/#802 runbooks, including when operator intervention is required.
- [ ] Implementation avoids a bespoke signal handler if the existing worker runtime already provides cooperative shutdown hooks; reuse project worker patterns where possible."
Fortemi/fortemi#802,https://git.integrolabs.net/Fortemi/fortemi/issues/802,open,chore(deploy): Referenced storage production rollout and soft-rollback runbook,P1,,P1: High; area/archives; area/extraction; blocked; documentation; effort/medium; infrastructure; security; testing,Referenced storage follow-up,,2026-06-22T23:08:19Z,75,9,F,retain-gated,"Resolve source containment, scanner, error, derived-storage and transfer policy first; implement the issue in dependency order, with source-no-write, quarantine and isolation tests before rollout.",,read,stale-60d; no-assignee; blocked-label-without-open-native-edge,7,https://git.integrolabs.net/Fortemi/fortemi/issues/802,evidence/Fortemi--fortemi-issues.json,"Server storage, jobs and API maintainers","Phase 4; design-first, not current release P0","Resolve source containment, scanner, error, derived-storage and transfer policy first; implement the issue in dependency order, with source-no-write, quarantine and isolation tests before rollout. Map every original acceptance criterion to the exact delivered artifact or an explicit supersession decision.",2026-09-07,First qualified stable opportunity after prerequisites; expedited customer/security patch when justified. No phase-date promise.,audit-355,"- [ ] Runbook covers staging migration, feature flag enablement, read-only source mount/root allowlist setup, smoke scan, API/MCP checks, production migration, production enablement, 24h monitoring, and rollback.
- [ ] Steps include copy-pasteable commands where practical for env changes, service restart, health checks, scan-status checks, metrics checks, and rollback checks.
- [ ] Soft rollback is explicit: disable the Referenced feature flag, preserve queued scan work according to #799, keep Managed archives unaffected, and never delete operator source files.
- [ ] Hard rollback is documented as last resort only, with explicit operator approval before migration/data-shape rollback.
- [ ] Monitoring section references #800 metrics/alerts and #789 runbooks for source unavailable, stuck scan, high quarantine rate, scan error rate, and derived-storage growth.
- [ ] Runbook calls out v1 constraints: no live watching (#742/v2), mandatory secret pre-scan, hosted/multi-tenant root policy, metadata-only quarantine review, and derived artifacts in Fortemi-managed storage.
- [ ] Release checklist links evidence from #797 security gate, #798 docs validation, #799 flag behavior, #800 observability, and #801 shutdown/resume testing."
Fortemi/fortemi#853,https://git.integrolabs.net/Fortemi/fortemi/issues/853,open,feat(mcp): Rust in-process MCP server + enterprise extension model decision,P3,,P3: Low; blocked; documentation; effort/large; enhancement; infrastructure; mcp-api; security; testing; tier/licensed-server,,,2026-06-29T17:56:48Z,69,13,C,retain-gated,"Reconcile issue acceptance with current source, close the remaining exact enforcement/test cells and pass repository delivery gates before promoting the affected surface.",,read,stale-60d; no-milestone; no-assignee; blocked-label-without-open-native-edge,7,https://git.integrolabs.net/Fortemi/fortemi/issues/853,evidence/Fortemi--fortemi-issues.json,Server and client maintainers,Next; Phase 0 / Phase 1,"Reconcile issue acceptance with current source, close the remaining exact enforcement/test cells and pass repository delivery gates before promoting the affected surface. Map every original acceptance criterion to the exact delivered artifact or an explicit supersession decision.",2026-09-07,First qualified stable opportunity after prerequisites; expedited customer/security patch when justified. No phase-date promise.,audit-355,"- [ ] ADR amendment records process model, SDK choice, transport support, and plugin-loading model.
- [ ] Rust MCP path exposes the current core/full tool surfaces with parity tests.
- [ ] Stdio and Streamable HTTP support are implemented or explicitly scoped with SDK-gap rationale.
- [ ] Per-tool authorization, filtered `list_tools`, audit events, and rate limits are enforced.
- [ ] CE Node MCP server remains functional and unchanged by default.
- [ ] Example EE extension demonstrates the chosen plugin model.
- [ ] Benchmark quantifies latency/throughput difference from the current Node REST-wrapper server."
Fortemi/fortemi#863,https://git.integrolabs.net/Fortemi/fortemi/issues/863,open,"EPIC: Universal Model Gateway — multi-protocol model control plane, metering, and policy",P2,,P2: Medium; area/rest-api; effort/large; epic; new-feature; security; testing,,,2026-06-22T21:55:37Z,75,18,C,execute,"Reconcile issue acceptance with current source, close the remaining exact enforcement/test cells and pass repository delivery gates before promoting the affected surface.",,read,stale-60d; no-milestone; no-assignee,17,https://git.integrolabs.net/Fortemi/fortemi/issues/863,evidence/Fortemi--fortemi-issues.json,Server and client maintainers,Next; Phase 0 / Phase 1,"Reconcile issue acceptance with current source, close the remaining exact enforcement/test cells and pass repository delivery gates before promoting the affected surface. Map every original acceptance criterion to the exact delivered artifact or an explicit supersession decision.",2026-09-07,First qualified stable opportunity after prerequisites; expedited customer/security patch when justified. No phase-date promise.,audit-355,"- [ ] B10 #873: canonical request/response/stream model + adapter framework.
- [ ] B1 #864: OpenAI-compatible `/v1/chat/completions` non-streaming bridge path.
- [ ] B14 #877: usage metering/cost ledger integration with the shared UsageMeter plan (#713).
- [ ] B2 #865: OpenAI-compatible streaming (SSE) bridge path.
- [ ] B3 #866: OpenAI-compatible `/v1/models` + qualified-slug exposure.
- [ ] B6 #869: OpenAI-compatible `/v1/embeddings` passthrough.
- [ ] B11 #874: Anthropic Messages inbound adapter + outbound provider.
- [ ] B12 #875: Gemini adapter/provider; preserve Gemini thought-signature constraints and direct Gemini API boundaries.
- [ ] B13 #876: outbound vLLM, LiteLLM, Azure OpenAI, AWS Bedrock.
- [ ] B4 #867: explicit bridge route policy header/field aligned with provider-route policy (#680).
- [ ] B17 #880: exact + semantic cache and value routing, after filtered semantic search is fixed (#885) and usage/pricing data exists.
- [ ] B15 #878: usage/reporting endpoints + Prometheus metrics.
- [ ] B16 #879: budgets and spend alerts/enforcement, behind quota primitives (#713/#714).
- [ ] B5 #868: optional session logging to `bridge-session` notes.
- [ ] B7 #870: per-consumer policy using centralized AuthorizationPolicy (#710), UsageMeter/QuotaPolicy (#713/#714), and audit sink (#711).
- [ ] B8 #871: analytics worker from session notes to Gitea issues.
- [ ] B9 #872: provider bridge docs, OpenAPI, contract tests, and protocol fixtures."
Fortemi/fortemi#864,https://git.integrolabs.net/Fortemi/fortemi/issues/864,open,feat(bridge): B1 — OpenAI-compatible Chat Completions gateway over trusted ProviderRegistry resolver,P1,,P1: High; area/auth; area/rest-api; blocked; effort/medium; new-feature; security; testing,Bridge foundation,,2026-08-24T20:33:49Z,12,17,E,retain-gated,"Complete the canonical provider/protocol and policy prerequisites before adapters; prove streaming, metering, quota, destination and retention behavior for the declared provider profile.",,read,no-assignee; blocked-label-without-open-native-edge,13,https://git.integrolabs.net/Fortemi/fortemi/issues/864,evidence/Fortemi--fortemi-issues.json,Server inference and gateway maintainers,Phase 3 after foundation contracts,"Complete the canonical provider/protocol and policy prerequisites before adapters; prove streaming, metering, quota, destination and retention behavior for the declared provider profile. Map every original acceptance criterion to the exact delivered artifact or an explicit supersession decision.",2026-09-07,First qualified stable opportunity after prerequisites; expedited customer/security patch when justified. No phase-date promise.,audit-355,"- [ ] New opt-in bridge router mounted under `/api/v1/bridge` and gated by `FORTEMI_BRIDGE_ENABLED=false` by default; disabled route returns 404 or a clear disabled response without provider side effects.
- [ ] `POST /v1/chat/completions` accepts non-streaming OpenAI Chat Completions fields required for Fortemi's first path: `model`, `messages`, `temperature`, `max_tokens`/`max_completion_tokens`, `stop`, and `stream:false` or absent.
- [ ] Response shape matches OpenAI-compatible Chat Completions enough for standard SDK clients: `id`, `object:""chat.completion""`, `created`, `model`, `choices[].message`, `choices[].finish_reason`, and `usage` when available.
- [ ] `model` accepts provider-qualified slugs such as `openai:gpt-*`, `ollama:qwen*`, `openrouter:*`; exact provider-qualified slugs bypass later weighted routing unless #680 explicitly changes that policy.
- [ ] Provider lookup goes through the #666 resolver, preserving request/archive scope when present; no new bridge-local provider registry fork.
- [ ] Provider destinations are resolved from trusted server/operator/provider-profile config and validated through #920 before any outbound request; arbitrary request JSON `base_url` values are not accepted by this hosted bridge route.
- [ ] B1 does not call the stateless `resolve_generation_inline(api_key, base_url, ...)` path with user-supplied credentials or destinations.
- [ ] Provider API keys are loaded server-side and never appear in response bodies, structured logs, traces, audit metadata, usage attrs, or error strings.
- [ ] Requires valid Fortemi auth when auth is enabled; route calls the shared AuthorizationPolicy (#710) when available rather than duplicating bridge-only checks.
- [ ] Local/self-hosted provider calls use the #600 admission/backpressure path; at capacity the bridge returns the agreed fail-fast status instead of bypassing semaphores.
- [ ] Emits usage/audit hooks for request accepted, provider selected, destination denied, provider failed, and response completed; B14/#713 can persist the accounting later.
- [ ] Usage passthrough preserves richer provider detail where present for #873/#877: raw scrubbed provider usage, input/output totals, cache/reasoning/audio buckets, usage source, and unknown/estimated markers.
- [ ] Tests: bridge disabled, unauthenticated/unauthorized, unknown model, provider key not leaked, provider-qualified slug resolution, destination-policy denial, local-admission rejection, mocked provider happy path, and usage passthrough."
Fortemi/fortemi#865,https://git.integrolabs.net/Fortemi/fortemi/issues/865,open,feat(bridge): B2 — OpenAI-compatible streaming Chat Completions over shared stream/admission path,P1,,P1: High; area/rest-api; blocked; effort/medium; new-feature; security; testing,Bridge foundation,,2026-06-22T23:19:57Z,75,10,E,retain-gated,"Complete the canonical provider/protocol and policy prerequisites before adapters; prove streaming, metering, quota, destination and retention behavior for the declared provider profile.",,read,stale-60d; no-assignee; blocked-label-without-open-native-edge,7,https://git.integrolabs.net/Fortemi/fortemi/issues/865,evidence/Fortemi--fortemi-issues.json,Server inference and gateway maintainers,Phase 3 after foundation contracts,"Complete the canonical provider/protocol and policy prerequisites before adapters; prove streaming, metering, quota, destination and retention behavior for the declared provider profile. Map every original acceptance criterion to the exact delivered artifact or an explicit supersession decision.",2026-09-07,First qualified stable opportunity after prerequisites; expedited customer/security patch when justified. No phase-date promise.,audit-355,"- [ ] `stream:true` returns `text/event-stream` with OpenAI-compatible `chat.completion.chunk` frames and terminal `data: [DONE]`.
- [ ] Streaming output is generated from B10 canonical stream events, then encoded by the OpenAI-compatible inbound adapter.
- [ ] Local/self-hosted calls use the #600 admission/backpressure policy; provider/API rate-limit failures surface as protocol-shaped errors without panics.
- [ ] Request and final/partial stream usage events feed B14/#713; disconnects and provider errors are recorded without double counting retries.
- [ ] If resume/replay is enabled, it uses the shared stream-store/resumption rules from the streaming phase plan (#586/#593-#606), including duplicate suppression and bounded retention.
- [ ] Provider secrets and Fortemi credentials are never written into stream frames, logs, replay buffers, or error chunks.
- [ ] Tests: streamed deltas reassemble to full text, `[DONE]` terminator, provider error chunk, client disconnect accounting, no duplicate replay where resumption is enabled, local-admission rejection."
Fortemi/fortemi#866,https://git.integrolabs.net/Fortemi/fortemi/issues/866,open,feat(bridge): B3 — OpenAI-compatible /v1/models from provider resolver and policy filters,P2,,P2: Medium; area/rest-api; blocked; effort/medium; new-feature; security; testing; tier/licensed-server,Bridge foundation,,2026-06-24T01:41:11Z,74,8,E,retain-gated,"Complete the canonical provider/protocol and policy prerequisites before adapters; prove streaming, metering, quota, destination and retention behavior for the declared provider profile.",,read,stale-60d; no-assignee; blocked-label-without-open-native-edge,7,https://git.integrolabs.net/Fortemi/fortemi/issues/866,evidence/Fortemi--fortemi-issues.json,Server inference and gateway maintainers,Phase 3 after foundation contracts,"Complete the canonical provider/protocol and policy prerequisites before adapters; prove streaming, metering, quota, destination and retention behavior for the declared provider profile. Map every original acceptance criterion to the exact delivered artifact or an explicit supersession decision.",2026-09-07,First qualified stable opportunity after prerequisites; expedited customer/security patch when justified. No phase-date promise.,audit-355,"- [ ] `GET /v1/models` returns `{ ""object"": ""list"", ""data"": [{ ""id"": ""<provider:model>"", ""object"": ""model"", ""owned_by"": ""<provider>"" }, ...] }` for models reachable through configured bridge-capable providers.
- [ ] Model IDs use provider-qualified slugs by default so clients can make deterministic requests; bare slugs are only emitted if a default-provider policy explicitly enables them.
- [ ] The list is built from the #666 resolver/provider registry capability metadata, not ad hoc bridge config.
- [ ] Per-consumer AuthorizationPolicy/bridge policy (#710/#870) filters model visibility; unauthorized models are not listed.
- [ ] Capability metadata distinguishes chat, streaming chat, embeddings, tools, vision, structured output, and local/provider-specific support when available.
- [ ] Unreachable provider handling is configurable: omit by default, include with diagnostics only for authorized admin/debug callers.
- [ ] Tests: configured providers reflected, auth filter hides disallowed models, capability filter works, unknown provider prefix rejected by routing, provider secrets never leak in model metadata."
Fortemi/fortemi#867,https://git.integrolabs.net/Fortemi/fortemi/issues/867,open,feat(bridge): B4 — bridge route policy header aligned with provider-route failover/weighted routing,P2,,P2: Medium; area/rest-api; blocked; effort/medium; new-feature; optimization; security; testing; tier/licensed-server,Bridge foundation,,2026-08-24T20:33:49Z,12,11,E,retain-gated,"Complete the canonical provider/protocol and policy prerequisites before adapters; prove streaming, metering, quota, destination and retention behavior for the declared provider profile.",,read,no-assignee; blocked-label-without-open-native-edge,7,https://git.integrolabs.net/Fortemi/fortemi/issues/867,evidence/Fortemi--fortemi-issues.json,Server inference and gateway maintainers,Phase 3 after foundation contracts,"Complete the canonical provider/protocol and policy prerequisites before adapters; prove streaming, metering, quota, destination and retention behavior for the declared provider profile. Map every original acceptance criterion to the exact delivered artifact or an explicit supersession decision.",2026-09-07,First qualified stable opportunity after prerequisites; expedited customer/security patch when justified. No phase-date promise.,audit-355,"- [ ] Define a bridge route selector (`X-Fortemi-Route` header and/or request metadata) that maps to #680 provider-route policies: `single`, `priority_failover`, `weighted`, and later measured policies such as `least_inflight` or `admission_weighted`.
- [ ] Provider-qualified `model` slugs remain exact-provider requests unless #680 explicitly allows family-level rerouting; fallback/weighted routes apply to virtual model names or configured route aliases.
- [ ] Resolved provider/model/route are returned in scrubbed metadata such as `X-Fortemi-Route-Resolved` and usage/audit events, without exposing secrets or internal credentials.
- [ ] Consumer policy (#710/#870) restricts allowed route policies and provider sets; disallowed route returns 403.
- [ ] Provider failures use #680 retry/failover semantics and #600 admission/backpressure outcomes; retries must not double count usage.
- [ ] `cheapest`, `fastest`, and `best-value` remain unavailable until #877/#878 and latency/cost data exist; if accepted early, return explicit 501/unsupported with docs.
- [ ] Tests: exact slug stays exact, virtual route failover, weighted selection with seeded weights, resolved route metadata, disallowed route 403, retry accounting idempotence."
Fortemi/fortemi#868,https://git.integrolabs.net/Fortemi/fortemi/issues/868,open,feat(bridge): B5 — opt-in bridge session logging with archive policy and audit-safe redaction,P2,,P2: Medium; area/rest-api; blocked; effort/medium; jobs; new-feature; security; testing,Bridge foundation,,2026-06-22T23:20:16Z,75,10,E,retain-gated,"Complete the canonical provider/protocol and policy prerequisites before adapters; prove streaming, metering, quota, destination and retention behavior for the declared provider profile.",,read,stale-60d; no-assignee; blocked-label-without-open-native-edge,7,https://git.integrolabs.net/Fortemi/fortemi/issues/868,evidence/Fortemi--fortemi-issues.json,Server inference and gateway maintainers,Phase 3 after foundation contracts,"Complete the canonical provider/protocol and policy prerequisites before adapters; prove streaming, metering, quota, destination and retention behavior for the declared provider profile. Map every original acceptance criterion to the exact delivered artifact or an explicit supersession decision.",2026-09-07,First qualified stable opportunity after prerequisites; expedited customer/security patch when justified. No phase-date promise.,audit-355,"- [ ] Logging can be enabled per request (`X-Fortemi-Log-Session: true`) only if consumer policy (#870/#710) allows it; per-key default is read from bridge policy.
- [ ] Target archive/memory is resolved through bridge policy and hosted tenant/archive constraints (#707/#733); callers cannot use the header to write outside their allowed scope.
- [ ] Persisted note is tagged `bridge-session` and includes structured frontmatter: request id, consumer/key id, tenant/archive scope, provider, model, route, prompt/completion/estimated tokens, latency, status, cache state, and usage source.
- [ ] Content redaction policy is explicit: provider secrets, Fortemi credentials, raw API keys, auth headers, and internal routing secrets are always removed; optional prompt/content redaction is configurable by policy.
- [ ] Streaming path tees deltas to the client and accumulates the final note body after completion/interruption, recording partial status on disconnect/provider error.
- [ ] Logging failure does not break an already-successful proxied response, but emits audit/telemetry through #711.
- [ ] Tests: logging allowed/denied by policy, target archive enforcement, non-streaming note, streaming partial/final note, logging-off writes nothing, redaction removes secrets, failure is non-fatal and audited."
Fortemi/fortemi#869,https://git.integrolabs.net/Fortemi/fortemi/issues/869,open,feat(bridge): B6 — OpenAI-compatible /v1/embeddings via canonical provider capabilities,P3,,P3: Low; area/rest-api; blocked; effort/medium; new-feature; security; testing,Bridge foundation,,2026-06-22T19:05:08Z,76,6,E,retain-gated,"Complete the canonical provider/protocol and policy prerequisites before adapters; prove streaming, metering, quota, destination and retention behavior for the declared provider profile.",,read,stale-60d; no-assignee; blocked-label-without-open-native-edge,7,https://git.integrolabs.net/Fortemi/fortemi/issues/869,evidence/Fortemi--fortemi-issues.json,Server inference and gateway maintainers,Phase 3 after foundation contracts,"Complete the canonical provider/protocol and policy prerequisites before adapters; prove streaming, metering, quota, destination and retention behavior for the declared provider profile. Map every original acceptance criterion to the exact delivered artifact or an explicit supersession decision.",2026-09-07,First qualified stable opportunity after prerequisites; expedited customer/security patch when justified. No phase-date promise.,audit-355,"- [ ] `POST /v1/embeddings` accepts OpenAI-compatible `model`, `input`, optional `encoding_format`, and provider-supported dimensions where applicable.
- [ ] Response shape includes `object:""list""`, `data[].embedding`, `data[].index`, `model`, and `usage` when available or estimated.
- [ ] Provider lookup uses #666 resolver/capability metadata; providers without embedding capability return a clear 400/unsupported.
- [ ] Policy enforcement uses #710/#870; disallowed embedding provider/model/capability returns 403.
- [ ] Usage events feed #713/#877 with embedding token/count semantics and estimation-source metadata.
- [ ] Dimension policy aligns with #682 so callers cannot silently create vectors incompatible with an archive/index embedding set.
- [ ] Tests: single input, batch input, unsupported provider, disallowed provider, unknown dimensions/model mismatch, provider secret redaction, usage passthrough/estimate."
Fortemi/fortemi#870,https://git.integrolabs.net/Fortemi/fortemi/issues/870,open,"feat(bridge): B7 — per-consumer bridge policy via shared authz, quota, and audit contracts",P2,,P2: Medium; area/auth; blocked; effort/medium; new-feature; security; testing,Bridge foundation,,2026-06-22T23:20:14Z,75,6,E,retain-gated,"Complete the canonical provider/protocol and policy prerequisites before adapters; prove streaming, metering, quota, destination and retention behavior for the declared provider profile.",,read,stale-60d; no-assignee; blocked-label-without-open-native-edge,7,https://git.integrolabs.net/Fortemi/fortemi/issues/870,evidence/Fortemi--fortemi-issues.json,Server inference and gateway maintainers,Phase 3 after foundation contracts,"Complete the canonical provider/protocol and policy prerequisites before adapters; prove streaming, metering, quota, destination and retention behavior for the declared provider profile. Map every original acceptance criterion to the exact delivered artifact or an explicit supersession decision.",2026-09-07,First qualified stable opportunity after prerequisites; expedited customer/security patch when justified. No phase-date promise.,audit-355,"- [ ] Define bridge policy dimensions for provider/model allow-lists, route policies, capabilities (`bridge.chat`, `bridge.embedding`, `bridge.stream`), per-consumer quotas, session-logging default, and target archive/memory for logged sessions.
- [ ] Enforcement calls the shared AuthorizationPolicy (#710): disallowed model/provider/route/capability returns 403 with audit event (#711).
- [ ] Quota/rate decisions call UsageMeter/QuotaPolicy (#713/#714): over quota/rate returns the project-standard 429/RateLimit response.
- [ ] `/v1/models` (#866) filters output through the same policy decision path used by request execution.
- [ ] Defaults are deny-by-default for hosted/multi-tenant mode; standalone/local mode can provide an explicit permissive profile only when configured.
- [ ] Admin/API surface for reading/updating bridge policy never exposes provider secrets and records audit events for policy changes.
- [ ] Tests: disallowed model/provider/route 403, over-quota/rate 429, model-list filtering, default policy, policy update audit event, no secret exposure."
Fortemi/fortemi#871,https://git.integrolabs.net/Fortemi/fortemi/issues/871,open,feat(bridge): B8 — default-off analytics worker from bridge-session notes to Gitea issues,P2,,P2: Medium; blocked; effort/medium; infrastructure; jobs; new-feature; security; testing,Bridge foundation,,2026-06-22T23:20:16Z,75,4,E,retain-gated,"Complete the canonical provider/protocol and policy prerequisites before adapters; prove streaming, metering, quota, destination and retention behavior for the declared provider profile.",,read,stale-60d; no-assignee; blocked-label-without-open-native-edge,8,https://git.integrolabs.net/Fortemi/fortemi/issues/871,evidence/Fortemi--fortemi-issues.json,Server inference and gateway maintainers,Phase 3 after foundation contracts,"Complete the canonical provider/protocol and policy prerequisites before adapters; prove streaming, metering, quota, destination and retention behavior for the declared provider profile. Map every original acceptance criterion to the exact delivered artifact or an explicit supersession decision.",2026-09-07,First qualified stable opportunity after prerequisites; expedited customer/security patch when justified. No phase-date promise.,audit-355,"- [ ] Outbound Gitea client is configured with base URL, owner/repo, and token from server-side secret config; token never appears in logs, notes, issue bodies, telemetry, or errors.
- [ ] Feature flag `FORTEMI_BRIDGE_ANALYTICS_ENABLED=false` by default; no network calls when disabled or unconfigured.
- [ ] Worker scans only policy-authorized `bridge-session` notes produced by #868 and respects tenant/archive boundaries.
- [ ] Pattern rules are configurable and versioned: repeated provider errors, latency/cost spikes, quota pressure, cache misses, recurring client misuse, and unsupported-model requests.
- [ ] Dedup uses a stable fingerprint and updates/comments on an existing issue instead of filing duplicates.
- [ ] Dry-run mode records intended actions without creating/updating issues.
- [ ] Audit events (#711) record outbound issue creation/update decisions without leaking session content beyond policy.
- [ ] Tests: disabled mode makes no calls, dry-run makes no calls, dedup comment/update, token redaction, tenant/archive filtering, rate limit behavior."
Fortemi/fortemi#872,https://git.integrolabs.net/Fortemi/fortemi/issues/872,open,"docs+test(bridge): B9 — provider bridge docs, OpenAPI, fixtures, and contract tests",P2,,P2: Medium; blocked; documentation; effort/medium; security; testing,Bridge foundation,,2026-06-23T01:18:31Z,75,13,E,retain-gated,"Complete the canonical provider/protocol and policy prerequisites before adapters; prove streaming, metering, quota, destination and retention behavior for the declared provider profile.",,read,stale-60d; no-assignee; blocked-label-without-open-native-edge,7,https://git.integrolabs.net/Fortemi/fortemi/issues/872,evidence/Fortemi--fortemi-issues.json,Server inference and gateway maintainers,Phase 3 after foundation contracts,"Complete the canonical provider/protocol and policy prerequisites before adapters; prove streaming, metering, quota, destination and retention behavior for the declared provider profile. Map every original acceptance criterion to the exact delivered artifact or an explicit supersession decision.",2026-09-07,First qualified stable opportunity after prerequisites; expedited customer/security patch when justified. No phase-date promise.,audit-355,"- [ ] `docs/content/provider-bridge.md` or successor guide covers enablement, base URL, auth, SDK configuration, provider-qualified model slugs, route policies, model listing, streaming, embeddings, session logging, usage/cost behavior, and security posture.
- [ ] Docs identify the current supported surface by release: Chat Completions first, OpenAI Responses/Anthropic/Gemini as canonical/follow-up adapters unless implemented.
- [ ] OpenAPI/Swagger entries cover only implemented endpoints and flags, with planned endpoints linked to issues rather than documented as live.
- [ ] Contract fixtures cover OpenAI-compatible Chat Completions non-streaming/streaming, `/v1/models`, embeddings, policy failure, provider failure, and secret-redaction behavior as those slices land.
- [ ] B10 protocol fixtures live near tests and are referenced from docs so provider expansions can reuse them.
- [ ] `.env.example` documents `FORTEMI_BRIDGE_ENABLED`, analytics flags, Gitea integration flags, and any route/logging policy variables once implemented.
- [ ] docs-sync, mention validation, and OpenAPI generation/check pass."
Fortemi/fortemi#873,https://git.integrolabs.net/Fortemi/fortemi/issues/873,open,"feat(bridge): B10 — canonical model and protocol adapter framework for Chat Completions, Responses, Messages, and Gemini",P1,,P1: High; area/rest-api; effort/large; new-feature; security; testing,Bridge foundation,,2026-06-22T23:30:16Z,75,15,E,execute,"Complete the canonical provider/protocol and policy prerequisites before adapters; prove streaming, metering, quota, destination and retention behavior for the declared provider profile.",,read,stale-60d; no-assignee,13,https://git.integrolabs.net/Fortemi/fortemi/issues/873,evidence/Fortemi--fortemi-issues.json,Server inference and gateway maintainers,Phase 3 after foundation contracts,"Complete the canonical provider/protocol and policy prerequisites before adapters; prove streaming, metering, quota, destination and retention behavior for the declared provider profile. Map every original acceptance criterion to the exact delivered artifact or an explicit supersession decision.",2026-09-07,First qualified stable opportunity after prerequisites; expedited customer/security patch when justified. No phase-date promise.,audit-355,"- [ ] `InboundAdapter` decodes client wire request into canonical request and encodes canonical response/events back into the client's protocol.
- [ ] `OutboundAdapter` encodes canonical request into provider/router wire format and decodes provider response/events into canonical response/events.
- [ ] Adapters declare capabilities: chat, responses/stateful, embeddings, vision, tools, structured output, streaming, usage reporting, cache token reporting, reasoning controls, and provider extensions.
- [ ] Lossy translation is explicit: response headers/metadata surface warnings without leaking provider secrets or hidden prompt content.
- [ ] Provider-specific continuation state can round-trip when required. Gemini thought signatures are the concrete test case; dropping active-turn function-call signatures can break later calls.
- [ ] Usage fields are normalized for #713/#877 but retain provider raw usage under scrubbed diagnostic metadata for debugging.
- [ ] Existing OpenAI-compatible B1/B2/B3/B6 paths can be implemented on this framework, but B1 may initially land a narrow Chat Completions adapter if this issue has approved interfaces.
- [ ] OpenAI Chat Completions non-streaming request/response fixture round-trips through canonical.
- [ ] OpenAI Chat Completions streaming chunks reassemble into canonical output and encode back to SDK-compatible chunks.
- [ ] OpenAI Responses fixture maps into canonical without being forced into Chat Completions-only fields; unsupported stateful/built-in tool fields are marked explicitly.
- [ ] Anthropic Messages fixture maps system/messages/content blocks/tool use/usage into canonical; SSE content-block deltas reassemble.
- [ ] Gemini OpenAI-compatible fixture with tool calls preserves thought-signature metadata needed for the active turn.
- [ ] Cross-protocol matrix: OpenAI-in to Anthropic/Gemini/OpenAI-compatible out, Anthropic-in to OpenAI-compatible out, Gemini-in to OpenAI-compatible out; assertions cover content, tool calls where possible, usage, and lossy warnings."
Fortemi/fortemi#874,https://git.integrolabs.net/Fortemi/fortemi/issues/874,open,feat(bridge): B11 — Anthropic Messages API (inbound adapter + outbound provider),P2,,P2: Medium; area/rest-api; blocked; effort/medium; new-feature; security; testing,Bridge provider expansion blocked,,2026-06-22T23:30:15Z,75,4,E,retain-gated,"Complete the canonical provider/protocol and policy prerequisites before adapters; prove streaming, metering, quota, destination and retention behavior for the declared provider profile.",,read,stale-60d; no-assignee; blocked-label-without-open-native-edge,9,https://git.integrolabs.net/Fortemi/fortemi/issues/874,evidence/Fortemi--fortemi-issues.json,Server inference and gateway maintainers,Phase 3 after foundation contracts,"Complete the canonical provider/protocol and policy prerequisites before adapters; prove streaming, metering, quota, destination and retention behavior for the declared provider profile. Map every original acceptance criterion to the exact delivered artifact or an explicit supersession decision.",2026-09-07,First qualified stable opportunity after prerequisites; expedited customer/security patch when justified. No phase-date promise.,audit-355,"- [ ] `anthropic:` outbound provider profile exists with capability declarations for chat/messages, tools, streaming, usage reporting, and supported extension fields.
- [ ] Inbound `POST /v1/messages` decodes Anthropic Messages requests into canonical B10 requests.
- [ ] Anthropic non-streaming responses encode/decode through canonical without losing content-block order.
- [ ] Anthropic streaming events reassemble into canonical stream events and re-encode to Anthropic wire format for Anthropic-in clients.
- [ ] Fine-grained/partial tool-use deltas are buffered and validated before final canonical tool-call emission.
- [ ] Cross-translation tests cover Anthropic-in to OpenAI-compatible out, OpenAI-in to Anthropic-out, and lossy warnings for unsupported fields.
- [ ] Stop reasons, refusals/errors, and unknown stream events are mapped or surfaced without leaking provider secrets or hidden policy state.
- [ ] Usage/cost fields are emitted to the B14 metering path once #713/#877 exist.
- [ ] Tests prove provider keys are not logged, returned, or accepted from untrusted client headers."
Fortemi/fortemi#875,https://git.integrolabs.net/Fortemi/fortemi/issues/875,open,feat(bridge): B12 — Google Gemini API (inbound adapter + outbound provider),P3,,P3: Low; area/rest-api; blocked; effort/medium; new-feature; security; testing,Bridge provider expansion blocked,,2026-06-22T23:30:16Z,75,7,E,retain-gated,"Complete the canonical provider/protocol and policy prerequisites before adapters; prove streaming, metering, quota, destination and retention behavior for the declared provider profile.",,read,stale-60d; no-assignee; blocked-label-without-open-native-edge,8,https://git.integrolabs.net/Fortemi/fortemi/issues/875,evidence/Fortemi--fortemi-issues.json,Server inference and gateway maintainers,Phase 3 after foundation contracts,"Complete the canonical provider/protocol and policy prerequisites before adapters; prove streaming, metering, quota, destination and retention behavior for the declared provider profile. Map every original acceptance criterion to the exact delivered artifact or an explicit supersession decision.",2026-09-07,First qualified stable opportunity after prerequisites; expedited customer/security patch when justified. No phase-date promise.,audit-355,"- [ ] `gemini:` outbound provider profile exists with chat/content generation, streaming, tool/function, vision/multimodal, and usage capability declarations.
- [ ] Inbound `generateContent` request fixtures decode into canonical B10 requests.
- [ ] `streamGenerateContent` fixtures reassemble into canonical streaming events and re-encode to Gemini-compatible chunks.
- [ ] Thought-signature metadata is preserved through canonical form and returned exactly where Gemini requires it for subsequent function-calling turns.
- [ ] Cross-translation tests cover Gemini-in to OpenAI-compatible out, OpenAI-in to Gemini-out, and Gemini-in to Anthropic-out where safe.
- [ ] Unsupported Interactions-only or Gemini-specific features are explicitly marked deferred/lossy rather than silently dropped.
- [ ] Secret-safety tests prove Gemini API keys are server-side only and never logged or returned.
- [ ] Docs note that Interactions API support is a future adapter track while `generateContent` is the first stable production target."
Fortemi/fortemi#876,https://git.integrolabs.net/Fortemi/fortemi/issues/876,open,"feat(bridge): B13 — additional outbound providers/routers: vLLM, LiteLLM, Azure OpenAI, AWS Bedrock",P3,,P3: Low; area/rest-api; blocked; documentation; effort/large; infrastructure; new-feature; security; testing,Bridge provider expansion blocked,,2026-06-22T23:30:17Z,75,4,E,retain-gated,"Complete the canonical provider/protocol and policy prerequisites before adapters; prove streaming, metering, quota, destination and retention behavior for the declared provider profile.",,read,stale-60d; no-assignee; blocked-label-without-open-native-edge,13,https://git.integrolabs.net/Fortemi/fortemi/issues/876,evidence/Fortemi--fortemi-issues.json,Server inference and gateway maintainers,Phase 3 after foundation contracts,"Complete the canonical provider/protocol and policy prerequisites before adapters; prove streaming, metering, quota, destination and retention behavior for the declared provider profile. Map every original acceptance criterion to the exact delivered artifact or an explicit supersession decision.",2026-09-07,First qualified stable opportunity after prerequisites; expedited customer/security patch when justified. No phase-date promise.,audit-355,"- [ ] vLLM profile supports configurable base URL, optional key, model discovery where available, and per-deployment capability override.
- [ ] vLLM tests cover Chat Completions, streaming, and unsupported-feature warnings for parameters the deployed server ignores or rejects.
- [ ] LiteLLM profile supports configurable proxy URL/key/model route and treats LiteLLM policy/cost metadata as untrusted until normalized by Fortemi.
- [ ] LiteLLM tests cover OpenAI-compatible round trip, dropped/unsupported params, and provider-router error mapping.
- [ ] Azure profile supports endpoint, deployment/model identifier, v1 vs dated API-version mode, key auth, and Entra/AAD token flow decision.
- [ ] Azure tests cover deployment-name routing, Responses/Chat capability differences, API-version handling where required, and secret safety.
- [ ] Bedrock profile supports region, model id, SigV4 auth, Converse, ConverseStream, tool-use mapping where supported, and explicit unsupported-feature errors.
- [ ] Bedrock tests cover Converse non-streaming, ConverseStream streaming event mapping, IAM/auth failure mapping, and model capability gating.
- [ ] All providers are routed through B10 canonical outbound adapter traits.
- [ ] Provider capabilities affect `/v1/models`, route policy, and request validation before upstream calls.
- [ ] Mocked integration tests exist for each provider family.
- [ ] Logs/audit/metrics include provider family, model slug, status, latency, usage where available, and safe error class.
- [ ] Provider-specific docs include setup, auth, capabilities, known unsupported fields, and operational troubleshooting."
Fortemi/fortemi#877,https://git.integrolabs.net/Fortemi/fortemi/issues/877,open,feat(bridge): B14 — bridge usage metering and cost ledger via shared UsageMeter,P1,,P1: High; area/rest-api; blocked; effort/large; infrastructure; new-feature; security; testing,Bridge foundation,,2026-07-19T00:55:18Z,49,17,E,retain-gated,"Complete the canonical provider/protocol and policy prerequisites before adapters; prove streaming, metering, quota, destination and retention behavior for the declared provider profile.",,read,no-assignee; blocked-label-without-open-native-edge,12,https://git.integrolabs.net/Fortemi/fortemi/issues/877,evidence/Fortemi--fortemi-issues.json,Server inference and gateway maintainers,Phase 3 after foundation contracts,"Complete the canonical provider/protocol and policy prerequisites before adapters; prove streaming, metering, quota, destination and retention behavior for the declared provider profile. Map every original acceptance criterion to the exact delivered artifact or an explicit supersession decision.",2026-09-07,First qualified stable opportunity after prerequisites; expedited customer/security patch when justified. No phase-date promise.,audit-355,"- [ ] Bridge request path emits a usage event for accepted, denied, provider-failed, completed, cached, partial-stream, interrupted-stream, and unknown-price outcomes.
- [ ] Event schema reuses #713 dimensions: actor/consumer key, tenant/archive scope when present, capability (`bridge.chat`, `bridge.embedding`, etc.), provider, model, endpoint/protocol, route, request id, status, latency, cache state, and usage source.
- [ ] Canonical usage from #873 includes provider-reported units when present: input/prompt tokens, output/completion tokens, total tokens, cached tokens, reasoning tokens, audio tokens, embedding/vector units, and provider-specific buckets where available.
- [ ] Raw/provider usage is preserved in a scrubbed JSON field or sidecar record with provider, endpoint, model slug, pricing version, and metering source, so future provider changes do not destroy auditability.
- [ ] Estimation fallback records that usage is estimated, including tokenizer/model family, estimator version, and whether the estimate came from preflight counting, local tokenizer, request payload, streaming chunk count, or posthoc approximation.
- [ ] Provider-reported, estimated, denied, partial, unavailable, and unknown-price usage are distinguishable in reports and billing sinks.
- [ ] Cost calculation uses versioned pricing tables by provider/model/currency/effective date; local/self-hosted providers support `$0` and optional configured compute-rate pricing.
- [ ] Unknown price is explicit and queryable; it does not silently become `$0` unless provider/model policy says local/free.
- [ ] Durable table/repository is added only where the #713 storage model lands; if #713 chooses a generic usage ledger, bridge adds bridge-specific fields there rather than creating `bridge_usage` as a parallel source of truth.
- [ ] Streaming finalizes usage on normal completion and records partial/failure state on disconnect/provider error; no double count on retry/resume.
- [ ] Accounting persistence failure does not break an already-successful proxied response, but it must emit audit/telemetry so operators can detect lost accounting.
- [ ] Tests: provider usage passthrough, raw usage preservation, estimation fallback, unknown price, local `$0`, configured compute rate, cached response `$0` or configured cache price, streaming final usage, streaming missing usage, partial/final accounting, denied requests, and persistence failure telemetry."
Fortemi/fortemi#878,https://git.integrolabs.net/Fortemi/fortemi/issues/878,open,feat(bridge): B15 — bridge usage reporting API and bounded-cardinality metrics,P2,,P2: Medium; area/rest-api; blocked; effort/medium; infrastructure; new-feature; security; testing,Bridge foundation,,2026-06-22T22:00:27Z,75,8,E,retain-gated,"Complete the canonical provider/protocol and policy prerequisites before adapters; prove streaming, metering, quota, destination and retention behavior for the declared provider profile.",,read,stale-60d; no-assignee; blocked-label-without-open-native-edge,8,https://git.integrolabs.net/Fortemi/fortemi/issues/878,evidence/Fortemi--fortemi-issues.json,Server inference and gateway maintainers,Phase 3 after foundation contracts,"Complete the canonical provider/protocol and policy prerequisites before adapters; prove streaming, metering, quota, destination and retention behavior for the declared provider profile. Map every original acceptance criterion to the exact delivered artifact or an explicit supersession decision.",2026-09-07,First qualified stable opportunity after prerequisites; expedited customer/security patch when justified. No phase-date promise.,audit-355,"- [ ] `GET /api/v1/bridge/usage` supports filters for `from`, `to`, consumer/key, tenant/archive where authorized, model, provider, route, status, cache state, and `group_by`.
- [ ] API returns request counts, input/output/estimated tokens, cost, unknown-price counts, cache-hit rate, latency aggregates, and error counts.
- [ ] API authorization uses #710/#870: consumers can read their own usage; admins can query tenant/archive/global scopes.
- [ ] CSV and JSON export are available for bounded date ranges with pagination/streaming limits.
- [ ] Prometheus metrics use bounded labels only. Do not expose consumer ids, API key ids, request ids, raw model names with unbounded cardinality, or tenant identifiers as labels.
- [ ] Metrics include low-cardinality aggregates such as `bridge_requests_total{provider_family,status,route_policy}`, `bridge_tokens_total{provider_family,kind,source}`, `bridge_cost_usd_total{provider_family,price_state}`, `bridge_cache_hits_total{cache_type}`, and error counters.
- [ ] High-cardinality breakdowns stay in the reporting API/ledger, not metrics labels.
- [ ] Tests: API aggregation correctness, filter/group_by behavior, authorization boundaries, CSV/JSON export limits, metric label allow-list/cardinality guard."
Fortemi/fortemi#879,https://git.integrolabs.net/Fortemi/fortemi/issues/879,open,feat(bridge): B16 — bridge budgets and spend alerts through QuotaPolicy enforcement,P2,,P2: Medium; area/rest-api; blocked; effort/medium; infrastructure; new-feature; security; testing,Bridge foundation,,2026-06-22T23:30:18Z,75,5,E,retain-gated,"Complete the canonical provider/protocol and policy prerequisites before adapters; prove streaming, metering, quota, destination and retention behavior for the declared provider profile.",,read,stale-60d; no-assignee; blocked-label-without-open-native-edge,7,https://git.integrolabs.net/Fortemi/fortemi/issues/879,evidence/Fortemi--fortemi-issues.json,Server inference and gateway maintainers,Phase 3 after foundation contracts,"Complete the canonical provider/protocol and policy prerequisites before adapters; prove streaming, metering, quota, destination and retention behavior for the declared provider profile. Map every original acceptance criterion to the exact delivered artifact or an explicit supersession decision.",2026-09-07,First qualified stable opportunity after prerequisites; expedited customer/security patch when justified. No phase-date promise.,audit-355,"- [ ] Budget config supports scope (consumer/key, tenant/archive, provider, model, route policy, global), period (daily/monthly/rolling window), limit unit (USD, tokens, requests), soft threshold, hard threshold, and effective dates.
- [ ] Pre-request decision calls #714 QuotaPolicy with current #713/#877 usage state and provider/model price availability.
- [ ] Over hard cap returns the project-standard 429/quota response with `RateLimit`/`RateLimit-Policy` details where applicable and `Retry-After`/reset information when a retry time is known.
- [ ] Over soft cap allows the request but emits an alert/audit event and optional webhook/note according to policy.
- [ ] Unknown-price models have an explicit policy: block, allow-with-warning, or require configured max-estimate; default should be conservative for hosted/multi-tenant mode.
- [ ] Budget changes are admin-only, audited (#711), and never expose provider secrets.
- [ ] Tests: hard cap blocks, soft cap alerts/allows, period rollover, scope precedence, unknown-price policy, concurrent requests do not overspend beyond accepted race bounds, response headers match #714."
Fortemi/fortemi#880,https://git.integrolabs.net/Fortemi/fortemi/issues/880,open,feat(bridge): B17 — response caching and value routing after filtered search and metering gates,P2,,P2: Medium; area/rest-api; blocked; effort/large; new-feature; optimization; security; testing,Bridge foundation,,2026-06-23T20:48:23Z,74,9,E,retain-gated,"Complete the canonical provider/protocol and policy prerequisites before adapters; prove streaming, metering, quota, destination and retention behavior for the declared provider profile.",,read,stale-60d; no-assignee; blocked-label-without-open-native-edge,8,https://git.integrolabs.net/Fortemi/fortemi/issues/880,evidence/Fortemi--fortemi-issues.json,Server inference and gateway maintainers,Phase 3 after foundation contracts,"Complete the canonical provider/protocol and policy prerequisites before adapters; prove streaming, metering, quota, destination and retention behavior for the declared provider profile. Map every original acceptance criterion to the exact delivered artifact or an explicit supersession decision.",2026-09-07,First qualified stable opportunity after prerequisites; expedited customer/security patch when justified. No phase-date promise.,audit-355,"- [ ] Exact-match response cache is opt-in per request/key/policy, scoped by consumer and tenant/archive by default, and keyed by a canonicalized request including model/route-affecting parameters and relevant system/developer instructions.
- [ ] Exact cache records cache hit/miss and effective cost policy in #877 usage events; default cached cost is `$0` unless configured otherwise.
- [ ] Cache skip rules cover streaming, non-deterministic settings, tools/function calling, unsafe provider extensions, and policy-forbidden content unless explicitly allowed.
- [ ] Semantic cache remains behind a flag and is blocked until #885 fixes filtered semantic search so cache lookup cannot cross tags/collections/tenant/archive/embedding-set boundaries.
- [ ] Semantic cache uses the archive/index embedding dimension policy (#682) and records similarity threshold, embedding set, and cache source in scrubbed diagnostics.
- [ ] Cost/quality routing (`cheapest`, `fastest`, `best-value`) consumes #680 provider-route policy, #877 pricing/usage, #878 observed metrics, #870 allow-lists, and #600 admission/backpressure.
- [ ] Value routing refuses to reroute explicit provider-qualified slugs unless policy says the slug is an alias/family rather than an exact provider request.
- [ ] Tests: exact cache isolation by consumer/archive, canonical-key stability, semantic filter isolation, cheapest route with seeded pricing, fastest route with seeded latency, disallowed provider excluded, cached usage accounting."
Fortemi/fortemi#881,https://git.integrolabs.net/Fortemi/fortemi/issues/881,open,EPIC: Project standards audit — async / sanitization / leak / complexity compliance across the Rust codebase,P3,,P3: Low; blocked; documentation; effort/large; epic; infrastructure; security; testing,,,2026-09-06T20:31:33Z,75,8,M,defer,Retain as a gated optional track. Revisit only after its parent phase or named external authority is delivered and a product need activates it; record owner and review trigger rather than age-based closure.,,read,stale-60d; no-milestone; no-assignee; blocked-label-without-open-native-edge,12,https://git.integrolabs.net/Fortemi/fortemi/issues/881,evidence/Fortemi--fortemi-issues.json,Product owner and relevant component maintainer,Later; explicit activation trigger required,"Retain the issue with a named owner, dependency/activation trigger and next review; do not start speculative implementation or close solely because of age. Map every original acceptance criterion to the exact delivered artifact or an explicit supersession decision.",2026-10-05,First qualified stable opportunity after prerequisites; expedited customer/security patch when justified. No phase-date promise.,audit-355,"- [ ] **Complexity baseline**: rerun a current cognitive/cyclomatic baseline and store a per-module report. Do not rely on old counts; the codebase has moved.
- [ ] **`main.rs` decomposition**: `crates/matric-api/src/main.rs` remains very large; identify extraction seams into `handlers/*.rs` and shared services.
- [ ] **Async resource-release audit**: endpoints that acquire chat/GPU permits or spawn tasks feeding SSE/`mpsc` channels need disconnect/release tests.
- [ ] **Streaming/bulk sanitization coverage**: NDJSON ingest, upload, webhook, SSE, WebSocket, and bridge streaming paths need malformed-item fault-isolation coverage where applicable.
- [ ] **Leak/cycle tests for shared state**: audit `AppState`, event bus, streaming consumers, and provider/runtime resolver graphs once #666/#680 mature.
- [ ] **CI policy decision**: decide whether complexity and unsafe scans become advisory reports or merge gates.
- [ ] A per-subsystem gap report under `.aiwg/` maps each Rust module/subsystem to the four pillars with pass/fail/unknown.
- [ ] Current complexity baseline is captured from the current tree and an agreed ceiling/policy is documented.
- [ ] Sanitization + leak/cycle tests are added or explicitly scheduled for every async/streaming/ingest path lacking coverage.
- [ ] `main.rs` decomposition plan and first extractions are landed or filed as sequenced child issues.
- [ ] Standard is documented in-repo, for example `docs/contributing/rust-standards.md`, so it is enforceable in review.
- [ ] Any new CI gate has a separate rollout issue with thresholds, allowlists, and failure-mode policy."
Fortemi/fortemi#884,https://git.integrolabs.net/Fortemi/fortemi/issues/884,open,test(auth): finish ADR-094 sidecar AuthContext and middleware integration coverage,P1,,P1: High; area/auth; area/rest-api; blocked; documentation; effort/medium; infrastructure; security; testing,Hosted auth and multi-tenancy launch gate,,2026-06-23T00:42:50Z,75,16,D,retain-gated,"Resolve the named authority/runtime prerequisite, verify exact allow/deny and failure behavior under authenticated tenant identities, and retain the production-environment receipt.",,read,stale-60d; no-assignee; blocked-label-without-open-native-edge,0,https://git.integrolabs.net/Fortemi/fortemi/issues/884,evidence/Fortemi--fortemi-issues.json,"Auth, server, HotM and ITOps owners",Parallel gated Phase 2,"Resolve the named authority/runtime prerequisite, verify exact allow/deny and failure behavior under authenticated tenant identities, and retain the production-environment receipt. Map every original acceptance criterion to the exact delivered artifact or an explicit supersession decision.",2026-09-07,First qualified stable opportunity after prerequisites; expedited customer/security patch when justified. No phase-date promise.,audit-355,
Fortemi/fortemi#885,https://git.integrolabs.net/Fortemi/fortemi/issues/885,open,fix(search): apply query filters to semantic branch in hybrid/semantic search,P1,,P1: High; area/rest-api; area/search; bug; effort/medium; infrastructure; optimization; security; testing,Hosted auth and multi-tenancy launch gate,,2026-06-22T23:49:24Z,75,16,C,execute,"Prioritize the issue-specific retrieval/embedding correctness gate: scope before ranking, correct content projection, complete batch cardinality/order/dimensions and atomic replacement. Reuse #1091 contracts and the delivered #979 rollback boundary.",,read,stale-60d; no-assignee,6,https://git.integrolabs.net/Fortemi/fortemi/issues/885,evidence/Fortemi--fortemi-issues.json,Server and client maintainers,Next; Phase 0 / Phase 1,"Reconcile issue acceptance with current source, close the remaining exact enforcement/test cells and pass repository delivery gates before promoting the affected surface. Map every original acceptance criterion to the exact delivered artifact or an explicit supersession decision.",2026-09-07,First qualified stable opportunity after prerequisites; expedited customer/security patch when justified. No phase-date promise.,audit-355,"- [ ] Add regression tests proving `mode=semantic&tags=...` returns only matching tagged notes.
- [ ] Add regression tests proving `mode=semantic` with temporal filters returns only matching notes.
- [ ] Add regression tests proving hybrid mode does not include unfiltered semantic-only hits.
- [ ] Add a semantic DB query path where query filters are part of candidate selection before final vector limit, or document and test a safe over-fetch fallback.
- [ ] Support combining query filters with `strict_filter` and `embedding_set_id`.
- [ ] Document filtered semantic search behavior in search docs."
Fortemi/fortemi#886,https://git.integrolabs.net/Fortemi/fortemi/issues/886,open,chore(security): npm dependency and publish-path supply-chain hardening,P2,,P2: Medium; ci/cd; documentation; effort/medium; infrastructure; security; testing,Native server distribution backlog,,2026-09-06T20:31:33Z,75,22,C,refresh,"Compare the current release-only guards and pinned workflow graph with this older CI issue; retain only unproven permissions, credential transport, action/image pinning and publication acceptance. Do not infer closure from one green run.",,read,stale-60d; no-assignee,0,https://git.integrolabs.net/Fortemi/fortemi/issues/886,evidence/Fortemi--fortemi-issues.json,Server and client maintainers,Next; Phase 0 / Phase 1,"Reconcile issue acceptance with current source, close the remaining exact enforcement/test cells and pass repository delivery gates before promoting the affected surface. Map every original acceptance criterion to the exact delivered artifact or an explicit supersession decision.",2026-09-07,First qualified stable opportunity after prerequisites; expedited customer/security patch when justified. No phase-date promise.,audit-355,
Fortemi/fortemi#887,https://git.integrolabs.net/Fortemi/fortemi/issues/887,open,ci(actions): pin or upgrade artifact actions and add release workflow guard lint,P2,,P2: Medium; ci/cd; documentation; effort/medium; infrastructure; security; testing,Native server distribution backlog,,2026-09-06T20:31:33Z,6,22,C,refresh,"Compare the current release-only guards and pinned workflow graph with this older CI issue; retain only unproven permissions, credential transport, action/image pinning and publication acceptance. Do not infer closure from one green run.",,read,no-assignee,0,https://git.integrolabs.net/Fortemi/fortemi/issues/887,evidence/Fortemi--fortemi-issues.json,Server and client maintainers,Next; Phase 0 / Phase 1,"Reconcile issue acceptance with current source, close the remaining exact enforcement/test cells and pass repository delivery gates before promoting the affected surface. Map every original acceptance criterion to the exact delivered artifact or an explicit supersession decision.",2026-09-07,First qualified stable opportunity after prerequisites; expedited customer/security patch when justified. No phase-date promise.,audit-355,
Fortemi/fortemi#889,https://git.integrolabs.net/Fortemi/fortemi/issues/889,open,docs(adr): refresh pgvector runtime/version contract for filtered semantic search,P2,,P2: Medium; area/search; documentation; effort/medium; infrastructure; optimization; security; testing,Hosted auth and multi-tenancy launch gate,,2026-06-22T23:27:00Z,75,9,D,execute,"Resolve the named authority/runtime prerequisite, verify exact allow/deny and failure behavior under authenticated tenant identities, and retain the production-environment receipt.",,read,stale-60d; no-assignee,7,https://git.integrolabs.net/Fortemi/fortemi/issues/889,evidence/Fortemi--fortemi-issues.json,"Auth, server, HotM and ITOps owners",Parallel gated Phase 2,"Resolve the named authority/runtime prerequisite, verify exact allow/deny and failure behavior under authenticated tenant identities, and retain the production-environment receipt. Map every original acceptance criterion to the exact delivered artifact or an explicit supersession decision.",2026-09-07,First qualified stable opportunity after prerequisites; expedited customer/security patch when justified. No phase-date promise.,audit-355,"- [ ] ADR-014 or a successor ADR explicitly discusses pgvector 0.8+ iterative scans and current runtime expectations.
- [ ] ADR-090 removes or qualifies wording that implies B-tree tenant filtering always runs before HNSW/IVFFlat scoring.
- [ ] Fortemi docs state the minimum supported pgvector runtime extension version, or explicitly state that no 0.8+ feature is required for correctness.
- [ ] Deployment/operations docs include a command to inspect installed `vector` extension version and explain what version is required for filtered ANN tuning.
- [ ] Docs separate exact/candidate-scoped SQL correctness from ANN recall/performance knobs (`hnsw.iterative_scan`, `ivfflat.iterative_scan`, `hnsw.max_scan_tuples`, `hnsw.scan_mem_multiplier`, `ivfflat.max_probes`).
- [ ] #885 implementation guidance references this ADR/docs update.
- [ ] #724 SearchProvider contract guidance references the same candidate-scope semantics."
Fortemi/fortemi#890,https://git.integrolabs.net/Fortemi/fortemi/issues/890,open,design(storage): decide root-handle vs canonical-path enforcement for ReferencedBackend reads,P0,,P0: Blocker; area/archives; area/crud; area/extraction; documentation; effort/medium; infrastructure; security; testing,Referenced storage follow-up,,2026-07-06T16:46:07Z,62,7,F,execute,"Resolve source containment, scanner, error, derived-storage and transfer policy first; implement the issue in dependency order, with source-no-write, quarantine and isolation tests before rollout.",,read,stale-60d; no-assignee,0,https://git.integrolabs.net/Fortemi/fortemi/issues/890,evidence/Fortemi--fortemi-issues.json,"Server storage, jobs and API maintainers","Phase 4; design-first, not current release P0","Resolve source containment, scanner, error, derived-storage and transfer policy first; implement the issue in dependency order, with source-no-write, quarantine and isolation tests before rollout. Map every original acceptance criterion to the exact delivered artifact or an explicit supersession decision.",2026-09-07,First qualified stable opportunity after prerequisites; expedited customer/security patch when justified. No phase-date promise.,audit-355,
Fortemi/fortemi#891,https://git.integrolabs.net/Fortemi/fortemi/issues/891,open,"chore(standards): capture Rust complexity, unsafe, async-resource, and sanitization baseline report",P3,,P3: Low; blocked; documentation; effort/large; infrastructure; security; testing,,,2026-09-06T20:31:34Z,75,6,M,defer,Retain as a gated optional track. Revisit only after its parent phase or named external authority is delivered and a product need activates it; record owner and review trigger rather than age-based closure.,,read,stale-60d; no-milestone; no-assignee; blocked-label-without-open-native-edge,0,https://git.integrolabs.net/Fortemi/fortemi/issues/891,evidence/Fortemi--fortemi-issues.json,Product owner and relevant component maintainer,Later; explicit activation trigger required,"Retain the issue with a named owner, dependency/activation trigger and next review; do not start speculative implementation or close solely because of age. Map every original acceptance criterion to the exact delivered artifact or an explicit supersession decision.",2026-10-05,First qualified stable opportunity after prerequisites; expedited customer/security patch when justified. No phase-date promise.,audit-355,
Fortemi/fortemi#892,https://git.integrolabs.net/Fortemi/fortemi/issues/892,open,"docs(adr): refresh ADR-099 DSAR lifecycle, retention, and controller/processor assumptions",P2,,P2: Medium; area/auth; blocked; documentation; effort/medium; infrastructure; security; testing,Hosted auth and multi-tenancy launch gate,,2026-06-23T00:52:05Z,75,12,D,retain-gated,"Resolve the named authority/runtime prerequisite, verify exact allow/deny and failure behavior under authenticated tenant identities, and retain the production-environment receipt.",,read,stale-60d; no-assignee; blocked-label-without-open-native-edge,0,https://git.integrolabs.net/Fortemi/fortemi/issues/892,evidence/Fortemi--fortemi-issues.json,"Auth, server, HotM and ITOps owners",Parallel gated Phase 2,"Resolve the named authority/runtime prerequisite, verify exact allow/deny and failure behavior under authenticated tenant identities, and retain the production-environment receipt. Map every original acceptance criterion to the exact delivered artifact or an explicit supersession decision.",2026-09-07,First qualified stable opportunity after prerequisites; expedited customer/security patch when justified. No phase-date promise.,audit-355,
Fortemi/fortemi#894,https://git.integrolabs.net/Fortemi/fortemi/issues/894,open,docs(license): reconcile BSL Change License and public grant examples before EE launch,P2,,P2: Medium; blocked; documentation; effort/medium; infrastructure; security; testing,Native server distribution backlog,,2026-06-22T22:48:33Z,75,6,H,retain-gated,"Define the actual supported platform/artifact/prerequisite matrix, then prove verified download, install, service lifecycle and rollback on clean supported hosts.",,read,stale-60d; no-assignee; blocked-label-without-open-native-edge,0,https://git.integrolabs.net/Fortemi/fortemi/issues/894,evidence/Fortemi--fortemi-issues.json,Release and platform maintainers,Phase 5; distinguish artifact support from installation,"Define the actual supported platform/artifact/prerequisite matrix, then prove verified download, install, service lifecycle and rollback on clean supported hosts. Map every original acceptance criterion to the exact delivered artifact or an explicit supersession decision.",2026-09-07,First qualified stable opportunity after prerequisites; expedited customer/security patch when justified. No phase-date promise.,audit-355,
Fortemi/fortemi#895,https://git.integrolabs.net/Fortemi/fortemi/issues/895,open,design(jobs): define tenant/resource context and payload-minimization contract for external job backends,P2,,P2: Medium; blocked; documentation; effort/medium; infrastructure; jobs; security; testing,,,2026-06-23T01:41:28Z,75,11,D,retain-gated,"Resolve the named authority/runtime prerequisite, verify exact allow/deny and failure behavior under authenticated tenant identities, and retain the production-environment receipt.",,read,stale-60d; no-milestone; no-assignee; blocked-label-without-open-native-edge,0,https://git.integrolabs.net/Fortemi/fortemi/issues/895,evidence/Fortemi--fortemi-issues.json,"Auth, server, HotM and ITOps owners",Parallel gated Phase 2,"Resolve the named authority/runtime prerequisite, verify exact allow/deny and failure behavior under authenticated tenant identities, and retain the production-environment receipt. Map every original acceptance criterion to the exact delivered artifact or an explicit supersession decision.",2026-09-07,First qualified stable opportunity after prerequisites; expedited customer/security patch when justified. No phase-date promise.,audit-355,
Fortemi/fortemi#896,https://git.integrolabs.net/Fortemi/fortemi/issues/896,open,docs(adr): refresh streaming outbox ADRs for published_at schema and Redis delivery semantics,P2,,P2: Medium; documentation; effort/medium; infrastructure; security; testing,Streaming realtime phase 1,,2026-06-22T19:50:07Z,75,11,G,execute,"Resolve default-mode, outbox backpressure and payload-minimization decisions; implement durable publisher/consumer semantics with bounded retention, replay and auth tests.",,read,stale-60d; no-assignee,6,https://git.integrolabs.net/Fortemi/fortemi/issues/896,evidence/Fortemi--fortemi-issues.json,Server realtime and jobs maintainers,Phase 5 after policy decisions,"Resolve default-mode, outbox backpressure and payload-minimization decisions; implement durable publisher/consumer semantics with bounded retention, replay and auth tests. Map every original acceptance criterion to the exact delivered artifact or an explicit supersession decision.",2026-09-07,First qualified stable opportunity after prerequisites; expedited customer/security patch when justified. No phase-date promise.,audit-355,"- [ ] ADR-002 / outbox docs match current `published_at` schema terminology.
- [ ] ADR-003 / Redis Streams docs distinguish broadcast fan-out from worker consumer groups.
- [ ] Docs describe crash-window behavior for `XADD` success followed by DB mark-published failure.
- [ ] Docs describe stream trimming policy, replay-window limits, and operator-visible metrics from #596.
- [ ] Docs state that outbound Redis Streams fan-out is default-off or gated until #586 resolves runtime cost/default mode.
- [ ] #593/#594/#595/#596 reference the refreshed docs before implementation starts."
Fortemi/fortemi#899,https://git.integrolabs.net/Fortemi/fortemi/issues/899,open,"test(mcp-server): add Streamable HTTP session, auth-binding, protocol-header, and OAuth metadata coverage",P1,,P1: High; area/auth; area/rest-api; documentation; effort/small; infrastructure; mcp-api; security; testing,Hosted auth and multi-tenancy launch gate,,2026-06-26T04:06:04Z,72,26,D,execute,"Resolve the named authority/runtime prerequisite, verify exact allow/deny and failure behavior under authenticated tenant identities, and retain the production-environment receipt.",,read,stale-60d; no-assignee,9,https://git.integrolabs.net/Fortemi/fortemi/issues/899,evidence/Fortemi--fortemi-issues.json,"Auth, server, HotM and ITOps owners",Parallel gated Phase 2,"Resolve the named authority/runtime prerequisite, verify exact allow/deny and failure behavior under authenticated tenant identities, and retain the production-environment receipt. Map every original acceptance criterion to the exact delivered artifact or an explicit supersession decision.",2026-09-07,First qualified stable opportunity after prerequisites; expedited customer/security patch when justified. No phase-date promise.,audit-355,"- [ ] Streamable HTTP two-session isolation test exists and fails if one server/transport instance is reused across sessions.
- [ ] Token/session mismatch tests prove one session cannot reuse another session's transport context.
- [ ] #914 binding cases are covered: same-token success, different-token reject, missing-token reject when auth is required, expired/inactive token reject, and session-id-not-found reject.
- [ ] #918 protocol-header cases are covered for subsequent `POST`, `GET`, and `DELETE`, including unsupported-version rejection.
- [ ] Session cleanup tests cover DELETE and connection close cleanup paths.
- [ ] OAuth protected-resource metadata and 401 challenge tests cover the Fortemi MCP endpoint.
- [ ] Dependency guard documents or enforces `@modelcontextprotocol/sdk >= 1.26.0` until superseded by a newer advisory policy.
- [ ] #718/#893 reference this issue as current-runtime regression coverage, not as a substitute for per-tool authorization.
- [ ] #886 references this issue for MCP-specific npm advisory coverage."
Fortemi/fortemi#900,https://git.integrolabs.net/Fortemi/fortemi/issues/900,open,docs(privacy): build DSAR data-scope and retention matrix before handler implementation,P2,,P2: Medium; area/archives; area/attachments; area/auth; area/extraction; area/rest-api; documentation; effort/medium; infrastructure; security; testing; tier/licensed-server,Hosted auth and multi-tenancy launch gate,,2026-08-23T16:29:35Z,14,41,D,execute,"Resolve the named authority/runtime prerequisite, verify exact allow/deny and failure behavior under authenticated tenant identities, and retain the production-environment receipt.",,read,no-assignee,14,https://git.integrolabs.net/Fortemi/fortemi/issues/900,evidence/Fortemi--fortemi-issues.json,"Auth, server, HotM and ITOps owners",Parallel gated Phase 2,"Resolve the named authority/runtime prerequisite, verify exact allow/deny and failure behavior under authenticated tenant identities, and retain the production-environment receipt. Map every original acceptance criterion to the exact delivered artifact or an explicit supersession decision.",2026-09-07,First qualified stable opportunity after prerequisites; expedited customer/security patch when justified. No phase-date promise.,audit-355,"- [ ] A DSAR data-scope matrix exists under `.aiwg/privacy/` or `docs/architecture/privacy/`.
- [ ] Every current export/backup/delete/purge surface is classified.
- [ ] Matrix distinguishes live-system erasure from backup/export/WORM retention and beyond-use behavior.
- [ ] Matrix defines restore-time re-erasure obligations for backup restores containing erased subjects.
- [ ] Matrix defines receipt categories: deleted, anonymized, revoked, retained with basis, beyond-use until retention expiry, deferred/manual, not applicable, denied unverifiable, extended range provided, extended range unavailable, and extended range denied with legal/operator reason.
- [ ] Matrix lists subject lookup keys and tenant/archive scoping for each store.
- [ ] Matrix records collection start, retention period, and date-range access/know capability for each store, including California/CPPA extended lookback behavior where configured.
- [ ] Matrix lists stored-secret behavior separately from provider-side disclosure behavior: local secret revocation/deletion, key-provider metadata retention, wrapped key/KEK metadata, rotation records, and provider account cleanup must not be collapsed into one result.
- [ ] Matrix lists service-provider/contractor-held personal information and cooperation/notification behavior where the legal profile requires it.
- [ ] Matrix lists derived artifact rebuild/tombstone strategy for embeddings/search/indexes or explicitly defers with an owning issue.
- [ ] Matrix lists external recipient/processor notification hooks or explicitly defers with owning issues.
- [ ] Matrix lists usage/billing/audit records that are retained for security, financial, abuse-prevention, or legal basis and defines receipt-safe wording for those retained records.
- [ ] #719 and ADR-099/#892 reference this catalog before handler implementation starts.
- [ ] Legal/operator review questions are captured, but the doc avoids presenting legal advice or compliance guarantees."
Fortemi/fortemi#901,https://git.integrolabs.net/Fortemi/fortemi/issues/901,open,"chore(release): verify BSL and Change License notices in Cargo, npm, and container artifacts",P2,,P2: Medium; ci/cd; docker; documentation; effort/medium; infrastructure; security; testing,Native server distribution backlog,,2026-07-19T15:27:38Z,49,11,H,execute,"Define the actual supported platform/artifact/prerequisite matrix, then prove verified download, install, service lifecycle and rollback on clean supported hosts.",,read,no-assignee,7,https://git.integrolabs.net/Fortemi/fortemi/issues/901,evidence/Fortemi--fortemi-issues.json,Release and platform maintainers,Phase 5; distinguish artifact support from installation,"Define the actual supported platform/artifact/prerequisite matrix, then prove verified download, install, service lifecycle and rollback on clean supported hosts. Map every original acceptance criterion to the exact delivered artifact or an explicit supersession decision.",2026-09-07,First qualified stable opportunity after prerequisites; expedited customer/security patch when justified. No phase-date promise.,audit-355,"- [ ] `cargo package --list` or equivalent verification covers all publishable Rust crates.
- [ ] `npm pack --dry-run` or equivalent verification covers `@fortemi/mcp` and any future npm packages.
- [ ] Distributed container image(s) include both current BSL text and Change License text.
- [ ] Release CI or release checklist fails if `BSL-LICENSE` or `LICENSE.txt` are missing from expected artifacts.
- [ ] License metadata uses the SPDX identifier `BUSL-1.1` consistently where supported.
- [ ] #894 remains the source for final legal-text/doc consistency; this issue only verifies packaging.
- [ ] #888 release SBOM/provenance work references this artifact-license gate."
Fortemi/fortemi#902,https://git.integrolabs.net/Fortemi/fortemi/issues/902,open,"design(api): standardize Referenced storage error contract across REST, MCP, and OpenAPI",P0,,P0: Blocker; area/archives; area/extraction; area/rest-api; documentation; effort/medium; infrastructure; security; testing,Referenced storage follow-up,,2026-06-23T00:30:58Z,75,7,F,execute,"Resolve source containment, scanner, error, derived-storage and transfer policy first; implement the issue in dependency order, with source-no-write, quarantine and isolation tests before rollout.",,read,stale-60d; no-assignee,7,https://git.integrolabs.net/Fortemi/fortemi/issues/902,evidence/Fortemi--fortemi-issues.json,"Server storage, jobs and API maintainers","Phase 4; design-first, not current release P0","Resolve source containment, scanner, error, derived-storage and transfer policy first; implement the issue in dependency order, with source-no-write, quarantine and isolation tests before rollout. Map every original acceptance criterion to the exact delivered artifact or an explicit supersession decision.",2026-09-07,First qualified stable opportunity after prerequisites; expedited customer/security patch when justified. No phase-date promise.,audit-355,"- [ ] A short ADR/docs section records the chosen error format and status/code matrix.
- [ ] #744 references this issue as the parent error contract for Referenced storage routes.
- [ ] #771-#776 update acceptance to use the shared matrix instead of independent ad hoc choices.
- [ ] #788 OpenAPI docs include the selected error schema and each Referenced route response.
- [ ] #777/#778 MCP wrappers preserve the REST error code/status/body semantics in tool errors.
- [ ] #795/#796 tests cover the shared error contract, including no raw host path or secret leakage.
- [ ] Any broader API error-format migration is tracked separately if RFC 9457 is not adopted immediately."
Fortemi/fortemi#903,https://git.integrolabs.net/Fortemi/fortemi/issues/903,open,"design(scanner): define ignore ordering, hidden-file handling, and secret-detector registry for Referenced scans",P0,,P0: Blocker; area/archives; area/extraction; documentation; effort/medium; infrastructure; jobs; security; testing,Referenced storage follow-up,,2026-06-22T23:11:29Z,75,9,F,execute,"Resolve source containment, scanner, error, derived-storage and transfer policy first; implement the issue in dependency order, with source-no-write, quarantine and isolation tests before rollout.",,read,stale-60d; no-assignee,7,https://git.integrolabs.net/Fortemi/fortemi/issues/903,evidence/Fortemi--fortemi-issues.json,"Server storage, jobs and API maintainers","Phase 4; design-first, not current release P0","Resolve source containment, scanner, error, derived-storage and transfer policy first; implement the issue in dependency order, with source-no-write, quarantine and isolation tests before rollout. Map every original acceptance criterion to the exact delivered artifact or an explicit supersession decision.",2026-09-07,First qualified stable opportunity after prerequisites; expedited customer/security patch when justified. No phase-date promise.,audit-355,"- [ ] A short scanner-policy doc or ADR records ignore ordering, hidden-file handling, and supported ignore sources.
- [ ] #758 implements `WalkBuilder` options from the policy, rather than relying on crate defaults implicitly.
- [ ] #759 path denylist has deterministic precedence over hidden/default ignores where required.
- [ ] #760 content detectors use stable detector ids/versioned fixtures and bounded reads.
- [ ] #765 quarantine storage records detector id/family/severity safely but not matched values or regex captures.
- [ ] #781/#792 tests prove `.env`/`.ssh`-style hidden sensitive files are handled according to policy and not silently skipped by ignore defaults.
- [ ] Docs/runbooks explain that Fortemi v1 pre-scan is a bounded safety screen, not a complete replacement for dedicated secret-scanning products."
Fortemi/fortemi#904,https://git.integrolabs.net/Fortemi/fortemi/issues/904,open,design(storage): define derived companion layout and symlink-safe cleanup contract for Referenced archives,P0,,P0: Blocker; area/archives; area/extraction; documentation; effort/medium; infrastructure; jobs; security; testing,Referenced storage follow-up,,2026-06-22T23:15:05Z,75,8,F,execute,"Resolve source containment, scanner, error, derived-storage and transfer policy first; implement the issue in dependency order, with source-no-write, quarantine and isolation tests before rollout.",,read,stale-60d; no-assignee,6,https://git.integrolabs.net/Fortemi/fortemi/issues/904,evidence/Fortemi--fortemi-issues.json,"Server storage, jobs and API maintainers","Phase 4; design-first, not current release P0","Resolve source containment, scanner, error, derived-storage and transfer policy first; implement the issue in dependency order, with source-no-write, quarantine and isolation tests before rollout. Map every original acceptance criterion to the exact delivered artifact or an explicit supersession decision.",2026-09-07,First qualified stable opportunity after prerequisites; expedited customer/security patch when justified. No phase-date promise.,audit-355,"- [ ] A short ADR/docs section records derived root layout, path derivation, containment checks, write semantics, and cleanup semantics.
- [ ] #768 validates/canonicalizes `FORTEMI_DERIVED_STORAGE_PATH` according to the contract.
- [ ] #769 writes Referenced derived artifacts only through the accepted companion layout and preserves Managed behavior.
- [ ] #770 cleanup implements the accepted containment/symlink-safety/idempotency behavior.
- [ ] #783/#794 tests include symlink/path-replacement cleanup attempts, absent companion directory, partial failure, and source-directory checksum/listing non-mutation.
- [ ] #789/#802 runbooks document retryable cleanup and what not to do."
Fortemi/fortemi#905,https://git.integrolabs.net/Fortemi/fortemi/issues/905,open,"design(archives): define Referenced clone, export, import, and backup semantics",P0,,P0: Blocker; area/archives; area/backup; area/crud; area/rest-api; blocked; documentation; effort/medium; infrastructure; security; testing,Referenced storage follow-up,,2026-06-22T23:08:57Z,75,9,F,retain-gated,"Resolve source containment, scanner, error, derived-storage and transfer policy first; implement the issue in dependency order, with source-no-write, quarantine and isolation tests before rollout.",,read,stale-60d; no-assignee; blocked-label-without-open-native-edge,6,https://git.integrolabs.net/Fortemi/fortemi/issues/905,evidence/Fortemi--fortemi-issues.json,"Server storage, jobs and API maintainers","Phase 4; design-first, not current release P0","Resolve source containment, scanner, error, derived-storage and transfer policy first; implement the issue in dependency order, with source-no-write, quarantine and isolation tests before rollout. Map every original acceptance criterion to the exact delivered artifact or an explicit supersession decision.",2026-09-07,First qualified stable opportunity after prerequisites; expedited customer/security patch when justified. No phase-date promise.,audit-355,"- [ ] Final behavior matrix covers Managed source, Referenced source, Managed target, Referenced target, JSON backup, knowledge shard, memory-scoped backup, and database backup.
- [ ] `clone_archive_schema()` and API clone route are updated or gated so Referenced archives cannot silently become Managed clones with stale source-derived rows.
- [ ] Import/restore paths require #775/#890 validation before creating or reactivating Referenced archive registry rows.
- [ ] Backup/export docs state whether source file bytes are included, excluded, or require an explicit snapshot mode.
- [ ] Tests in #791 and API tests assert the chosen behavior and stable error contract.
- [ ] Operator docs in #786/#787/#802 explain restore expectations when the original source mount is absent or moved."
Fortemi/fortemi#906,https://git.integrolabs.net/Fortemi/fortemi/issues/906,open,design(streaming): measure Redis Streams Phase 1 runtime cost and decide default mode,P1,,P1: High; area/rest-api; blocked; documentation; effort/medium; infrastructure; jobs; security; testing,Streaming realtime phase 1,,2026-06-22T23:48:27Z,75,8,G,retain-gated,"Resolve default-mode, outbox backpressure and payload-minimization decisions; implement durable publisher/consumer semantics with bounded retention, replay and auth tests.",,read,stale-60d; no-assignee; blocked-label-without-open-native-edge,7,https://git.integrolabs.net/Fortemi/fortemi/issues/906,evidence/Fortemi--fortemi-issues.json,Server realtime and jobs maintainers,Phase 5 after policy decisions,"Resolve default-mode, outbox backpressure and payload-minimization decisions; implement durable publisher/consumer semantics with bounded retention, replay and auth tests. Map every original acceptance criterion to the exact delivered artifact or an explicit supersession decision.",2026-09-07,First qualified stable opportunity after prerequisites; expedited customer/security patch when justified. No phase-date promise.,audit-355,"- [ ] A short measurement report records hardware/profile, workload, commands, and observed RAM/CPU/disk/outbox/Redis growth.
- [ ] The default-mode decision is recorded and linked from #586.
- [ ] Config/env names are specified for outbound Redis Streams fan-out, disabled batch mode, and #915 backlog thresholds.
- [ ] Trim/replay-window policy is specified before #593 publishes events.
- [ ] Disabled/default-off mode behavior is testable and documented for #596.
- [ ] #915 admission/backpressure behavior is measured or explicitly modeled before enabling fan-out by default.
- [ ] #593-#596 acceptance criteria are updated or confirmed against this decision."
Fortemi/fortemi#907,https://git.integrolabs.net/Fortemi/fortemi/issues/907,open,"docs(config): reconcile OpenAI env names across provider registry, direct backend, and docs",P2,,P2: Medium; area/rest-api; area/search; documentation; effort/small; infrastructure; security; testing,Hosted auth and multi-tenancy launch gate,,2026-06-22T23:00:23Z,75,13,D,execute,"Resolve the named authority/runtime prerequisite, verify exact allow/deny and failure behavior under authenticated tenant identities, and retain the production-environment receipt.",,read,stale-60d; no-assignee,6,https://git.integrolabs.net/Fortemi/fortemi/issues/907,evidence/Fortemi--fortemi-issues.json,"Auth, server, HotM and ITOps owners",Parallel gated Phase 2,"Resolve the named authority/runtime prerequisite, verify exact allow/deny and failure behavior under authenticated tenant identities, and retain the production-environment receipt. Map every original acceptance criterion to the exact delivered artifact or an explicit supersession decision.",2026-09-07,First qualified stable opportunity after prerequisites; expedited customer/security patch when justified. No phase-date promise.,audit-355,"- [ ] One source of truth documents canonical OpenAI/OpenAI-compatible env names, fallbacks, and precedence.
- [ ] `OpenAIBackend::from_env()`, `InferenceConfig::from_env()`, and provider profile metadata agree on names or intentionally documented fallback order.
- [ ] #682's embedding dimension policy uses the canonical/fallback env contract for `dimensions`/target dimension.
- [ ] #666's archive-aware resolver consumes normalized effective config rather than mixing direct backend env parsing with runtime config parsing.
- [ ] Docs update `docs/content/configuration.md`, `docs/content/inference-configuration.md`, and `docs/content/inference-providers.md` consistently.
- [ ] Tests cover canonical names and fallback names for OpenAI base URL, API key, generation model, embedding model, and embedding dimension."
Fortemi/fortemi#913,https://git.integrolabs.net/Fortemi/fortemi/issues/913,open,docs(mcp): reconcile protected-resource scopes and annotation safety wording,P2,,P2: Medium; area/auth; documentation; effort/small; infrastructure; mcp-api; security; testing,Hosted auth and multi-tenancy launch gate,,2026-06-23T02:31:21Z,75,13,D,execute,"Resolve the named authority/runtime prerequisite, verify exact allow/deny and failure behavior under authenticated tenant identities, and retain the production-environment receipt.",,read,stale-60d; no-assignee,6,https://git.integrolabs.net/Fortemi/fortemi/issues/913,evidence/Fortemi--fortemi-issues.json,"Auth, server, HotM and ITOps owners",Parallel gated Phase 2,"Resolve the named authority/runtime prerequisite, verify exact allow/deny and failure behavior under authenticated tenant identities, and retain the production-environment receipt. Map every original acceptance criterion to the exact delivered artifact or an explicit supersession decision.",2026-09-07,First qualified stable opportunity after prerequisites; expedited customer/security patch when justified. No phase-date promise.,audit-355,"- [ ] MCP protected-resource metadata examples agree across docs and runtime.
- [ ] The accepted remote MCP session-start scope policy is documented: `mcp` only or `mcp`/`read`/`admin` compatibility.
- [ ] Annotation docs explicitly say annotations are hints, not authorization decisions.
- [ ] Docs distinguish client approval UX from server-side Fortemi authorization.
- [ ] #718 and #893 reference this issue for user-facing docs cleanup.
- [ ] #899 or a docs validation test asserts the protected-resource metadata example shape used in docs."
Fortemi/fortemi#914,https://git.integrolabs.net/Fortemi/fortemi/issues/914,open,fix(mcp-server): bind MCP HTTP session ids to bearer token context,P1,,P1: High; area/auth; area/rest-api; bug; effort/small; mcp-api; security; testing,Hosted auth and multi-tenancy launch gate,,2026-06-23T21:09:11Z,74,10,D,execute,"Resolve the named authority/runtime prerequisite, verify exact allow/deny and failure behavior under authenticated tenant identities, and retain the production-environment receipt.",,read,stale-60d; no-assignee,7,https://git.integrolabs.net/Fortemi/fortemi/issues/914,evidence/Fortemi--fortemi-issues.json,"Auth, server, HotM and ITOps owners",Parallel gated Phase 2,"Resolve the named authority/runtime prerequisite, verify exact allow/deny and failure behavior under authenticated tenant identities, and retain the production-environment receipt. Map every original acceptance criterion to the exact delivered artifact or an explicit supersession decision.",2026-09-07,First qualified stable opportunity after prerequisites; expedited customer/security patch when justified. No phase-date promise.,audit-355,"- [ ] Streamable HTTP established-session requests reject a valid token that does not match the session's auth binding.
- [ ] `POST`, `GET`, and `DELETE` perform the same binding check before dispatch/close.
- [ ] Legacy SSE `/messages` rejects valid-but-different tokens for an existing SSE session, or the legacy SSE endpoint is disabled/deprecated before closure.
- [ ] Session cleanup removes auth binding state.
- [ ] Regression tests cover same-token success, different-token reject, missing-token reject when auth is required, expired/inactive token reject, wrong resource/audience reject after #917, and session-id-not-found reject.
- [ ] #899 regression coverage includes Streamable HTTP and legacy SSE mismatch cases while both transports remain exposed.
- [ ] Docs describe `MCP-Session-Id` and SSE `sessionId` as opaque session identifiers, not authorization credentials."
Fortemi/fortemi#915,https://git.integrolabs.net/Fortemi/fortemi/issues/915,open,design(streaming): add outbound outbox backpressure and retention guard before Redis fan-out,P1,,P1: High; area/rest-api; documentation; effort/medium; enhancement; infrastructure; jobs; security; testing,Streaming realtime phase 1,,2026-07-11T17:09:12Z,57,15,G,execute,"Resolve default-mode, outbox backpressure and payload-minimization decisions; implement durable publisher/consumer semantics with bounded retention, replay and auth tests.",,read,no-assignee,11,https://git.integrolabs.net/Fortemi/fortemi/issues/915,evidence/Fortemi--fortemi-issues.json,Server realtime and jobs maintainers,Phase 5 after policy decisions,"Resolve default-mode, outbox backpressure and payload-minimization decisions; implement durable publisher/consumer semantics with bounded retention, replay and auth tests. Map every original acceptance criterion to the exact delivered artifact or an explicit supersession decision.",2026-09-07,First qualified stable opportunity after prerequisites; expedited customer/security patch when justified. No phase-date promise.,audit-355,"- [ ] Config/env contract exists for outbox depth and oldest-age thresholds.
- [ ] Event class metadata or equivalent routing policy exists before publisher/backpressure enablement.
- [ ] API paths that emit outbox rows share a central guard or equivalent repository-level policy.
- [ ] Overload returns the standard Fortemi error envelope with a stable machine-readable code, `503`, and `Retry-After` without leaking raw queue depths unless intentionally documented.
- [ ] Tests prove normal writes still succeed with Redis/outbound fan-out disabled.
- [ ] Tests prove durable-required writes are rejected once backlog threshold is exceeded and recover after backlog clears.
- [ ] Tests prove ephemeral realtime events are dropped/coalesced/bypassed according to policy instead of causing unrelated durable writes to fail.
- [ ] Metrics/health report current backlog, oldest age, event-class counters, admission state, and reject count without high-cardinality labels.
- [ ] Readiness degrades/unreadies when durable event-producing writes are rejected in deployments where those writes are normal serving behavior.
- [ ] Docs update the revised SLA from the PoC and remove the stale 10K/s default assumption.
- [ ] #593/#596/#906 reference this issue before enabling outbound Redis Streams fan-out."
Fortemi/fortemi#916,https://git.integrolabs.net/Fortemi/fortemi/issues/916,open,chore(release): sign and attest native sidecar binary releases by builder path,P2,,P2: Medium; ci/cd; documentation; effort/medium; infrastructure; security; testing,Native server distribution backlog,,2026-09-06T20:31:34Z,23,12,H,refresh,"Four native binaries, checksums and provenance now exist on v2026.9.5. Reconcile remaining Windows, installer manifest, signing, license and supported-platform acceptance; binary publication alone does not complete the native installer roadmap.",,read,no-assignee,11,https://git.integrolabs.net/Fortemi/fortemi/issues/916,evidence/Fortemi--fortemi-issues.json,Release and platform maintainers,Phase 5; distinguish artifact support from installation,"Define the actual supported platform/artifact/prerequisite matrix, then prove verified download, install, service lifecycle and rollback on clean supported hosts. Map every original acceptance criterion to the exact delivered artifact or an explicit supersession decision.",2026-09-07,First qualified stable opportunity after prerequisites; expedited customer/security patch when justified. No phase-date promise.,audit-355,"- [ ] Versioned sidecar releases publish checksum, signature/bundle, and provenance artifacts for every binary.
- [ ] Verification commands are documented and tested against at least one release artifact.
- [ ] Gitea-native signing mode is documented separately from any future GitHub/OIDC keyless mode.
- [ ] Verification examples check checksum plus signature/bundle plus expected signer identity/key.
- [ ] Per-binary provenance subject digests match the exact uploaded release assets.
- [ ] Linux `matric-builder` and macOS `mutsu` builder identities are captured separately, including which fields are runner-verified vs script-reported.
- [ ] macOS remote-builder provenance captures builder identity, commit, rustc/cargo/toolchain, target triple, remote checksum, transfer checksum, and final uploaded checksum.
- [ ] `StrictHostKeyChecking=no` is removed from the trusted release path or documented as a lower-trust exception that limits provenance claims.
- [ ] Rolling `sidecar-latest` release docs state that it is not an immutable verification target.
- [ ] CI fails the versioned release if any required binary lacks checksum, signature/bundle, provenance, or required license notice evidence.
- [ ] #887 remains responsible for pinning artifact actions and release workflow guard lint; this issue owns release evidence for native binaries."
Fortemi/fortemi#917,https://git.integrolabs.net/Fortemi/fortemi/issues/917,open,fix(mcp-oauth): validate token resource/audience for remote MCP protected resource,P1,,P1: High; area/auth; area/rest-api; documentation; effort/small; mcp-api; security; testing; tier/licensed-server,Hosted auth and multi-tenancy launch gate,,2026-07-19T03:32:33Z,49,18,D,execute,"Resolve the named authority/runtime prerequisite, verify exact allow/deny and failure behavior under authenticated tenant identities, and retain the production-environment receipt.",,read,no-assignee,7,https://git.integrolabs.net/Fortemi/fortemi/issues/917,evidence/Fortemi--fortemi-issues.json,"Auth, server, HotM and ITOps owners",Parallel gated Phase 2,"Resolve the named authority/runtime prerequisite, verify exact allow/deny and failure behavior under authenticated tenant identities, and retain the production-environment receipt. Map every original acceptance criterion to the exact delivered artifact or an explicit supersession decision.",2026-09-07,First qualified stable opportunity after prerequisites; expedited customer/security patch when justified. No phase-date promise.,audit-355,"- [ ] Fortemi OAuth token issuance stores or derives a resource/audience value for MCP-bound tokens.
- [ ] `/oauth/introspect` returns an audience/resource value that can identify the intended protected resource, not just the OAuth client id.
- [ ] `mcp-server/index.js::validateBearerToken()` validates issuer and MCP resource/audience before accepting the token.
- [ ] Token type is constrained to access tokens; refresh tokens are not accepted as MCP bearer credentials.
- [ ] 401/403 failures do not log token values and include appropriate `WWW-Authenticate` guidance.
- [ ] Tests cover wrong-resource token rejection, missing-resource token behavior, wrong issuer, refresh-token-as-bearer rejection, valid MCP-resource token success, and docs metadata consistency.
- [ ] #914 session binding stores the validated non-secret auth binding, including resource/audience, after this contract exists."
Fortemi/fortemi#918,https://git.integrolabs.net/Fortemi/fortemi/issues/918,open,fix(mcp-server): allow and validate MCP-Protocol-Version header for Streamable HTTP,P1,,P1: High; area/auth; area/rest-api; bug; effort/small; mcp-api; security; testing,Hosted auth and multi-tenancy launch gate,,2026-06-23T21:09:11Z,74,8,D,execute,"Resolve the named authority/runtime prerequisite, verify exact allow/deny and failure behavior under authenticated tenant identities, and retain the production-environment receipt.",,read,stale-60d; no-assignee,5,https://git.integrolabs.net/Fortemi/fortemi/issues/918,evidence/Fortemi--fortemi-issues.json,"Auth, server, HotM and ITOps owners",Parallel gated Phase 2,"Resolve the named authority/runtime prerequisite, verify exact allow/deny and failure behavior under authenticated tenant identities, and retain the production-environment receipt. Map every original acceptance criterion to the exact delivered artifact or an explicit supersession decision.",2026-09-07,First qualified stable opportunity after prerequisites; expedited customer/security patch when justified. No phase-date promise.,audit-355,"- [ ] CORS `allowedHeaders` includes `MCP-Protocol-Version`.
- [ ] Streamable HTTP regression tests cover subsequent `POST`, `GET`, and `DELETE` requests with `MCP-Protocol-Version`.
- [ ] Invalid or unsupported protocol version behavior is tested as `400 Bad Request`, either by Fortemi wrapper logic or SDK-delegated behavior.
- [ ] #899 test suite references this issue so session-isolation tests include the required transport header.
- [ ] Operator docs mention `MCP-Protocol-Version` alongside `MCP-Session-Id` for Streamable HTTP clients/proxies."
Fortemi/fortemi#919,https://git.integrolabs.net/Fortemi/fortemi/issues/919,open,fix(mcp-server): require write-capable scope for mutating remote MCP tools until per-tool authz lands,P1,,P1: High; area/auth; area/rest-api; bug; effort/small; mcp-api; security; testing,Hosted auth and multi-tenancy launch gate,,2026-06-23T00:19:32Z,75,5,D,execute,"Resolve the named authority/runtime prerequisite, verify exact allow/deny and failure behavior under authenticated tenant identities, and retain the production-environment receipt.",,read,stale-60d; no-assignee,6,https://git.integrolabs.net/Fortemi/fortemi/issues/919,evidence/Fortemi--fortemi-issues.json,"Auth, server, HotM and ITOps owners",Parallel gated Phase 2,"Resolve the named authority/runtime prerequisite, verify exact allow/deny and failure behavior under authenticated tenant identities, and retain the production-environment receipt. Map every original acceptance criterion to the exact delivered artifact or an explicit supersession decision.",2026-09-07,First qualified stable opportunity after prerequisites; expedited customer/security patch when justified. No phase-date promise.,audit-355,"- [ ] `validateBearerToken()` or dispatcher/session setup no longer grants a `read`-only token access to mutating MCP tools.
- [ ] `tools/list` behavior matches enforcement: read-only sessions either see only read tools or are rejected at session startup with a clear scope challenge.
- [ ] `tools/call` denies mutating tools before handler execution when the caller lacks write-capable MCP authority.
- [ ] Denial response is a stable JSON-RPC error that does not leak hidden tool metadata, tenant state, or internal policy reasons.
- [ ] Tests cover read-only token list/call behavior, `mcp` token mutating success path, `admin` token behavior, and absence of raw bearer tokens in logs/errors.
- [ ] #718 remains the long-term per-tool authorization gate and should replace or delegate this interim logic once `AuthorizationPolicy` lands."
Fortemi/fortemi#920,https://git.integrolabs.net/Fortemi/fortemi/issues/920,open,fix(api): restrict inference base_url outbound destinations to trusted policy,P1,,P1: High; area/rest-api; bug; effort/medium; infrastructure; security; testing,Hosted auth and multi-tenancy launch gate,,2026-08-24T21:16:17Z,12,20,D,execute,"Resolve the named authority/runtime prerequisite, verify exact allow/deny and failure behavior under authenticated tenant identities, and retain the production-environment receipt.",,read,no-assignee,9,https://git.integrolabs.net/Fortemi/fortemi/issues/920,evidence/Fortemi--fortemi-issues.json,"Auth, server, HotM and ITOps owners",Parallel gated Phase 2,"Resolve the named authority/runtime prerequisite, verify exact allow/deny and failure behavior under authenticated tenant identities, and retain the production-environment receipt. Map every original acceptance criterion to the exact delivered artifact or an explicit supersession decision.",2026-09-07,First qualified stable opportunity after prerequisites; expedited customer/security patch when justified. No phase-date promise.,audit-355,"- [ ] `/api/v1/inference/complete` and `/api/v1/inference/stream` cannot reach private/metadata/internal destinations through request-controlled `base_url` outside policy.
- [ ] `/api/v1/inference/test-connection` applies the same destination policy before probing.
- [ ] Global and archive-scoped inference config writes validate stored `base_url` values against the same policy, with an operator override path for approved local/self-hosted providers.
- [ ] #666 archive-aware resolver consumes the same validated destination policy before runtime calls.
- [ ] Bridge route policy/failover in #867 cannot select provider destinations outside #920 policy.
- [ ] Provider defaults and operator-approved custom endpoints still work.
- [ ] Error/log paths do not leak `api_key` or credential-bearing URLs.
- [ ] #731 and #864 consume the same destination-policy helper rather than implementing separate outbound policies later.
- [ ] Tests include redirect handling, private-network denial, cloud metadata denial, and allowed self-hosted provider fixtures."
Fortemi/fortemi#921,https://git.integrolabs.net/Fortemi/fortemi/issues/921,open,fix(mcp-server): validate Origin for MCP HTTP transports and replace wildcard CORS,P1,,P1: High; area/auth; area/rest-api; bug; effort/small; mcp-api; security; testing,Hosted auth and multi-tenancy launch gate,,2026-06-23T21:09:11Z,74,12,D,execute,"Resolve the named authority/runtime prerequisite, verify exact allow/deny and failure behavior under authenticated tenant identities, and retain the production-environment receipt.",,read,stale-60d; no-assignee,9,https://git.integrolabs.net/Fortemi/fortemi/issues/921,evidence/Fortemi--fortemi-issues.json,"Auth, server, HotM and ITOps owners",Parallel gated Phase 2,"Resolve the named authority/runtime prerequisite, verify exact allow/deny and failure behavior under authenticated tenant identities, and retain the production-environment receipt. Map every original acceptance criterion to the exact delivered artifact or an explicit supersession decision.",2026-09-07,First qualified stable opportunity after prerequisites; expedited customer/security patch when justified. No phase-date promise.,audit-355,"- [ ] MCP HTTP mode no longer uses unconditional `origin: '*'` in authenticated/hosted deployments.
- [ ] Config/docs define the allowed-origin source of truth for MCP HTTP.
- [ ] Requests with disallowed `Origin` receive 403 before `/sse`, `/messages`, or root Streamable HTTP session lookup/creation/deletion.
- [ ] Valid origins still support Streamable HTTP `POST`, `GET`, and `DELETE` with `MCP-Session-Id` and `MCP-Protocol-Version` headers.
- [ ] Valid origins still support legacy `/sse` and `/messages`, or legacy SSE is explicitly disabled/deprecated before closure.
- [ ] Missing-Origin behavior is explicitly documented and tested for native/server-to-server clients.
- [ ] Tests cover disallowed browser Origin, allowed Origin, missing Origin, preflight, and no session side effects on denial.
- [ ] #899 regression suite includes this check alongside session binding and protocol-header coverage.
- [ ] Operator docs mention DNS-rebinding risk and the MCP origin allowlist."
Fortemi/fortemi#922,https://git.integrolabs.net/Fortemi/fortemi/issues/922,open,"fix(api): harden tus finalization, chunk limits, protocol locking, and note binding",P1,,P1: High; area/attachments; area/rest-api; bug; documentation; effort/medium; security; testing,Hosted auth and multi-tenancy launch gate,,2026-07-19T03:52:16Z,49,12,D,execute,"Resolve the named authority/runtime prerequisite, verify exact allow/deny and failure behavior under authenticated tenant identities, and retain the production-environment receipt.",,read,no-assignee,10,https://git.integrolabs.net/Fortemi/fortemi/issues/922,evidence/Fortemi--fortemi-issues.json,"Auth, server, HotM and ITOps owners",Parallel gated Phase 2,"Resolve the named authority/runtime prerequisite, verify exact allow/deny and failure behavior under authenticated tenant identities, and retain the production-environment receipt. Map every original acceptance criterion to the exact delivered artifact or an explicit supersession decision.",2026-09-07,First qualified stable opportunity after prerequisites; expedited customer/security patch when justified. No phase-date promise.,audit-355,"- [ ] In final PATCH, run the same `matric_core::validate_file(filename, data, max_upload_size)` gate used by `upload_attachment` and `upload_attachment_multipart` before `store_file_tx` or extraction queueing.
- [ ] Bind uploads to their original note: every HEAD/PATCH/GET/DELETE route should verify `upload.note_id == path note_id` or fetch by `(upload_id, note_id)`, and finalization must store against `upload.note_id` after that invariant is proven.
- [ ] Add tus-specific regression tests proving blocked extension and executable magic-byte payloads are rejected on the final chunk and no attachment/blob/extraction job is created.
- [ ] Add regression tests proving an upload created for note A cannot be read, finalized, cancelled, or returned through note B's tus URL.
- [ ] Add a transactional `get_for_update`/locked update path for PATCH or an atomic compare-and-set append protocol so same-offset concurrent PATCHes cannot both append before offset update.
- [ ] Enforce configured per-PATCH chunk size (`TUS_CHUNK_MAX_SIZE`) separately from total file size, or remove/rename the config/docs if Fortemi intentionally uses total max as PATCH max.
- [ ] Reconcile ADR-087 and docs with runtime behavior: either implement `creation-with-upload` or remove it from the accepted design text and tests.
- [ ] Add compatibility tests for tus-js-client defaults covering POST/HEAD/PATCH/DELETE plus final response behavior.
- [ ] Decide whether to support tus checksum extension. If not, explicitly document that chunk-level checksum validation is unsupported and rely on TLS plus final storage hash/dedup integrity only.
- [ ] Ensure error responses include `Tus-Resumable`/`Tus-Version` where the tus spec requires them, including unsupported version responses; return protocol-appropriate statuses such as 412 for unsupported tus version and 415 for wrong PATCH media type."
Fortemi/fortemi#924,https://git.integrolabs.net/Fortemi/fortemi/issues/924,open,fix(oauth): align protected-resource scopes_supported with allowed scopes and runtime enforcement,P1,,P1: High; area/auth; area/rest-api; bug; documentation; effort/small; security; testing; tier/licensed-server,Hosted auth and multi-tenancy launch gate,,2026-07-19T09:50:27Z,49,10,D,execute,"Resolve the named authority/runtime prerequisite, verify exact allow/deny and failure behavior under authenticated tenant identities, and retain the production-environment receipt.",,read,no-assignee,7,https://git.integrolabs.net/Fortemi/fortemi/issues/924,evidence/Fortemi--fortemi-issues.json,"Auth, server, HotM and ITOps owners",Parallel gated Phase 2,"Resolve the named authority/runtime prerequisite, verify exact allow/deny and failure behavior under authenticated tenant identities, and retain the production-environment receipt. Map every original acceptance criterion to the exact delivered artifact or an explicit supersession decision.",2026-09-07,First qualified stable opportunity after prerequisites; expedited customer/security patch when justified. No phase-date promise.,audit-355,"- [ ] Decide whether `delete` is a real Fortemi OAuth scope, a future `AuthorizationPolicy` action, or neither.
- [ ] If `delete` is a real OAuth scope:
- [ ] If `delete` is not a real OAuth scope for the current model:
- [ ] Align `AuthPrincipal::has_scope()` comments, tests, and implementation so `write`, `delete`, `admin`, and `mcp` mean the same thing everywhere.
- [ ] Add regression tests that every advertised metadata scope is accepted by OAuth client registration/authorization validation, or explicitly documented as unsupported for that endpoint.
- [ ] Add tests that docs/examples used for protected-resource metadata do not drift from runtime output.
- [ ] Coordinate with #913/#917/#919/#718/#710 so remote MCP scope policy is consistent with the global OAuth scope model and resource-bound token plan."
Fortemi/fortemi#925,https://git.integrolabs.net/Fortemi/fortemi/issues/925,open,fix(api): apply outbound destination policy to webhook delivery URLs,P1,,P1: High; area/rest-api; bug; documentation; effort/medium; infrastructure; security; testing,Hosted auth and multi-tenancy launch gate,,2026-06-22T23:06:06Z,75,7,D,execute,"Resolve the named authority/runtime prerequisite, verify exact allow/deny and failure behavior under authenticated tenant identities, and retain the production-environment receipt.",,read,stale-60d; no-assignee,8,https://git.integrolabs.net/Fortemi/fortemi/issues/925,evidence/Fortemi--fortemi-issues.json,"Auth, server, HotM and ITOps owners",Parallel gated Phase 2,"Resolve the named authority/runtime prerequisite, verify exact allow/deny and failure behavior under authenticated tenant identities, and retain the production-environment receipt. Map every original acceptance criterion to the exact delivered artifact or an explicit supersession decision.",2026-09-07,First qualified stable opportunity after prerequisites; expedited customer/security patch when justified. No phase-date promise.,audit-355,"- [ ] Webhook create/update rejects unsupported schemes and disallowed destinations using a structured URL parser, not string prefix checks.
- [ ] Default hosted policy denies loopback, RFC1918/private, link-local, IPv6 loopback, IPv4-mapped loopback/private forms, and cloud metadata endpoints such as `169.254.169.254`.
- [ ] Operator policy can explicitly allow trusted private webhook destinations for self-hosted/internal deployments without weakening per-request validation by default.
- [ ] `webhook_dispatcher()` and `test_webhook()` use a client/delivery path that applies the same destination policy before any network connection.
- [ ] Redirects are disabled with `reqwest::redirect::Policy::none()` or every redirect hop is revalidated through the same destination policy before following.
- [ ] Delivery logs and API errors avoid echoing credential-bearing URLs, query strings, Authorization headers, secrets, or internal classifier details.
- [ ] Tests cover allowed public HTTPS webhook, denied localhost/127.0.0.1/IPv6 loopback/private/link-local/metadata destinations, redirect-to-internal, invalid schemes, and explicitly allowed private destination fixtures.
- [ ] #920 references this issue or both share a common `OutboundDestinationPolicy` implementation plan so inference and webhook policies do not drift."
Fortemi/fortemi#927,https://git.integrolabs.net/Fortemi/fortemi/issues/927,open,fix(backup): harden knowledge-archive upload and database restore trust boundary,P1,,P1: High; area/archives; area/auth; area/backup; area/rest-api; bug; documentation; effort/medium; security; testing,Hosted auth and multi-tenancy launch gate,,2026-09-05T06:03:01Z,1,14,D,execute,"Resolve the named authority/runtime prerequisite, verify exact allow/deny and failure behavior under authenticated tenant identities, and retain the production-environment receipt.",,read,no-assignee,10,https://git.integrolabs.net/Fortemi/fortemi/issues/927,evidence/Fortemi--fortemi-issues.json,"Auth, server, HotM and ITOps owners",Parallel gated Phase 2,"Resolve the named authority/runtime prerequisite, verify exact allow/deny and failure behavior under authenticated tenant identities, and retain the production-environment receipt. Map every original acceptance criterion to the exact delivered artifact or an explicit supersession decision.",2026-09-07,First qualified stable opportunity after prerequisites; expedited customer/security patch when justified. No phase-date promise.,audit-355,"- [ ] Validate `.archive` structure before writing anything: exactly one backup payload, at most one `metadata.json`, no unexpected entries, no duplicate entries, and only regular files unless explicitly supported.
- [ ] Reject path-like tar entry names before reading full content: `/`, `..`, backslashes, platform drive prefixes, nested paths, empty names, or names outside an explicit allowlist.
- [ ] Bound multipart upload bytes, tar entry count, total unpacked bytes, per-entry bytes, metadata bytes, and `.sql.gz` decompressed bytes.
- [ ] Define whether `.archive` can contain a knowledge shard, a SQL dump, or both; reject ambiguous bundles.
- [ ] Validate metadata schema and redact/sanitize metadata errors so large content, host paths, credentials, or SQL snippets are not echoed.
- [ ] Treat SQL restore as trusted privileged restore: require admin authorization, clear docs, optional confirmation/feature gate for hosted mode, and no claim that uploaded SQL backups are safe untrusted imports.
- [ ] Stream or spool large restore input instead of reading decompressed SQL fully into process memory, or enforce a small enough decompressed-size cap.
- [ ] Make validation complete before destructive restore behavior such as `DROP SCHEMA CASCADE` or public-schema drop scripts.
- [ ] Add regression tests for duplicate payload, duplicate metadata, unexpected extra entry, `../evil.sql.gz`, symlink/hard-link/device tar entries, oversized compressed archive, oversized decompressed SQL, malformed metadata, and hosted-mode trusted-restore denial.
- [ ] Update `docs/content/backup.md` and MCP backup docs to distinguish app-level knowledge-shard import from privileged database restore."
Fortemi/fortemi#930,https://git.integrolabs.net/Fortemi/fortemi/issues/930,open,ci(actions): replace token-bearing git clone URLs and verify job token permissions,P1,,P1: High; bug; ci/cd; effort/medium; infrastructure; security; testing,Native server distribution backlog,,2026-09-06T20:31:34Z,57,10,C,refresh,"Compare the current release-only guards and pinned workflow graph with this older CI issue; retain only unproven permissions, credential transport, action/image pinning and publication acceptance. Do not infer closure from one green run.",,read,no-assignee,7,https://git.integrolabs.net/Fortemi/fortemi/issues/930,evidence/Fortemi--fortemi-issues.json,Server and client maintainers,Next; Phase 0 / Phase 1,"Reconcile issue acceptance with current source, close the remaining exact enforcement/test cells and pass repository delivery gates before promoting the affected surface. Map every original acceptance criterion to the exact delivered artifact or an explicit supersession decision.",2026-09-07,First qualified stable opportunity after prerequisites; expedited customer/security patch when justified. No phase-date promise.,audit-355,"- [ ] Token-bearing `https://token:...@` clone URLs are removed from all workflows or isolated behind a documented compatibility exception.
- [ ] Manual checkout paths do not persist credentials in `.git/config` after checkout.
- [ ] A workflow lint fails new token-bearing clone URLs, token-bearing remote URLs, and token interpolation into remote shell scripts.
- [ ] Every workflow/job declares explicit Gitea-compatible `permissions:` where supported.
- [ ] PR/test jobs request read-only code access; release jobs request only the exact `code`/`releases`/`packages` permissions they need.
- [ ] PAT-style secret use is documented with scope, rotation, and why `GITEA_TOKEN` cannot be used.
- [ ] #887 references this issue as the concrete clone-token cleanup child."
Fortemi/fortemi#932,https://git.integrolabs.net/Fortemi/fortemi/issues/932,open,fix(inference): make OpenAI-compatible SSE parsing framed and usage-aware before bridge streaming,P1,,P1: High; area/rest-api; bug; effort/medium; infrastructure; security; testing,,,2026-06-22T22:31:47Z,75,5,E,execute,"Complete the canonical provider/protocol and policy prerequisites before adapters; prove streaming, metering, quota, destination and retention behavior for the declared provider profile.",,read,stale-60d; no-milestone; no-assignee,6,https://git.integrolabs.net/Fortemi/fortemi/issues/932,evidence/Fortemi--fortemi-issues.json,Server inference and gateway maintainers,Phase 3 after foundation contracts,"Complete the canonical provider/protocol and policy prerequisites before adapters; prove streaming, metering, quota, destination and retention behavior for the declared provider profile. Map every original acceptance criterion to the exact delivered artifact or an explicit supersession decision.",2026-09-07,First qualified stable opportunity after prerequisites; expedited customer/security patch when justified. No phase-date promise.,audit-355,"- [ ] Add a framed SSE parser that buffers transport chunks until complete SSE events are received, including multi-line `data:` handling and split-frame tests.
- [ ] Distinguish event classes: content delta, role/start metadata, tool/function delta where represented, refusal/error, finish, final usage, heartbeat/comment, terminal `[DONE]`, and malformed upstream frame.
- [ ] Preserve enough OpenAI-compatible chunk metadata for #873 canonical stream events and #877 usage metering: chunk id, object, created, model, choice index, finish reason, usage, usage-final-present, and provider/raw scrubbed JSON where safe.
- [ ] Do not expose this richer parser through `Stream<Item = Result<String>>` alone for bridge paths; either introduce an internal stream event enum or keep the text projection as a compatibility wrapper over the event parser.
- [ ] Treat provider SSE error frames and malformed JSON as protocol errors that can be surfaced to bridge clients without leaking provider keys, full URLs, or hidden route policy.
- [ ] Tests cover: frame split across byte chunks, multiple SSE events in one byte chunk, `[DONE]`, final usage-only chunk with empty `choices`, stream with no final usage, upstream error frame, comment/heartbeat lines, and malformed JSON."
Fortemi/fortemi#934,https://git.integrolabs.net/Fortemi/fortemi/issues/934,open,fix(search): align semantic result snippets with embedded source content,P2,,P2: Medium; area/search; bug; effort/medium; infrastructure; testing,,,2026-06-22T23:49:24Z,75,3,C,execute,"Prioritize the issue-specific retrieval/embedding correctness gate: scope before ranking, correct content projection, complete batch cardinality/order/dimensions and atomic replacement. Reuse #1091 contracts and the delivered #979 rollback boundary.",,read,stale-60d; no-milestone; no-assignee,0,https://git.integrolabs.net/Fortemi/fortemi/issues/934,evidence/Fortemi--fortemi-issues.json,Server and client maintainers,Next; Phase 0 / Phase 1,"Reconcile issue acceptance with current source, close the remaining exact enforcement/test cells and pass repository delivery gates before promoting the affected surface. Map every original acceptance criterion to the exact delivered artifact or an explicit supersession decision.",2026-09-07,First qualified stable opportunity after prerequisites; expedited customer/security patch when justified. No phase-date promise.,audit-355,
Fortemi/fortemi#935,https://git.integrolabs.net/Fortemi/fortemi/issues/935,open,design(plugin): reconcile sidecar policy before EE control-plane plugin work,P2,,P2: Medium; documentation; effort/medium; enhancement; infrastructure; security; testing,,,2026-06-23T02:13:04Z,75,4,D,execute,"Resolve the named authority/runtime prerequisite, verify exact allow/deny and failure behavior under authenticated tenant identities, and retain the production-environment receipt.",,read,stale-60d; no-milestone; no-assignee,7,https://git.integrolabs.net/Fortemi/fortemi/issues/935,evidence/Fortemi--fortemi-issues.json,"Auth, server, HotM and ITOps owners",Parallel gated Phase 2,"Resolve the named authority/runtime prerequisite, verify exact allow/deny and failure behavior under authenticated tenant identities, and retain the production-environment receipt. Map every original acceptance criterion to the exact delivered artifact or an explicit supersession decision.",2026-09-07,First qualified stable opportunity after prerequisites; expedited customer/security patch when justified. No phase-date promise.,audit-355,"- [ ] A design doc or ADR update identifies the plugin class for each surface listed above.
- [ ] #712 scope is updated or confirmed to cover only the shared lifecycle/contract layer and not the full sidecar protocol.
- [ ] #721 scope is confirmed as Class A first or rewritten as a sidecar proof with its dependency list updated.
- [ ] #722 certification/signing policy distinguishes build-time Class A trust from runtime Class B/C connection trust using the final decision here.
- [ ] #853 MCP process model is either documented as a sidecar exception or aligned back to the default policy.
- [ ] If any sidecar path is selected, follow-up issues exist for schema/protocol implementation and conformance tests.
- [ ] Stale contradictory language is removed from ADRs/specs/process docs."
Fortemi/fortemi#936,https://git.integrolabs.net/Fortemi/fortemi/issues/936,open,fix(jobs): restrict extraction adapter _source_path to trusted storage-derived paths,P1,,P1: High; area/extraction; bug; effort/medium; infrastructure; jobs; security; testing,,,2026-06-22T22:44:50Z,75,5,C,execute,"Reconcile issue acceptance with current source, close the remaining exact enforcement/test cells and pass repository delivery gates before promoting the affected surface.",,read,stale-60d; no-milestone; no-assignee,8,https://git.integrolabs.net/Fortemi/fortemi/issues/936,evidence/Fortemi--fortemi-issues.json,Server and client maintainers,Next; Phase 0 / Phase 1,"Reconcile issue acceptance with current source, close the remaining exact enforcement/test cells and pass repository delivery gates before promoting the affected surface. Map every original acceptance criterion to the exact delivered artifact or an explicit supersession decision.",2026-09-07,First qualified stable opportunity after prerequisites; expedited customer/security patch when justified. No phase-date promise.,audit-355,"- [ ] External job/API/MCP/plugin config cannot inject `_source_path` into audio/video adapters.
- [ ] Adapter path access uses a typed internal source/provenance object or an equivalent sealed config path that untrusted callers cannot construct.
- [ ] All direct `std::fs::read` / path-consuming adapter paths are covered by tests for traversal, sibling-prefix tricks, symlink escape, nonexistent path, and permission denied.
- [ ] Managed attachment path access proves the path came from `FileStorageRepository` metadata for the requested attachment and current archive/tenant context.
- [ ] Future Referenced path access is blocked until #775/#890 root policy is implemented.
- [ ] Derived-file `source_path` persistence cannot read arbitrary caller-provided paths.
- [ ] Logs/errors avoid leaking full host paths where that would expose operator filesystem layout.
- [ ] Regression tests are included in the TI-EXTSTORAGE aggregate gate (#797) or a jobs security suite that #797 depends on."
Fortemi/fortemi#938,https://git.integrolabs.net/Fortemi/fortemi/issues/938,open,fix(deploy): replace checked-in source-tree systemd units with safe templates,P1,,P1: High; bug; documentation; effort/small; infrastructure; security; testing,Native server distribution backlog,,2026-06-23T01:05:36Z,75,5,H,execute,"Define the actual supported platform/artifact/prerequisite matrix, then prove verified download, install, service lifecycle and rollback on clean supported hosts.",,read,stale-60d; no-assignee,6,https://git.integrolabs.net/Fortemi/fortemi/issues/938,evidence/Fortemi--fortemi-issues.json,Release and platform maintainers,Phase 5; distinguish artifact support from installation,"Define the actual supported platform/artifact/prerequisite matrix, then prove verified download, install, service lifecycle and rollback on clean supported hosts. Map every original acceptance criterion to the exact delivered artifact or an explicit supersession decision.",2026-09-07,First qualified stable opportunity after prerequisites; expedited customer/security patch when justified. No phase-date promise.,audit-355,"- [ ] No checked-in service unit hard-codes `/home/roctinam/dev/fortemi`, `User=roctinam`, or `Group=roctinam` as deploy defaults.
- [ ] No checked-in service unit contains `matric:matric` or `PGPASSWORD=matric` as an active default.
- [ ] Service units load secrets/config from an operator-owned env file or generated config path with documented permissions.
- [ ] If example credentials remain in docs, they are clearly marked local/dev only and are not active defaults in deployable units.
- [ ] #642 native service lifecycle either consumes these templates or documents why it replaces them.
- [ ] A smoke check verifies generated/rendered units reference the intended install directory and binary path for a non-`roctinam` user."
Fortemi/fortemi#939,https://git.integrolabs.net/Fortemi/fortemi/issues/939,open,design(streaming): minimize and classify outbound Redis Stream payloads before publisher fan-out,P1,,P1: High; area/rest-api; documentation; effort/medium; infrastructure; jobs; security; testing,Streaming realtime phase 1,,2026-06-26T11:02:12Z,72,3,G,execute,"Resolve default-mode, outbox backpressure and payload-minimization decisions; implement durable publisher/consumer semantics with bounded retention, replay and auth tests.",,read,stale-60d; no-assignee,8,https://git.integrolabs.net/Fortemi/fortemi/issues/939,evidence/Fortemi--fortemi-issues.json,Server realtime and jobs maintainers,Phase 5 after policy decisions,"Resolve default-mode, outbox backpressure and payload-minimization decisions; implement durable publisher/consumer semantics with bounded retention, replay and auth tests. Map every original acceptance criterion to the exact delivered artifact or an explicit supersession decision.",2026-09-07,First qualified stable opportunity after prerequisites; expedited customer/security patch when justified. No phase-date promise.,audit-355,"- [ ] A versioned Redis Stream envelope/schema is documented before #593 publishes events.
- [ ] The schema does not default to copying arbitrary `event_outbox.payload` into Redis without a sensitivity decision.
- [ ] `transcript_partial` raw text is either excluded from Redis/Postgres durable fan-out, coalesced/minimized, or explicitly accepted with retention/security requirements.
- [ ] Inbound webhook payloads and provider/config events have redaction/minimization rules before publication.
- [ ] #596 health/metrics can report stream state without exposing raw payloads or high-cardinality subject data.
- [ ] #594/#595 consumer designs state whether they fetch full event payloads from Redis, Postgres by outbox ID, or an authorized API/repository path.
- [ ] Docs describe Redis security assumptions for event-bus mode, distinct from cache-only Redis usage.
- [ ] Tests prove sensitive fields are not published to Redis for at least one transcript, webhook, and provider/config fixture."
Fortemi/fortemi#940,https://git.integrolabs.net/Fortemi/fortemi/issues/940,open,design(mcp): decide legacy HTTP+SSE compatibility policy before remote MCP launch,P1,,P1: High; area/auth; area/rest-api; documentation; effort/medium; infrastructure; mcp-api; security; testing,Hosted auth and multi-tenancy launch gate,,2026-06-23T21:09:11Z,74,10,D,execute,"Resolve the named authority/runtime prerequisite, verify exact allow/deny and failure behavior under authenticated tenant identities, and retain the production-environment receipt.",,read,stale-60d; no-assignee,6,https://git.integrolabs.net/Fortemi/fortemi/issues/940,evidence/Fortemi--fortemi-issues.json,"Auth, server, HotM and ITOps owners",Parallel gated Phase 2,"Resolve the named authority/runtime prerequisite, verify exact allow/deny and failure behavior under authenticated tenant identities, and retain the production-environment receipt. Map every original acceptance criterion to the exact delivered artifact or an explicit supersession decision.",2026-09-07,First qualified stable opportunity after prerequisites; expedited customer/security patch when justified. No phase-date promise.,audit-355,"- [ ] Operator docs state whether `/sse` + `/messages` are enabled, disabled, deprecated, or removed for hosted remote MCP.
- [ ] If enabled, legacy SSE routes are protected by #914/#917/#919/#921 semantics and covered by #899 tests.
- [ ] If disabled by default, startup output and reverse-proxy docs stop advertising `/sse` unless the compatibility flag is on.
- [ ] If a compatibility flag exists, invalid boolean parsing follows #928's strict config parsing model.
- [ ] Docs identify Streamable HTTP as the primary remote MCP transport and legacy HTTP+SSE as compatibility-only.
- [ ] `MCP-Session-Id`/query `sessionId` are documented as opaque transport identifiers, not authorization credentials."
Fortemi/fortemi#941,https://git.integrolabs.net/Fortemi/fortemi/issues/941,open,fix(oauth): require PKCE/S256 and constrain loopback redirect matching by client type,P1,,P1: High; area/auth; area/rest-api; bug; documentation; effort/small; security; testing; tier/licensed-server,Hosted auth and multi-tenancy launch gate,,2026-07-19T09:50:27Z,49,12,D,execute,"Resolve the named authority/runtime prerequisite, verify exact allow/deny and failure behavior under authenticated tenant identities, and retain the production-environment receipt.",,read,no-assignee,0,https://git.integrolabs.net/Fortemi/fortemi/issues/941,evidence/Fortemi--fortemi-issues.json,"Auth, server, HotM and ITOps owners",Parallel gated Phase 2,"Resolve the named authority/runtime prerequisite, verify exact allow/deny and failure behavior under authenticated tenant identities, and retain the production-environment receipt. Map every original acceptance criterion to the exact delivered artifact or an explicit supersession decision.",2026-09-07,First qualified stable opportunity after prerequisites; expedited customer/security patch when justified. No phase-date promise.,audit-355,
Fortemi/fortemi#942,https://git.integrolabs.net/Fortemi/fortemi/issues/942,open,fix(oauth): stop silently extending access-token lifetime in hosted auth paths,P1,,P1: High; area/auth; area/rest-api; bug; documentation; effort/small; security; testing,Hosted auth and multi-tenancy launch gate,,2026-06-23T01:08:16Z,75,4,D,execute,"Resolve the named authority/runtime prerequisite, verify exact allow/deny and failure behavior under authenticated tenant identities, and retain the production-environment receipt.",,read,stale-60d; no-assignee,0,https://git.integrolabs.net/Fortemi/fortemi/issues/942,evidence/Fortemi--fortemi-issues.json,"Auth, server, HotM and ITOps owners",Parallel gated Phase 2,"Resolve the named authority/runtime prerequisite, verify exact allow/deny and failure behavior under authenticated tenant identities, and retain the production-environment receipt. Map every original acceptance criterion to the exact delivered artifact or an explicit supersession decision.",2026-09-07,First qualified stable opportunity after prerequisites; expedited customer/security patch when justified. No phase-date promise.,audit-355,
Fortemi/fortemi#943,https://git.integrolabs.net/Fortemi/fortemi/issues/943,open,fix(oauth): require authenticated resource-owner consent and validate redirects before authorization responses,P0,,P0: Blocker; area/auth; area/rest-api; bug; documentation; effort/medium; security; testing; tier/licensed-server,Hosted auth and multi-tenancy launch gate,,2026-06-24T01:41:01Z,74,11,D,execute,"Resolve the named authority/runtime prerequisite, verify exact allow/deny and failure behavior under authenticated tenant identities, and retain the production-environment receipt.",,read,stale-60d; no-assignee,0,https://git.integrolabs.net/Fortemi/fortemi/issues/943,evidence/Fortemi--fortemi-issues.json,"Auth, server, HotM and ITOps owners",Parallel gated Phase 2,"Resolve the named authority/runtime prerequisite, verify exact allow/deny and failure behavior under authenticated tenant identities, and retain the production-environment receipt. Map every original acceptance criterion to the exact delivered artifact or an explicit supersession decision.",2026-09-07,First qualified stable opportunity after prerequisites; expedited customer/security patch when justified. No phase-date promise.,audit-355,
Fortemi/fortemi#944,https://git.integrolabs.net/Fortemi/fortemi/issues/944,open,fix(oauth): gate dynamic client registration and implement or stop advertising client management,P1,,P1: High; area/auth; area/rest-api; bug; documentation; effort/medium; security; testing; tier/licensed-server,Hosted auth and multi-tenancy launch gate,,2026-07-19T09:50:27Z,49,10,D,execute,"Resolve the named authority/runtime prerequisite, verify exact allow/deny and failure behavior under authenticated tenant identities, and retain the production-environment receipt.",,read,no-assignee,0,https://git.integrolabs.net/Fortemi/fortemi/issues/944,evidence/Fortemi--fortemi-issues.json,"Auth, server, HotM and ITOps owners",Parallel gated Phase 2,"Resolve the named authority/runtime prerequisite, verify exact allow/deny and failure behavior under authenticated tenant identities, and retain the production-environment receipt. Map every original acceptance criterion to the exact delivered artifact or an explicit supersession decision.",2026-09-07,First qualified stable opportunity after prerequisites; expedited customer/security patch when justified. No phase-date promise.,audit-355,
Fortemi/fortemi#945,https://git.integrolabs.net/Fortemi/fortemi/issues/945,open,fix(auth): require admin scope for API-key list/create and validate key policy fields,P1,,P1: High; area/auth; area/rest-api; bug; documentation; effort/small; security; testing,Hosted auth and multi-tenancy launch gate,,2026-06-22T22:38:25Z,75,4,D,execute,"Resolve the named authority/runtime prerequisite, verify exact allow/deny and failure behavior under authenticated tenant identities, and retain the production-environment receipt.",,read,stale-60d; no-assignee,0,https://git.integrolabs.net/Fortemi/fortemi/issues/945,evidence/Fortemi--fortemi-issues.json,"Auth, server, HotM and ITOps owners",Parallel gated Phase 2,"Resolve the named authority/runtime prerequisite, verify exact allow/deny and failure behavior under authenticated tenant identities, and retain the production-environment receipt. Map every original acceptance criterion to the exact delivered artifact or an explicit supersession decision.",2026-09-07,First qualified stable opportunity after prerequisites; expedited customer/security patch when justified. No phase-date promise.,audit-355,
Fortemi/fortemi#946,https://git.integrolabs.net/Fortemi/fortemi/issues/946,open,fix(auth): admin-gate runtime inference configuration and audit endpoints,P1,,P1: High; area/auth; area/rest-api; bug; documentation; effort/medium; infrastructure; security; testing,Hosted auth and multi-tenancy launch gate,,2026-07-15T01:32:26Z,53,7,D,execute,"Resolve the named authority/runtime prerequisite, verify exact allow/deny and failure behavior under authenticated tenant identities, and retain the production-environment receipt.",,read,no-assignee,0,https://git.integrolabs.net/Fortemi/fortemi/issues/946,evidence/Fortemi--fortemi-issues.json,"Auth, server, HotM and ITOps owners",Parallel gated Phase 2,"Resolve the named authority/runtime prerequisite, verify exact allow/deny and failure behavior under authenticated tenant identities, and retain the production-environment receipt. Map every original acceptance criterion to the exact delivered artifact or an explicit supersession decision.",2026-09-07,First qualified stable opportunity after prerequisites; expedited customer/security patch when justified. No phase-date promise.,audit-355,
Fortemi/fortemi#947,https://git.integrolabs.net/Fortemi/fortemi/issues/947,open,fix(auth): admin-gate PKE keyset lifecycle and validate imported key material,P1,,P1: High; area/auth; area/rest-api; bug; documentation; effort/medium; infrastructure; security; testing,Hosted auth and multi-tenancy launch gate,,2026-06-22T23:02:58Z,75,6,D,execute,"Resolve the named authority/runtime prerequisite, verify exact allow/deny and failure behavior under authenticated tenant identities, and retain the production-environment receipt.",,read,stale-60d; no-assignee,0,https://git.integrolabs.net/Fortemi/fortemi/issues/947,evidence/Fortemi--fortemi-issues.json,"Auth, server, HotM and ITOps owners",Parallel gated Phase 2,"Resolve the named authority/runtime prerequisite, verify exact allow/deny and failure behavior under authenticated tenant identities, and retain the production-environment receipt. Map every original acceptance criterion to the exact delivered artifact or an explicit supersession decision.",2026-09-07,First qualified stable opportunity after prerequisites; expedited customer/security patch when justified. No phase-date promise.,audit-355,
Fortemi/fortemi#948,https://git.integrolabs.net/Fortemi/fortemi/issues/948,open,fix(pke): add route-specific crypto payload limits and zeroize HTTP sensitive buffers,P1,,P1: High; area/rest-api; bug; documentation; effort/medium; infrastructure; security; testing,Hosted auth and multi-tenancy launch gate,,2026-06-23T00:40:57Z,75,6,D,execute,"Resolve the named authority/runtime prerequisite, verify exact allow/deny and failure behavior under authenticated tenant identities, and retain the production-environment receipt.",,read,stale-60d; no-assignee,0,https://git.integrolabs.net/Fortemi/fortemi/issues/948,evidence/Fortemi--fortemi-issues.json,"Auth, server, HotM and ITOps owners",Parallel gated Phase 2,"Resolve the named authority/runtime prerequisite, verify exact allow/deny and failure behavior under authenticated tenant identities, and retain the production-environment receipt. Map every original acceptance criterion to the exact delivered artifact or an explicit supersession decision.",2026-09-07,First qualified stable opportunity after prerequisites; expedited customer/security patch when justified. No phase-date promise.,audit-355,
Fortemi/fortemi#949,https://git.integrolabs.net/Fortemi/fortemi/issues/949,open,fix(auth): admin-gate webhook subscription and incoming receiver management,P1,,P1: High; area/auth; area/rest-api; bug; documentation; effort/medium; infrastructure; security; testing,Hosted auth and multi-tenancy launch gate,,2026-06-23T00:43:03Z,75,7,D,execute,"Resolve the named authority/runtime prerequisite, verify exact allow/deny and failure behavior under authenticated tenant identities, and retain the production-environment receipt.",,read,stale-60d; no-assignee,0,https://git.integrolabs.net/Fortemi/fortemi/issues/949,evidence/Fortemi--fortemi-issues.json,"Auth, server, HotM and ITOps owners",Parallel gated Phase 2,"Resolve the named authority/runtime prerequisite, verify exact allow/deny and failure behavior under authenticated tenant identities, and retain the production-environment receipt. Map every original acceptance criterion to the exact delivered artifact or an explicit supersession decision.",2026-09-07,First qualified stable opportunity after prerequisites; expedited customer/security patch when justified. No phase-date promise.,audit-355,
Fortemi/fortemi#950,https://git.integrolabs.net/Fortemi/fortemi/issues/950,open,"fix(webhooks): harden public incoming receiver replay, validation, and idempotency boundaries",P1,,P1: High; area/auth; area/rest-api; bug; documentation; effort/medium; infrastructure; security; testing,Hosted auth and multi-tenancy launch gate,,2026-07-19T09:52:11Z,49,12,D,execute,"Resolve the named authority/runtime prerequisite, verify exact allow/deny and failure behavior under authenticated tenant identities, and retain the production-environment receipt.",,read,no-assignee,0,https://git.integrolabs.net/Fortemi/fortemi/issues/950,evidence/Fortemi--fortemi-issues.json,"Auth, server, HotM and ITOps owners",Parallel gated Phase 2,"Resolve the named authority/runtime prerequisite, verify exact allow/deny and failure behavior under authenticated tenant identities, and retain the production-environment receipt. Map every original acceptance criterion to the exact delivered artifact or an explicit supersession decision.",2026-09-07,First qualified stable opportunity after prerequisites; expedited customer/security patch when justified. No phase-date promise.,audit-355,
Fortemi/fortemi#951,https://git.integrolabs.net/Fortemi/fortemi/issues/951,open,fix(ingest): enforce hosted-safe stream token policy and config bounds,P1,,P1: High; area/auth; area/rest-api; bug; documentation; effort/medium; infrastructure; security; testing,Hosted auth and multi-tenancy launch gate,,2026-06-23T01:37:06Z,75,5,D,execute,"Resolve the named authority/runtime prerequisite, verify exact allow/deny and failure behavior under authenticated tenant identities, and retain the production-environment receipt.",,read,stale-60d; no-assignee,8,https://git.integrolabs.net/Fortemi/fortemi/issues/951,evidence/Fortemi--fortemi-issues.json,"Auth, server, HotM and ITOps owners",Parallel gated Phase 2,"Resolve the named authority/runtime prerequisite, verify exact allow/deny and failure behavior under authenticated tenant identities, and retain the production-environment receipt. Map every original acceptance criterion to the exact delivered artifact or an explicit supersession decision.",2026-09-07,First qualified stable opportunity after prerequisites; expedited customer/security patch when justified. No phase-date promise.,audit-355,"- [ ] Hosted mode cannot start or serve with public unauthenticated ingest enabled.
- [ ] Mint/revoke have explicit authorization tests for allowed and denied principals.
- [ ] Token validation proves schema plus tenant/principal/client binding, or proves single-use stream-session binding if that remains the contract.
- [ ] Reuse/replay of a token beyond the selected binding is denied and tested.
- [ ] `rate_limit=0` and excessive `rate_limit` values are denied in hosted mode and tested.
- [ ] Invalid/zero/overflow values for ingest token TTL, token rate, cursor TTL, retry-after, stream buffer, progress interval, advisory rate, and line-size env vars have deterministic tests.
- [ ] Redis outage behavior is covered for mint, stream validation, readiness, and hosted admission.
- [ ] Docs/OpenAPI describe the hosted defaults, CE/dev escape hatch, token lifetime, binding, and rate-limit behavior."
Fortemi/fortemi#952,https://git.integrolabs.net/Fortemi/fortemi/issues/952,open,fix(realtime): validate Twilio media WebSocket signature and bind start frame to call session,P1,,P1: High; area/auth; area/rest-api; bug; documentation; effort/medium; infrastructure; security; testing,Streaming realtime phase 1,,2026-06-23T01:33:01Z,75,6,G,execute,"Resolve default-mode, outbox backpressure and payload-minimization decisions; implement durable publisher/consumer semantics with bounded retention, replay and auth tests.",,read,stale-60d; no-assignee,7,https://git.integrolabs.net/Fortemi/fortemi/issues/952,evidence/Fortemi--fortemi-issues.json,Server realtime and jobs maintainers,Phase 5 after policy decisions,"Resolve default-mode, outbox backpressure and payload-minimization decisions; implement durable publisher/consumer semantics with bounded retention, replay and auth tests. Map every original acceptance criterion to the exact delivered artifact or an explicit supersession decision.",2026-09-07,First qualified stable opportunity after prerequisites; expedited customer/security patch when justified. No phase-date promise.,audit-355,"- [ ] A media frame before a valid `start` frame is rejected and does not enter ASR.
- [ ] A `start.callSid` mismatch closes the socket and does not mutate the matched call session.
- [ ] A valid `start` then media sequence still transcribes and emits the expected outbox rows.
- [ ] Duplicate concurrent sockets for the same call are denied or handled by an explicit audited replacement policy.
- [ ] Closing an unbound or rejected socket does not mark the call `dropped`.
- [ ] Tests cover recent-session success, stale-session denial, missing start, mismatched start, duplicate socket, and normal close/drop semantics.
- [ ] Docs describe the production binding contract and any TwiML custom parameter/nonce requirement."
Fortemi/fortemi#954,https://git.integrolabs.net/Fortemi/fortemi/issues/954,open,fix(jobs): admin-gate queue control and manual job enqueue endpoints,P1,,P1: High; area/auth; area/rest-api; bug; documentation; effort/medium; infrastructure; jobs; security; testing,Hosted auth and multi-tenancy launch gate,,2026-07-19T07:43:43Z,49,6,D,execute,"Resolve the named authority/runtime prerequisite, verify exact allow/deny and failure behavior under authenticated tenant identities, and retain the production-environment receipt.",,read,no-assignee,7,https://git.integrolabs.net/Fortemi/fortemi/issues/954,evidence/Fortemi--fortemi-issues.json,"Auth, server, HotM and ITOps owners",Parallel gated Phase 2,"Resolve the named authority/runtime prerequisite, verify exact allow/deny and failure behavior under authenticated tenant identities, and retain the production-environment receipt. Map every original acceptance criterion to the exact delivered artifact or an explicit supersession decision.",2026-09-07,First qualified stable opportunity after prerequisites; expedited customer/security patch when justified. No phase-date promise.,audit-355,"- [ ] Hosted-mode global pause/resume denies non-admin principals.
- [ ] Hosted-mode archive pause/resume denies principals outside the archive/tenant authorization context.
- [ ] Manual `POST /api/v1/jobs` denies unauthorized job types, high priority overrides, and payloads outside the caller's authorized resource scope.
- [ ] Queue list/detail/stats/status responses are tenant/resource-scoped for non-admin users or denied until tenant-scoped views exist.
- [ ] Tests cover no-auth sidecar behavior, authenticated non-admin denial, admin/operator success, archive mismatch denial, and valid archive-scoped operator success if that role is supported.
- [ ] Docs no longer imply that any bearer token can pause global processing in hosted deployments.
- [ ] Pause/resume and manual enqueue produce audit-ready events/records once #910 is available."
Fortemi/fortemi#955,https://git.integrolabs.net/Fortemi/fortemi/issues/955,open,fix(auth): gate graph and embedding control endpoints by tenant/operator policy,P1,,P1: High; area/auth; area/rest-api; area/search; bug; documentation; effort/medium; infrastructure; jobs; security; testing,Hosted auth and multi-tenancy launch gate,,2026-06-23T01:52:29Z,75,4,D,execute,"Resolve the named authority/runtime prerequisite, verify exact allow/deny and failure behavior under authenticated tenant identities, and retain the production-environment receipt.",,read,stale-60d; no-assignee,9,https://git.integrolabs.net/Fortemi/fortemi/issues/955,evidence/Fortemi--fortemi-issues.json,"Auth, server, HotM and ITOps owners",Parallel gated Phase 2,"Resolve the named authority/runtime prerequisite, verify exact allow/deny and failure behavior under authenticated tenant identities, and retain the production-environment receipt. Map every original acceptance criterion to the exact delivered artifact or an explicit supersession decision.",2026-09-07,First qualified stable opportunity after prerequisites; expedited customer/security patch when justified. No phase-date promise.,audit-355,"- [ ] Hosted-mode non-admin/non-operator principals cannot run graph-wide mutation/maintenance endpoints.
- [ ] Tenant/archive-scoped operator behavior is either implemented and tested or explicitly deferred with admin-only hosted behavior.
- [ ] Embedding config create/update/delete denies non-operator principals and tests composition-change re-embed fan-out admission.
- [ ] Embedding-set create/update/delete/member/refresh operations verify tenant/archive/resource authorization.
- [ ] Model discovery response is sanitized/scoped for normal users or denied unless admin/operator.
- [ ] Quota/admission tests cover graph maintenance, direct SNN/PFNET/community operations, embedding refresh, and composition-change re-embedding.
- [ ] Request-time graph operations have bounded execution semantics or are converted to queued jobs with status responses.
- [ ] Docs no longer imply any bearer token can run hosted graph/embedding control operations.
- [ ] Audit-ready events/records are emitted or integration points are present for #910."
Fortemi/fortemi#956,https://git.integrolabs.net/Fortemi/fortemi/issues/956,open,fix(auth): scope memory administration and federated search for hosted tenants,P1,,P1: High; area/archives; area/auth; area/rest-api; bug; documentation; effort/medium; infrastructure; security; testing,Hosted auth and multi-tenancy launch gate,,2026-06-22T22:37:59Z,75,3,D,execute,"Resolve the named authority/runtime prerequisite, verify exact allow/deny and failure behavior under authenticated tenant identities, and retain the production-environment receipt.",,read,stale-60d; no-assignee,9,https://git.integrolabs.net/Fortemi/fortemi/issues/956,evidence/Fortemi--fortemi-issues.json,"Auth, server, HotM and ITOps owners",Parallel gated Phase 2,"Resolve the named authority/runtime prerequisite, verify exact allow/deny and failure behavior under authenticated tenant identities, and retain the production-environment receipt. Map every original acceptance criterion to the exact delivered artifact or an explicit supersession decision.",2026-09-07,First qualified stable opportunity after prerequisites; expedited customer/security patch when justified. No phase-date promise.,audit-355,"- [ ] Hosted-mode non-admin users cannot enumerate all memories or global memory capacity/database-size data.
- [ ] Hosted-mode memory create/delete/clone/set-default deny non-operator principals unless an explicit tenant provisioning role is implemented and tested.
- [ ] Federated search with `['all']` searches only the caller-authorized memories for normal users.
- [ ] Federated search denies explicit memory names outside the caller's tenant/authorization context.
- [ ] Tests cover admin/operator global overview, tenant-scoped list/search, unauthorized cross-memory search, clone/delete denial, and CE/local compatibility.
- [ ] Hosted default-memory behavior is documented and tested; global `set-default` is disabled or admin-only in hosted mode.
- [ ] Quota/admission tests cover excessive memory count, excessive limit, and large fan-out failure mode.
- [ ] Docs/OpenAPI distinguish CE/local multi-memory controls from hosted tenant-scoped memory access.
- [ ] Audit-ready events/records are emitted or integration points are present for #910."
Fortemi/fortemi#957,https://git.integrolabs.net/Fortemi/fortemi/issues/957,open,fix(auth): gate SKOS taxonomy governance and rewrite scheme-isolation docs for hosted tenants,P1,,P1: High; area/auth; area/rest-api; bug; documentation; effort/medium; infrastructure; security; testing,Hosted auth and multi-tenancy launch gate,,2026-06-23T00:49:59Z,75,4,D,execute,"Resolve the named authority/runtime prerequisite, verify exact allow/deny and failure behavior under authenticated tenant identities, and retain the production-environment receipt.",,read,stale-60d; no-assignee,8,https://git.integrolabs.net/Fortemi/fortemi/issues/957,evidence/Fortemi--fortemi-issues.json,"Auth, server, HotM and ITOps owners",Parallel gated Phase 2,"Resolve the named authority/runtime prerequisite, verify exact allow/deny and failure behavior under authenticated tenant identities, and retain the production-environment receipt. Map every original acceptance criterion to the exact delivered artifact or an explicit supersession decision.",2026-09-07,First qualified stable opportunity after prerequisites; expedited customer/security patch when justified. No phase-date promise.,audit-355,"- [ ] Route inventory classifies every `/api/v1/concepts*` and `/api/v1/notes/{id}/concepts*` route by policy action and resource.
- [ ] Hosted policy denies SKOS scheme/concept/relation/collection mutations to ordinary authenticated users.
- [ ] Note tagging requires write access to the note plus permission to use the target concept/scheme.
- [ ] Turtle export is scoped to schemes visible to the subject; all-schemes export is tenant-local, curator/admin-only, or explicitly disabled in hosted mode.
- [ ] Cache policy distinguishes public reference vocabularies from tenant/private schemes and never emits public caching for tenant-private taxonomy data.
- [ ] Integration tests cover unauthenticated denial, ordinary-user denial for taxonomy governance, curator/admin success, note-owner tagging, unauthorized scheme tagging denial, tenant-private export denial, and public/reference scheme read caching.
- [ ] Docs remove or qualify `guaranteed data segregation` / `scheme per tenant` wording so RLS/AuthContext remains the primary hosted isolation control.
- [ ] #707/#733 hosted auth docs mention SKOS as a semantic classification layer, not a substitute for tenant isolation."
Fortemi/fortemi#958,https://git.integrolabs.net/Fortemi/fortemi/issues/958,open,fix(provenance): scope location/device provenance to authorized subjects and privacy policy,P1,,P1: High; area/auth; area/rest-api; bug; documentation; effort/medium; infrastructure; security; testing,Hosted auth and multi-tenancy launch gate,,2026-06-23T01:39:23Z,75,4,D,execute,"Resolve the named authority/runtime prerequisite, verify exact allow/deny and failure behavior under authenticated tenant identities, and retain the production-environment receipt.",,read,stale-60d; no-assignee,9,https://git.integrolabs.net/Fortemi/fortemi/issues/958,evidence/Fortemi--fortemi-issues.json,"Auth, server, HotM and ITOps owners",Parallel gated Phase 2,"Resolve the named authority/runtime prerequisite, verify exact allow/deny and failure behavior under authenticated tenant identities, and retain the production-environment receipt. Map every original acceptance criterion to the exact delivered artifact or an explicit supersession decision.",2026-09-07,First qualified stable opportunity after prerequisites; expedited customer/security patch when justified. No phase-date promise.,audit-355,"- [ ] Hosted policy denies provenance writes unless the subject can write the target note/attachment and can use the referenced location/device object.
- [ ] Hosted policy denies provenance reads unless the subject can read the target note/attachment and the requested detail level is allowed.
- [ ] Spatial/temporal search uses tenant/RLS scoping and cannot be used as an oracle for other tenants' notes, locations, or capture times.
- [ ] Direct IDs in provenance write requests are normalized through tenant/resource checks before insert.
- [ ] Named locations and devices have explicit owner/tenant/archive visibility semantics.
- [ ] Raw metadata is bounded and minimized; sensitive EXIF/raw metadata fields are redacted or documented by policy.
- [ ] Location precision behavior is documented and tested for ordinary user vs admin/privacy operator paths.
- [ ] DSAR data-scope matrix #900 includes `prov_location`, `named_location`, `prov_agent_device`, `provenance`, spatial search indexes, and exported/backup copies.
- [ ] Tests cover cross-tenant note/attachment ID denial, cross-tenant location/device ID denial, unauthorized memory-provenance read denial, spatial-search tenant isolation, private named-location redaction, and authorized success cases."
Fortemi/fortemi#959,https://git.integrolabs.net/Fortemi/fortemi/issues/959,open,"fix(auth): scope collections, templates, and note export by object-level policy",P1,,P1: High; area/auth; area/rest-api; bug; documentation; effort/medium; infrastructure; security; testing,Hosted auth and multi-tenancy launch gate,,2026-06-23T01:39:00Z,75,6,D,execute,"Resolve the named authority/runtime prerequisite, verify exact allow/deny and failure behavior under authenticated tenant identities, and retain the production-environment receipt.",,read,stale-60d; no-assignee,11,https://git.integrolabs.net/Fortemi/fortemi/issues/959,evidence/Fortemi--fortemi-issues.json,"Auth, server, HotM and ITOps owners",Parallel gated Phase 2,"Resolve the named authority/runtime prerequisite, verify exact allow/deny and failure behavior under authenticated tenant identities, and retain the production-environment receipt. Map every original acceptance criterion to the exact delivered artifact or an explicit supersession decision.",2026-09-07,First qualified stable opportunity after prerequisites; expedited customer/security patch when justified. No phase-date promise.,audit-355,"- [ ] Route inventory classifies every `/api/v1/collections*`, `/api/v1/templates*`, `/api/v1/notes/{id}/move`, and `/api/v1/notes/{id}/export` route by policy action and resource.
- [ ] Hosted policy denies collection create/update/delete/move/export to ordinary authenticated users without the required collection/note permissions.
- [ ] `MoveNoteCollection` validates write access to the note and use access to the target collection, including `null` moves.
- [ ] `ExportCollection` validates export permission for the collection and for every included note, or defines a fail-closed behavior if any member note is not exportable.
- [ ] `ExportNote` is distinct from ordinary read and covered by audit/privacy policy.
- [ ] Template CRUD is limited by template ownership/visibility policy.
- [ ] `InstantiateTemplate` validates template read/use permission, inherited default tags, inherited/default collection, caller override collection, and note creation permission.
- [ ] Template variable substitution is bounded by request/body size and produces audit-safe errors.
- [ ] Export responses avoid public caching for tenant/private notes and include policy-appropriate audit events once #910/#711 land.
- [ ] Integration tests cover cross-tenant/object-ID denial for collection read, move, export, template read, template instantiate, and authorized success cases.
- [ ] #900 DSAR matrix includes collections, collection membership, templates, template-instantiated notes, note export, collection export, and generated/downloaded export artifacts."
Fortemi/fortemi#960,https://git.integrolabs.net/Fortemi/fortemi/issues/960,open,"fix(auth): bind core note CRUD, status, versions, and sharing semantics to object policy",P1,,P1: High; area/auth; area/rest-api; bug; documentation; effort/medium; infrastructure; security; testing,Hosted auth and multi-tenancy launch gate,,2026-06-23T01:38:58Z,75,8,D,execute,"Resolve the named authority/runtime prerequisite, verify exact allow/deny and failure behavior under authenticated tenant identities, and retain the production-environment receipt.",,read,stale-60d; no-assignee,10,https://git.integrolabs.net/Fortemi/fortemi/issues/960,evidence/Fortemi--fortemi-issues.json,"Auth, server, HotM and ITOps owners",Parallel gated Phase 2,"Resolve the named authority/runtime prerequisite, verify exact allow/deny and failure behavior under authenticated tenant identities, and retain the production-environment receipt. Map every original acceptance criterion to the exact delivered artifact or an explicit supersession decision.",2026-09-07,First qualified stable opportunity after prerequisites; expedited customer/security patch when justified. No phase-date promise.,audit-355,"- [ ] Route inventory classifies every core note route, tag route, status route, reprocess route, version route, export/full route, and purge/restore route by action/resource.
- [ ] Hosted policy denies list/fetch/update/delete/status/tags/reprocess/version/export operations unless subject/object policy permits them.
- [ ] Note list and search consume subject visibility/share policy, not only archive/schema scope.
- [ ] Note fetch/update/delete/status/tag/version paths normalize the note through tenant/resource policy before mutation or access-count changes.
- [ ] Purge requires elevated admin/privacy-owner policy and is audited separately from soft delete.
- [ ] Restore requires permission to restore that note and does not bypass retention/legal hold/DSAR policy once defined.
- [ ] Version history read/diff/restore/delete has explicit policy and tests, including prior-content disclosure checks.
- [ ] StrictSecurityFilter schema dependencies are either implemented and tested or documented as future-only and not used as security claims.
- [ ] Cross-subject same-tenant tests cover ordinary user denial for another user's private note, shared-note read success, shared-note write denial by default, internal/public visibility behavior if enabled, version read denial, purge denial, and authorized owner/admin success.
- [ ] #900 DSAR matrix includes note access logs/counters, version history, soft delete, purge jobs, restored notes, share grants, visibility, and retained/audited deletion receipts."
Fortemi/fortemi#961,https://git.integrolabs.net/Fortemi/fortemi/issues/961,open,"fix(auth): scope attachment metadata, downloads, and derivatives by note object policy",P1,,P1: High; area/attachments; area/auth; area/rest-api; bug; documentation; effort/medium; infrastructure; security; testing,Hosted auth and multi-tenancy launch gate,,2026-06-23T01:53:56Z,75,14,D,execute,"Resolve the named authority/runtime prerequisite, verify exact allow/deny and failure behavior under authenticated tenant identities, and retain the production-environment receipt.",,read,stale-60d; no-assignee,11,https://git.integrolabs.net/Fortemi/fortemi/issues/961,evidence/Fortemi--fortemi-issues.json,"Auth, server, HotM and ITOps owners",Parallel gated Phase 2,"Resolve the named authority/runtime prerequisite, verify exact allow/deny and failure behavior under authenticated tenant identities, and retain the production-environment receipt. Map every original acceptance criterion to the exact delivered artifact or an explicit supersession decision.",2026-09-07,First qualified stable opportunity after prerequisites; expedited customer/security patch when justified. No phase-date promise.,audit-355,"- [ ] Route inventory classifies every attachment upload/list/get/download/delete/tus/subtitle/thumbnail/sprite route by action/resource.
- [ ] `GET /api/v1/notes/{id}/attachments` denies access unless the subject can read that note's attachments.
- [ ] Base64, multipart, and tus upload creation/finalization require permission to attach files to the target note and validate stored note binding.
- [ ] `GET /api/v1/attachments` is either admin-only or filtered/counts only attachments visible to the current subject.
- [ ] Attachment metadata reads do not expose extracted text, AI descriptions, document classifications, or filenames for unauthorized notes.
- [ ] Original downloads and media variants require access to the source attachment's parent note.
- [ ] Subtitles/transcripts require attachment read policy and are included in privacy/DSAR classification.
- [ ] Thumbnail, sprite VTT, and sprite image routes inherit source attachment policy; private hosted media does not emit public CORS/cache headers unless policy explicitly allows it.
- [ ] Attachment delete requires an explicit destructive action and audits subject, tenant, parent note, attachment id, blob cleanup result, and denial reasons once #711/#910 land.
- [ ] Cross-subject same-tenant tests cover unauthorized metadata read, binary download, transcript, thumbnail/sprite, global listing, upload to another user's note, delete of another user's attachment, and authorized owner/admin success.
- [ ] Cross-issue docs clarify #922 owns tus protocol/upload-session hardening, while this issue owns object authorization for attachment resources and derived artifacts."
Fortemi/fortemi#962,https://git.integrolabs.net/Fortemi/fortemi/issues/962,open,fix(auth): gate document-type registry mutation and detection surfaces for hosted tenants,P1,,P1: High; area/auth; area/extraction; area/rest-api; bug; documentation; effort/medium; infrastructure; security; testing,Hosted auth and multi-tenancy launch gate,,2026-06-23T01:37:06Z,75,4,D,execute,"Resolve the named authority/runtime prerequisite, verify exact allow/deny and failure behavior under authenticated tenant identities, and retain the production-environment receipt.",,read,stale-60d; no-assignee,9,https://git.integrolabs.net/Fortemi/fortemi/issues/962,evidence/Fortemi--fortemi-issues.json,"Auth, server, HotM and ITOps owners",Parallel gated Phase 2,"Resolve the named authority/runtime prerequisite, verify exact allow/deny and failure behavior under authenticated tenant identities, and retain the production-environment receipt. Map every original acceptance criterion to the exact delivered artifact or an explicit supersession decision.",2026-09-07,First qualified stable opportunity after prerequisites; expedited customer/security patch when justified. No phase-date promise.,audit-355,"- [ ] Route inventory classifies every `/api/v1/document-types*` route by action/resource.
- [ ] Hosted policy denies document-type create/update/delete to ordinary authenticated users.
- [ ] The chosen hosted document-type model is documented: global read-only, tenant-local, operator-managed, or personal-server-only mutation.
- [ ] Reads and detection return only document types visible/usable by the current subject.
- [ ] Explicit note/attachment `document_type_id` and `document_type` slug assignment requires permission to use that type.
- [ ] Detection endpoint has request-size bounds, quota/rate-limit classification, audit-safe content handling, and no sensitive sample persistence unless explicitly designed.
- [ ] Document-type mutation emits audit events with subject, tenant/catalog scope, before/after safe metadata, policy id, and reason once #711/#910 land.
- [ ] Tests cover ordinary-user mutation denial, curator/admin success, system type protection, tenant-private type isolation if supported, unauthorized explicit type assignment denial, and detection visibility filtering.
- [ ] Docs/API examples mark custom type CRUD as personal-server/curator/admin behavior rather than generic hosted-user behavior."
Fortemi/fortemi#963,https://git.integrolabs.net/Fortemi/fortemi/issues/963,open,"fix(auth): gate ad-hoc AI execution endpoints by policy, quota, and privacy class",P1,,P1: High; area/auth; area/extraction; area/rest-api; bug; documentation; effort/medium; infrastructure; security; testing,Hosted auth and multi-tenancy launch gate,,2026-06-23T01:37:06Z,75,12,D,execute,"Resolve the named authority/runtime prerequisite, verify exact allow/deny and failure behavior under authenticated tenant identities, and retain the production-environment receipt.",,read,stale-60d; no-assignee,10,https://git.integrolabs.net/Fortemi/fortemi/issues/963,evidence/Fortemi--fortemi-issues.json,"Auth, server, HotM and ITOps owners",Parallel gated Phase 2,"Resolve the named authority/runtime prerequisite, verify exact allow/deny and failure behavior under authenticated tenant identities, and retain the production-environment receipt. Map every original acceptance criterion to the exact delivered artifact or an explicit supersession decision.",2026-09-07,First qualified stable opportunity after prerequisites; expedited customer/security patch when justified. No phase-date promise.,audit-355,"- [ ] Route inventory classifies all current ad-hoc inference/chat/vision/audio/model-list routes by action/resource.
- [ ] Hosted policy denies text generation, streaming generation, vision, and transcription to ordinary subjects unless explicitly granted.
- [ ] Provider/model listing endpoints are policy-filtered or admin/operator-only by documented hosted policy.
- [ ] Per-request `base_url` and `api_key` behavior is explicitly allowed, restricted, or disabled by deployment mode; destination policy from #920 is always enforced when a URL is accepted.
- [ ] Request validation covers message count, prompt/history length, model/provider id length, image/audio MIME/content class, image/audio size, streaming duration, and response/error size where applicable.
- [ ] Quota/admission records estimated usage before execution and actual usage after execution where provider/runtime data is available; failures and denied attempts are accounted separately.
- [ ] Streaming chat/inference releases capacity on disconnect and records interrupted/partial usage without retaining private content longer than policy allows.
- [ ] Logs, events, audit records, and API errors do not include raw prompts, transcripts, image/audio bytes, provider API keys, Authorization headers, or credential-bearing URLs by default.
- [ ] Tests cover non-admin/unauthorized denial, allowed user success, disallowed provider/model denial, BYOK disabled/allowed modes, body/prompt/audio/image bound failures, quota exceeded, streaming disconnect, and no-secret/no-prompt logging assertions.
- [ ] Docs/OpenAPI distinguish personal-server convenience endpoints from hosted controlled AI execution surfaces."
Fortemi/fortemi#964,https://git.integrolabs.net/Fortemi/fortemi/issues/964,open,fix(auth): split public probes from operational health dashboards and gate detailed status data,P1,,P1: High; area/auth; area/rest-api; bug; documentation; effort/medium; infrastructure; security; testing,Hosted auth and multi-tenancy launch gate,,2026-06-23T06:49:20Z,75,7,D,execute,"Resolve the named authority/runtime prerequisite, verify exact allow/deny and failure behavior under authenticated tenant identities, and retain the production-environment receipt.",,read,stale-60d; no-assignee,8,https://git.integrolabs.net/Fortemi/fortemi/issues/964,evidence/Fortemi--fortemi-issues.json,"Auth, server, HotM and ITOps owners",Parallel gated Phase 2,"Resolve the named authority/runtime prerequisite, verify exact allow/deny and failure behavior under authenticated tenant identities, and retain the production-environment receipt. Map every original acceptance criterion to the exact delivered artifact or an explicit supersession decision.",2026-09-07,First qualified stable opportunity after prerequisites; expedited customer/security patch when justified. No phase-date promise.,audit-355,"- [ ] Public route allowlist no longer exempts every `/api/v1/health/*` path by prefix.
- [ ] Liveness/readiness/public health responses are small, stable, non-content-bearing, and do not include raw backend errors, provider URLs, git SHA/build metadata, cost rates, note titles, tag names, or model inventory unless explicitly documented.
- [ ] Detailed `/api/v1/health/streaming` requires admin/operator or explicit observability permission in hosted mode.
- [ ] Knowledge-health routes require note/tag/attachment visibility policy and do not disclose note titles, IDs, tag names, access counts, or blob metrics across unauthorized subject boundaries.
- [ ] `/api/v1/models`, `/api/v1/chat/models`, and `/api/v1/inference/providers` are classified as model inventory and policy-filtered or admin/operator-only according to #963.
- [ ] Error responses in public probes use stable reason codes and keep detailed diagnostics in logs/audit only.
- [ ] Tests cover unauthenticated access to public probes, unauthenticated denial for detailed health routes, ordinary-user filtering, admin/operator success, no raw backend URL/error leakage, and public-route allowlist regression.
- [ ] Docs/OpenAPI distinguish public probe endpoints from authenticated diagnostics and tenant knowledge analytics."
Fortemi/fortemi#965,https://git.integrolabs.net/Fortemi/fortemi/issues/965,open,"fix(auth): define hosted exposure policy for public OpenAPI, AsyncAPI, and Swagger docs",P1,,P1: High; area/auth; area/rest-api; bug; documentation; effort/medium; infrastructure; security; testing; tier/licensed-server,Hosted auth and multi-tenancy launch gate,,2026-07-19T00:45:10Z,49,16,D,execute,"Resolve the named authority/runtime prerequisite, verify exact allow/deny and failure behavior under authenticated tenant identities, and retain the production-environment receipt.",,read,no-assignee,0,https://git.integrolabs.net/Fortemi/fortemi/issues/965,evidence/Fortemi--fortemi-issues.json,"Auth, server, HotM and ITOps owners",Parallel gated Phase 2,"Resolve the named authority/runtime prerequisite, verify exact allow/deny and failure behavior under authenticated tenant identities, and retain the production-environment receipt. Map every original acceptance criterion to the exact delivered artifact or an explicit supersession decision.",2026-09-07,First qualified stable opportunity after prerequisites; expedited customer/security patch when justified. No phase-date promise.,audit-355,
Fortemi/fortemi#966,https://git.integrolabs.net/Fortemi/fortemi/issues/966,open,"fix(security): define hosted browser-origin, CORS, and CSRF policy across API surfaces",P1,,P1: High; area/auth; area/rest-api; bug; documentation; effort/medium; infrastructure; security; testing,Hosted auth and multi-tenancy launch gate,,2026-06-23T06:49:20Z,75,9,D,execute,"Resolve the named authority/runtime prerequisite, verify exact allow/deny and failure behavior under authenticated tenant identities, and retain the production-environment receipt.",,read,stale-60d; no-assignee,12,https://git.integrolabs.net/Fortemi/fortemi/issues/966,evidence/Fortemi--fortemi-issues.json,"Auth, server, HotM and ITOps owners",Parallel gated Phase 2,"Resolve the named authority/runtime prerequisite, verify exact allow/deny and failure behavior under authenticated tenant identities, and retain the production-environment receipt. Map every original acceptance criterion to the exact delivered artifact or an explicit supersession decision.",2026-09-07,First qualified stable opportunity after prerequisites; expedited customer/security patch when justified. No phase-date promise.,audit-355,"- [ ] Hosted startup/config validation rejects wildcard, `null`, invalid, unsupported, or empty CORS origin configuration.
- [ ] `ALLOWED_ORIGINS` parsing uses URL origin semantics and normalizes/compares scheme/host/port exactly.
- [ ] Credentialed CORS is enabled only for surfaces that intentionally need browser credentials.
- [ ] Browser auth docs state whether hosted clients use bearer tokens, cookies, or both, and list storage/security requirements.
- [ ] Cookie-backed/session-backed routes, if any, include CSRF protection with tests; bearer-only routes explicitly document why CSRF is not in scope beyond Origin/Fetch Metadata hardening.
- [ ] Unsafe browser requests with disallowed `Origin`/Fetch Metadata are rejected before state-changing handlers, except documented public/machine-client exceptions.
- [ ] Route-specific wildcard CORS headers are removed, made policy-driven, or limited to public non-sensitive assets.
- [ ] Attachment/media cache and CORS behavior is aligned with #961 object authorization and privacy classes.
- [ ] OAuth consent/login pages inherit #943 CSRF/session/clickjacking rules.
- [ ] SSE/WS and MCP browser-origin behavior cross-links to #953 and #921 with no contradictory origin allowlists.
- [ ] Integration tests cover allowed origin, disallowed origin, missing origin for non-browser clients, wildcard rejection, invalid origin config, credentialed vs non-credentialed response behavior, unsafe method rejection, preflight behavior, and direct route-header exceptions.
- [ ] Docs explain hosted vs CE/dev defaults and migration from permissive local development settings."
Fortemi/fortemi#968,https://git.integrolabs.net/Fortemi/fortemi/issues/968,open,"fix(security): define hosted secret inventory, redaction, and credential lifecycle policy",P1,,P1: High; area/auth; area/rest-api; bug; documentation; effort/large; infrastructure; security; testing,Hosted auth and multi-tenancy launch gate,,2026-09-06T20:31:35Z,49,615,C,refresh,"Consolidate hundreds of incremental comments into a residual acceptance matrix. Preserve completed redaction receipts, identify still-uncovered sinks/lifecycle controls and stop repeating already-landed work. Do not close a global policy from a single bundle/logging fix.",,read,no-assignee,0,https://git.integrolabs.net/Fortemi/fortemi/issues/968,evidence/Fortemi--fortemi-issues.json,Server and client maintainers,Next; Phase 0 / Phase 1,"Reconcile issue acceptance with current source, close the remaining exact enforcement/test cells and pass repository delivery gates before promoting the affected surface. Map every original acceptance criterion to the exact delivered artifact or an explicit supersession decision.",2026-09-07,First qualified stable opportunity after prerequisites; expedited customer/security patch when justified. No phase-date promise.,audit-355,
Fortemi/fortemi#969,https://git.integrolabs.net/Fortemi/fortemi/issues/969,open,"docs(privacy): define hosted privacy notice, processing roles, and subprocessor register",P2,,P2: Medium; area/auth; documentation; effort/medium; infrastructure; security; testing,Hosted auth and multi-tenancy launch gate,,2026-06-23T02:51:45Z,75,16,D,execute,"Resolve the named authority/runtime prerequisite, verify exact allow/deny and failure behavior under authenticated tenant identities, and retain the production-environment receipt.",,read,stale-60d; no-assignee,9,https://git.integrolabs.net/Fortemi/fortemi/issues/969,evidence/Fortemi--fortemi-issues.json,"Auth, server, HotM and ITOps owners",Parallel gated Phase 2,"Resolve the named authority/runtime prerequisite, verify exact allow/deny and failure behavior under authenticated tenant identities, and retain the production-environment receipt. Map every original acceptance criterion to the exact delivered artifact or an explicit supersession decision.",2026-09-07,First qualified stable opportunity after prerequisites; expedited customer/security patch when justified. No phase-date promise.,audit-355,"- [ ] A privacy notice input catalog exists under `.aiwg/privacy/`, `docs/architecture/privacy/`, or an agreed published/internal split.
- [ ] Catalog distinguishes Fortemi controller, Fortemi processor/service-provider, tenant controller, tenant-configured processor, and personal/local CE roles.
- [ ] Catalog maps personal-data categories, sources, purposes, recipients/processors, retention criteria, and user-rights hooks for the same stores inventoried by #900.
- [ ] Catalog defines which notice-at-collection surfaces must exist before hosted features collect or disclose sensitive data.
- [ ] Catalog includes a subprocessor/provider register with data classes disclosed to each provider class and whether tenant configuration can disable or replace that provider.
- [ ] Catalog links external provider disclosure/object-reference behavior to #731/#863/#877 and local secret/provider configuration behavior to #968/#946.
- [ ] Catalog references #958/#961/#963 for high-sensitivity location/device/media/AI-content classes.
- [ ] Catalog avoids universal compliance claims and records legal/operator review questions explicitly.
- [ ] #900 and #892 reference this catalog before DSAR handler implementation or hosted privacy docs are considered ready."
Fortemi/fortemi#971,https://git.integrolabs.net/Fortemi/fortemi/issues/971,open,"fix(jobs): add delayed retry backoff, poison-job quarantine, and retry-safety policy",P1,,P1: High; bug; documentation; effort/medium; infrastructure; jobs; security; testing,Hosted auth and multi-tenancy launch gate,,2026-09-05T06:03:00Z,1,14,C,retain-gated,Preserve checked delayed retry/quarantine implementation and immutable CI receipts; execute only the remaining unchecked dependency-gated retry-safety criteria. New job types and external queues consume this contract.,,read,no-assignee,4,https://git.integrolabs.net/Fortemi/fortemi/issues/971,evidence/Fortemi--fortemi-issues.json,Server and client maintainers,Next; Phase 0 / Phase 1,"Reconcile issue acceptance with current source, close the remaining exact enforcement/test cells and pass repository delivery gates before promoting the affected surface. Map every original acceptance criterion to the exact delivered artifact or an explicit supersession decision.",2026-09-07,First qualified stable opportunity after prerequisites; expedited customer/security patch when justified. No phase-date promise.,audit-355,"- [ ] Manual retry/requeue requires the #954/#710 queue-control authorization model and emits audit-ready events once #910/#711 land.
- [ ] Tests cover transient retry delay, deterministic failure terminal behavior, timeout retry policy, stale reaper scheduling, retry exhaustion to dead/quarantine, manual retry authorization, and no immediate re-claim before `next_attempt_at`.
- [ ] Tests prove at least one side-effecting handler is idempotent or protected by idempotency keys when retried after partial progress.
- [ ] #723 external backend contract adopts the same retry/dead-letter/failure-class vocabulary."
Fortemi/fortemi#972,https://git.integrolabs.net/Fortemi/fortemi/issues/972,open,design(mcp-oauth): decide Client ID Metadata Documents vs DCR registration strategy for remote MCP,P1,,P1: High; area/auth; area/rest-api; documentation; effort/medium; infrastructure; mcp-api; security; testing; tier/licensed-server,Hosted auth and multi-tenancy launch gate,,2026-07-19T09:50:27Z,49,10,D,execute,"Resolve the named authority/runtime prerequisite, verify exact allow/deny and failure behavior under authenticated tenant identities, and retain the production-environment receipt.",,read,no-assignee,7,https://git.integrolabs.net/Fortemi/fortemi/issues/972,evidence/Fortemi--fortemi-issues.json,"Auth, server, HotM and ITOps owners",Parallel gated Phase 2,"Resolve the named authority/runtime prerequisite, verify exact allow/deny and failure behavior under authenticated tenant identities, and retain the production-environment receipt. Map every original acceptance criterion to the exact delivered artifact or an explicit supersession decision.",2026-09-07,First qualified stable opportunity after prerequisites; expedited customer/security patch when justified. No phase-date promise.,audit-355,"- [ ] Architecture docs choose a hosted MCP client-registration strategy: CIMD, protected DCR, both, or documented temporary DCR-only compatibility.
- [ ] If CIMD is supported, implement strict HTTPS client metadata fetching with timeout, size limit, content-type/JSON schema validation, redirect policy, SSRF/private-network blocking, caching, and audit events.
- [ ] If CIMD is supported, authorization requests using URL-shaped `client_id` validate redirect URIs against fetched metadata before consent or redirect.
- [ ] If DCR remains enabled in hosted mode, #944's controls are mandatory before remote launch: no unauthenticated unbounded writes, validated auth method/client type, and truthful management metadata.
- [ ] Consent UI clearly identifies client name, client metadata origin, and redirect URI hostname; localhost redirect flows include extra warning or attestation policy.
- [ ] OAuth metadata/docs truthfully advertise only supported registration mechanisms. If DCR is disabled/protected, metadata and examples do not imply open registration.
- [ ] Tests cover CIMD happy path, malicious metadata SSRF attempts, oversized/invalid metadata, redirect URI mismatch, unknown metadata host policy, DCR-disabled hosted behavior, and compatibility docs."
Fortemi/fortemi#974,https://git.integrolabs.net/Fortemi/fortemi/issues/974,open,fix(observability): classify and redact hosted operational telemetry separately from audit events,P1,,P1: High; area/rest-api; documentation; effort/medium; infrastructure; jobs; security; testing,Hosted auth and multi-tenancy launch gate,,2026-09-06T20:31:35Z,49,596,C,refresh,"Consolidate hundreds of incremental comments into a residual acceptance matrix. Preserve completed redaction receipts, identify still-uncovered sinks/lifecycle controls and stop repeating already-landed work. Do not close a global policy from a single bundle/logging fix.",,read,no-assignee,8,https://git.integrolabs.net/Fortemi/fortemi/issues/974,evidence/Fortemi--fortemi-issues.json,Server and client maintainers,Next; Phase 0 / Phase 1,"Reconcile issue acceptance with current source, close the remaining exact enforcement/test cells and pass repository delivery gates before promoting the affected surface. Map every original acceptance criterion to the exact delivered artifact or an explicit supersession decision.",2026-09-07,First qualified stable opportunity after prerequisites; expedited customer/security patch when justified. No phase-date promise.,audit-355,"- [ ] Hosted log/telemetry classification doc exists and is referenced from #910, #967, #968, #900, #939, and deployment docs.
- [ ] A central helper or conventions module exists for redacting/sanitizing log/event fields before use in hosted-sensitive paths.
- [ ] `telemetry_mirror()` uses stable event names, safe IDs, and redacted reason/error codes; it does not log raw user content, provider payloads, host paths, URLs with tokens, or unbounded error text.
- [ ] Realtime/provider logs avoid raw recording URLs or provider object URLs unless classified and redacted.
- [ ] Localized audit stores are inventoried with owner, access policy, retention, and mapping to #910 `AuditEvent` taxonomy.
- [ ] Tests cover log-injection payloads, oversized fields, bearer/API-key/private-key shaped values, raw URL token stripping, raw host path stripping where required, and event-bus telemetry fixtures.
- [ ] Health/metrics tests verify bounded cardinality and no raw payload exposure.
- [ ] Docs distinguish operational telemetry, security audit, DSAR-relevant retained logs, and Redis stream payloads."
Fortemi/fortemi#976,https://git.integrolabs.net/Fortemi/fortemi/issues/976,open,fix(inference): bound and split OpenAI-compatible embedding batches by provider request limits,P2,,P2: Medium; area/rest-api; area/search; bug; effort/medium; infrastructure; jobs; security; testing,,,2026-07-19T03:51:13Z,49,6,C,execute,"Prioritize the issue-specific retrieval/embedding correctness gate: scope before ranking, correct content projection, complete batch cardinality/order/dimensions and atomic replacement. Reuse #1091 contracts and the delivered #979 rollback boundary.",,read,no-milestone; no-assignee,7,https://git.integrolabs.net/Fortemi/fortemi/issues/976,evidence/Fortemi--fortemi-issues.json,Server and client maintainers,Next; Phase 0 / Phase 1,"Reconcile issue acceptance with current source, close the remaining exact enforcement/test cells and pass repository delivery gates before promoting the affected surface. Map every original acceptance criterion to the exact delivered artifact or an explicit supersession decision.",2026-09-07,First qualified stable opportunity after prerequisites; expedited customer/security patch when justified. No phase-date promise.,audit-355,"- [ ] OpenAI-compatible embedding backend never sends an unbounded `texts` slice as one request.
- [ ] Tests prove batches are split by max inputs and by estimated request token/byte limits while preserving vector order.
- [ ] Tests cover a single oversize input returning a clear error without partial storage.
- [ ] Provider/config docs explain defaults for official OpenAI and how to override for OpenAI-compatible servers.
- [ ] Embedding job handlers do not need to know provider-specific limits; the backend or resolver enforces them.
- [ ] Metrics/logs record batch count and provider-limit policy without logging raw text.
- [ ] Cross-link with #682 and #666 so dimensions/provider routing metadata applies per split batch."
Fortemi/fortemi#978,https://git.integrolabs.net/Fortemi/fortemi/issues/978,open,"fix(auth): admin-gate backup inventory, metadata, and backup-browser disclosure",P1,,P1: High; area/auth; area/backup; area/rest-api; bug; documentation; effort/medium; infrastructure; security; testing,Hosted auth and multi-tenancy launch gate,,2026-09-05T06:03:01Z,1,9,D,execute,"Resolve the named authority/runtime prerequisite, verify exact allow/deny and failure behavior under authenticated tenant identities, and retain the production-environment receipt.",,read,no-assignee,7,https://git.integrolabs.net/Fortemi/fortemi/issues/978,evidence/Fortemi--fortemi-issues.json,"Auth, server, HotM and ITOps owners",Parallel gated Phase 2,"Resolve the named authority/runtime prerequisite, verify exact allow/deny and failure behavior under authenticated tenant identities, and retain the production-environment receipt. Map every original acceptance criterion to the exact delivered artifact or an explicit supersession decision.",2026-09-07,First qualified stable opportunity after prerequisites; expedited customer/security patch when justified. No phase-date promise.,audit-355,"- [ ] Backup inventory/status/list/info/metadata/download endpoints require explicit backup-management permission in hosted mode.
- [ ] Backup trigger/upload/restore/swap endpoints require admin/operator permission and auditable intent.
- [ ] Ordinary authenticated users cannot list backup files, read backup hashes/manifests/metadata, download backups, mutate backup sidecars, or see backup directory paths.
- [ ] API responses no longer expose absolute backup filesystem paths to non-operator clients; operator responses are minimized or use opaque IDs where practical.
- [ ] Backup metadata writes validate fields, emit audit events, and are covered by authorization tests.
- [ ] Tests cover unauthenticated denial, ordinary-user denial, authorized operator success, path redaction, and no cross-tenant backup inventory disclosure.
- [ ] Docs/OpenAPI classify backup-browser endpoints as operator/admin surfaces and cross-link #927, #970, and #900."
Fortemi/fortemi#980,https://git.integrolabs.net/Fortemi/fortemi/issues/980,open,"chore(backup): harden scheduled pg_dump backup script verification, retention, and remote destinations",P2,,P2: Medium; area/backup; documentation; effort/medium; infrastructure; security; testing,Native server distribution backlog,,2026-09-05T06:03:01Z,1,10,H,execute,"Define the actual supported platform/artifact/prerequisite matrix, then prove verified download, install, service lifecycle and rollback on clean supported hosts.",,read,no-assignee,8,https://git.integrolabs.net/Fortemi/fortemi/issues/980,evidence/Fortemi--fortemi-issues.json,Release and platform maintainers,Phase 5; distinguish artifact support from installation,"Define the actual supported platform/artifact/prerequisite matrix, then prove verified download, install, service lifecycle and rollback on clean supported hosts. Map every original acceptance criterion to the exact delivered artifact or an explicit supersession decision.",2026-09-07,First qualified stable opportunity after prerequisites; expedited customer/security patch when justified. No phase-date promise.,audit-355,"- [ ] Add backup manifest metadata beside each scheduled backup: Fortemi version, database name, pg client version, dump format, compression/encryption mode, size, checksum, created_at, source host/profile, retention class, and destination copy status.
- [ ] Strengthen verification beyond file size: at minimum run `pg_restore --list` for custom-format dumps before/after compression/encryption where feasible, verify checksums after each destination copy, and fail visibly when verification is skipped.
- [ ] Add a documented restore-drill command or CI/operator runbook that restores into an isolated disposable database/container and validates migrations/basic health without touching production.
- [ ] Gate production use on configured credentials and explicit backup profile; avoid silently using `matric/matric` defaults outside local/dev.
- [ ] Harden remote destinations: quote rsync remote paths safely, make remote deletion auditable/dry-runnable, document SSH host-key/identity requirements, and fail closed on ambiguous destination configuration.
- [ ] For S3-compatible destinations, document/validate encryption-at-rest posture, checksum behavior, lifecycle retention, object-lock/WORM requirements where configured, and least-privilege IAM policy.
- [ ] Tie retention docs to #900: backups may contain deleted or beyond-use subject data, and restore drills/restores must define restore-time re-erasure obligations.
- [ ] Add tests or shellcheck-style CI coverage for command construction, retention deletion matching, dry-run output, missing tools, wrong compression tool, failed encryption, failed destination copy, and suspicious/invalid dump verification."
Fortemi/fortemi#981,https://git.integrolabs.net/Fortemi/fortemi/issues/981,open,fix(realtime): constrain provider recording downloads before storing call attachments,P1,,P1: High; area/attachments; area/rest-api; bug; documentation; effort/medium; infrastructure; jobs; security; testing,Hosted auth and multi-tenancy launch gate,,2026-07-19T04:17:05Z,49,9,D,execute,"Resolve the named authority/runtime prerequisite, verify exact allow/deny and failure behavior under authenticated tenant identities, and retain the production-environment receipt.",,read,no-assignee,0,https://git.integrolabs.net/Fortemi/fortemi/issues/981,evidence/Fortemi--fortemi-issues.json,"Auth, server, HotM and ITOps owners",Parallel gated Phase 2,"Resolve the named authority/runtime prerequisite, verify exact allow/deny and failure behavior under authenticated tenant identities, and retain the production-environment receipt. Map every original acceptance criterion to the exact delivered artifact or an explicit supersession decision.",2026-09-07,First qualified stable opportunity after prerequisites; expedited customer/security patch when justified. No phase-date promise.,audit-355,
Fortemi/fortemi#983,https://git.integrolabs.net/Fortemi/fortemi/issues/983,open,docs+test(bridge): document optional Tollbooth local proxy compatibility and boundaries,P3,,P3: Low; area/rest-api; documentation; effort/medium; infrastructure; security; testing,Bridge foundation,,2026-06-23T21:12:45Z,74,7,E,execute,"Complete the canonical provider/protocol and policy prerequisites before adapters; prove streaming, metering, quota, destination and retention behavior for the declared provider profile.",,read,stale-60d; no-assignee,9,https://git.integrolabs.net/Fortemi/fortemi/issues/983,evidence/Fortemi--fortemi-issues.json,Server inference and gateway maintainers,Phase 3 after foundation contracts,"Complete the canonical provider/protocol and policy prerequisites before adapters; prove streaming, metering, quota, destination and retention behavior for the declared provider profile. Map every original acceptance criterion to the exact delivered artifact or an explicit supersession decision.",2026-09-07,First qualified stable opportunity after prerequisites; expedited customer/security patch when justified. No phase-date promise.,audit-355,"- [ ] Bridge docs include an optional ""Using Tollbooth with Fortemi locally"" section with a tested topology: client/agent -> Tollbooth local proxy -> Fortemi bridge endpoint -> provider.
- [ ] Docs are explicit that Tollbooth is not required, not bundled, and not part of Fortemi hosted production operation.
- [ ] Docs warn that Tollbooth decrypts and can persist full traffic, including credentials and model content, and should be local/dev only unless the operator accepts that risk.
- [ ] Docs recommend `TOLLBOOTH_PERSIST_TRAFFIC=false` or equivalent when users only need transient inspection, and note that API keys should be passed as environment variables rather than stored in Tollbooth settings.
- [ ] Fortemi bridge examples show proxy env vars (`HTTP_PROXY`, `HTTPS_PROXY`, relevant CA env vars) for SDK clients without installing a local CA system-wide by default.
- [ ] Compatibility test plan covers at least one OpenAI-compatible client call through a configured HTTP(S) proxy to Fortemi bridge with a local CA/trust setup documented outside hosted mode.
- [ ] Fortemi bridge logs/audit remain policy-shaped even when a client uses Tollbooth: no raw provider keys, full upstream URLs, prompt bodies, or response bodies are emitted by Fortemi unless an explicit Fortemi debug-retention profile exists.
- [ ] If future Fortemi debug/replay features are considered, they are tracked separately and gated by AuthorizationPolicy, audit, retention policy, and tenant/operator consent; do not infer them from Tollbooth compatibility.
- [ ] License review confirms whether Fortemi only links to Tollbooth docs or vendors/integrates code. Tollbooth is AGPL-3.0, so vendoring or derivative integration needs an explicit licensing decision."
Fortemi/fortemi#984,https://git.integrolabs.net/Fortemi/fortemi/issues/984,open,design(bridge): define authorized debug content-capture and replay profile,P2,,P2: Medium; area/rest-api; documentation; effort/medium; infrastructure; security; testing,Bridge foundation,,2026-06-23T02:02:15Z,75,3,E,execute,"Complete the canonical provider/protocol and policy prerequisites before adapters; prove streaming, metering, quota, destination and retention behavior for the declared provider profile.",,read,stale-60d; no-assignee,17,https://git.integrolabs.net/Fortemi/fortemi/issues/984,evidence/Fortemi--fortemi-issues.json,Server inference and gateway maintainers,Phase 3 after foundation contracts,"Complete the canonical provider/protocol and policy prerequisites before adapters; prove streaming, metering, quota, destination and retention behavior for the declared provider profile. Map every original acceptance criterion to the exact delivered artifact or an explicit supersession decision.",2026-09-07,First qualified stable opportunity after prerequisites; expedited customer/security patch when justified. No phase-date promise.,audit-355,"- [ ] Decide whether hosted Fortemi supports raw content capture at all, or only local/dev self-hosted profiles.
- [ ] Decide authorization granularity: operator-only, tenant-admin, per-consumer API key, per-request, or some combination.
- [ ] Decide whether content capture is sink-specific or controlled by one named profile, e.g. `bridge_debug_capture`.
- [ ] Define retention classes and defaults: off/no-retain, short debug TTL, legal-support export, enterprise archive, or local-only unmanaged capture.
- [ ] Define DSAR/privacy treatment through #900/#969: access/export, deletion/anonymization, backup handling, processor/subprocessor disclosure, and audit receipts.
- [ ] Define consent/notice requirements for tenant users whose prompts/outputs/tool data may be captured.
- [ ] Define whether replay/mutation is allowed at all in hosted mode; if yes, require separate `can_replay_bridge_request` / `can_mutate_bridge_response` style authorization and audit.
- [ ] Define whether provider IDs/request IDs/conversation IDs can be retained raw, hashed, or only summarized.
- [ ] Define how local external capture tools such as Tollbooth are documented without implying Fortemi controls their retention or security.
- [ ] A bridge debug/content-capture policy document or ADR exists and is referenced from #868, #872, #878, #900, #969, #974, and #983.
- [ ] Hosted default is explicit and testable: raw prompts, completions, system/developer messages, tool args/results, retrieval text, provider continuation state, and provider raw errors are not retained unless the profile permits it.
- [ ] Every supported sink has a policy mapping: `forbidden`, `metadata_only`, `redacted_summary`, `raw_debug_ttl`, or `raw_export`, or equivalent.
- [ ] Enabling bridge-session logging does not automatically enable raw trace/span content; enabling trace debug does not automatically create archive notes; reporting exports do not inherit raw content unless explicitly authorized.
- [ ] Any raw capture profile requires AuthorizationPolicy, AuditEvent, retention TTL, reason/ticket field or equivalent, and redaction checks before activation.
- [ ] Replay/mutation, if allowed, is separated from passive capture and requires stronger authorization plus immutable audit records of original, modified, actor, reason, and target scope.
- [ ] Tests or contract fixtures assert default hosted mode emits no raw model/tool/retrieval content to notes, traces, metrics, reporting exports, or audit attributes.
- [ ] Docs explain that Tollbooth/local MITM capture is outside hosted Fortemi's retention guarantees and should be used only where the operator accepts that risk."
Fortemi/fortemi#985,https://git.integrolabs.net/Fortemi/fortemi/issues/985,open,"design(bridge): define provider prompt-cache controls, retention posture, and accounting",P2,,P2: Medium; area/rest-api; documentation; effort/medium; infrastructure; security; testing; tier/licensed-server,Bridge foundation,,2026-06-24T01:41:14Z,74,6,E,execute,"Complete the canonical provider/protocol and policy prerequisites before adapters; prove streaming, metering, quota, destination and retention behavior for the declared provider profile.",,read,stale-60d; no-assignee,15,https://git.integrolabs.net/Fortemi/fortemi/issues/985,evidence/Fortemi--fortemi-issues.json,Server inference and gateway maintainers,Phase 3 after foundation contracts,"Complete the canonical provider/protocol and policy prerequisites before adapters; prove streaming, metering, quota, destination and retention behavior for the declared provider profile. Map every original acceptance criterion to the exact delivered artifact or an explicit supersession decision.",2026-09-07,First qualified stable opportunity after prerequisites; expedited customer/security patch when justified. No phase-date promise.,audit-355,"- [ ] Decide whether hosted Fortemi passes through client-supplied prompt-cache controls, strips them, or maps them through a Fortemi policy layer.
- [ ] Decide whether `prompt_cache_key`, `session_id`, or equivalent cache-routing keys may be client-supplied, Fortemi-generated, hashed, scoped per tenant/consumer, or forbidden.
- [ ] Decide whether provider prompt caching is allowed under hosted ZDR/no-retention policies, and whether implicit and explicit caching are treated differently.
- [ ] Decide whether Fortemi permits extended provider cache retention, such as OpenAI extended retention or Anthropic 1-hour TTL, and under which tenant/provider policies.
- [ ] Decide whether sticky routing for cache locality may override cheapest/fastest/best-value routing, and which privacy/region/provider-family constraints remain hard fail-closed predicates.
- [ ] Decide how `/v1/models` / route metadata should disclose provider prompt-cache capability without exposing internal route internals.
- [ ] Bridge policy defines a provider prompt-cache capability matrix: automatic, explicit, cache-key support, TTL/retention options, ZDR compatibility, usage buckets, and provider/router constraints.
- [ ] Client-supplied cache controls are validated and namespaced; unsupported or disallowed controls are rejected or stripped with explicit warning/audit metadata.
- [ ] `prompt_cache_key` / `session_id` style values are never raw tenant/user/document IDs by default. They are generated or hashed with tenant/consumer scope and documented collision/privacy behavior.
- [ ] Route policy in #867 treats cache locality as an optimization only after hard constraints: allowed provider family, region/residency, ZDR/no-training/no-logging, tenant provider policy, outbound destination policy, and explicit provider-qualified slug behavior.
- [ ] Usage ledger in #877 records provider prompt-cache posture: `provider_prompt_cache_policy`, `cache_key_source`, `cache_retention_class`, `cache_write_tokens`, `cache_read_tokens`, `cache_hit`, `cache_miss`, `provider_sticky_route_used`, and `usage_source`, where available.
- [ ] Fortemi-owned response cache in #880 remains separately gated. Enabling provider prompt caching does not imply Fortemi stores responses, and enabling Fortemi response cache does not imply provider prompt-cache retention controls are enabled.
- [ ] Privacy docs #969 explain provider prompt-cache behavior and route controls, including differences between implicit provider caches, explicit cache controls, and Fortemi-owned response caching.
- [ ] Debug/content capture policy #984 decides whether prompt-cache keys or cache-control payload summaries are visible in support/debug traces.
- [ ] Tests/fixtures cover allowed explicit cache control, disallowed cache control, raw session id redaction/hashing, route fail-closed when cache locality conflicts with region/ZDR policy, and usage accounting for cache read/write/unknown."
Fortemi/fortemi#986,https://git.integrolabs.net/Fortemi/fortemi/issues/986,open,"design(realtime): define call consent, recording retention, and provider deletion policy",P1,,P1: High; area/attachments; area/rest-api; documentation; effort/medium; infrastructure; security; testing,Streaming realtime phase 1,,2026-07-19T01:49:47Z,49,3,G,execute,"Resolve default-mode, outbox backpressure and payload-minimization decisions; implement durable publisher/consumer semantics with bounded retention, replay and auth tests.",,read,no-assignee,9,https://git.integrolabs.net/Fortemi/fortemi/issues/986,evidence/Fortemi--fortemi-issues.json,Server realtime and jobs maintainers,Phase 5 after policy decisions,"Resolve default-mode, outbox backpressure and payload-minimization decisions; implement durable publisher/consumer semantics with bounded retention, replay and auth tests. Map every original acceptance criterion to the exact delivered artifact or an explicit supersession decision.",2026-09-07,First qualified stable opportunity after prerequisites; expedited customer/security patch when justified. No phase-date promise.,audit-355,"- [ ] Realtime voice policy exists under `.aiwg/privacy/`, `docs/architecture/privacy/`, or agreed operator docs.
- [ ] Policy defines the supported capture modes and default mode for hosted deployments.
- [ ] Policy defines required consent/disclosure evidence fields and blocked-call behavior.
- [ ] Policy defines retention classes for call sessions, partial/final transcripts, recordings, attachments, provider refs, scan/quarantine records, and audit/ops events.
- [ ] Policy defines provider deletion/coordination behavior for Twilio recordings and configured ASR providers.
- [ ] #900 DSAR matrix references the realtime retention/deletion policy.
- [ ] #969 privacy notice/subprocessor register references realtime notice surfaces and provider roles.
- [ ] #952/#981/#970 are treated as technical prerequisites before batch recording import is enabled in hosted mode.
- [ ] Tests or docs verify consent-required mode and batch-recording-disabled/default-off behavior."
Fortemi/fortemi#988,https://git.integrolabs.net/Fortemi/fortemi/issues/988,open,fix(auth): admin-gate inbound source connector management and redact opaque config,P1,,P1: High; area/auth; area/rest-api; bug; documentation; effort/medium; infrastructure; security; testing,Hosted auth and multi-tenancy launch gate,,2026-06-23T04:16:50Z,75,6,D,execute,"Resolve the named authority/runtime prerequisite, verify exact allow/deny and failure behavior under authenticated tenant identities, and retain the production-environment receipt.",,read,stale-60d; no-assignee,0,https://git.integrolabs.net/Fortemi/fortemi/issues/988,evidence/Fortemi--fortemi-issues.json,"Auth, server, HotM and ITOps owners",Parallel gated Phase 2,"Resolve the named authority/runtime prerequisite, verify exact allow/deny and failure behavior under authenticated tenant identities, and retain the production-environment receipt. Map every original acceptance criterion to the exact delivered artifact or an explicit supersession decision.",2026-09-07,First qualified stable opportunity after prerequisites; expedited customer/security patch when justified. No phase-date promise.,audit-355,
Fortemi/fortemi#991,https://git.integrolabs.net/Fortemi/fortemi/issues/991,open,fix(backup): bound and policy-gate legacy JSON backup export/import,P1,,P1: High; area/auth; area/backup; area/rest-api; bug; documentation; effort/medium; infrastructure; jobs; security; testing,Hosted auth and multi-tenancy launch gate,,2026-09-05T06:03:01Z,1,2,D,execute,"Resolve the named authority/runtime prerequisite, verify exact allow/deny and failure behavior under authenticated tenant identities, and retain the production-environment receipt.",,read,no-assignee,0,https://git.integrolabs.net/Fortemi/fortemi/issues/991,evidence/Fortemi--fortemi-issues.json,"Auth, server, HotM and ITOps owners",Parallel gated Phase 2,"Resolve the named authority/runtime prerequisite, verify exact allow/deny and failure behavior under authenticated tenant identities, and retain the production-environment receipt. Map every original acceptance criterion to the exact delivered artifact or an explicit supersession decision.",2026-09-07,First qualified stable opportunity after prerequisites; expedited customer/security patch when justified. No phase-date promise.,audit-355,
Fortemi/fortemi#1003,https://git.integrolabs.net/Fortemi/fortemi/issues/1003,open,"test(oauth): assert discovery metadata matches hosted registration, PKCE, and client-auth profiles",P2,,P2: Medium; area/auth; ci/cd; documentation; effort/small; mcp-api; security; testing; tier/licensed-server,,,2026-07-19T10:32:30Z,49,12,D,execute,"Resolve the named authority/runtime prerequisite, verify exact allow/deny and failure behavior under authenticated tenant identities, and retain the production-environment receipt.",,read,no-milestone; no-assignee,7,https://git.integrolabs.net/Fortemi/fortemi/issues/1003,evidence/Fortemi--fortemi-issues.json,"Auth, server, HotM and ITOps owners",Parallel gated Phase 2,"Resolve the named authority/runtime prerequisite, verify exact allow/deny and failure behavior under authenticated tenant identities, and retain the production-environment receipt. Map every original acceptance criterion to the exact delivered artifact or an explicit supersession decision.",2026-09-07,First qualified stable opportunity after prerequisites; expedited customer/security patch when justified. No phase-date promise.,audit-355,"- [ ] Introduce an OAuth discovery/profile contract test or docs-contract rule that compares runtime `/.well-known/oauth-authorization-server` output, `AuthorizationServerMetadata`, and static docs examples for each supported deployment profile: local/dev, self-hosted operator, hosted strict, and any named compatibility mode.
- [ ] The hosted strict profile must not advertise `registration_endpoint` unless DCR is enabled with #944 controls; must not return/document `registration_client_uri` or `registration_access_token` unless RFC 7592-style management routes exist; and must not advertise `plain` PKCE unless a legacy mode is active.
- [ ] If #972 chooses CIMD/pre-registration first, add `client_id_metadata_document_supported` to the metadata model only when strict metadata-fetch/validation support exists; docs must not imply CIMD support before runtime implements it.
- [ ] If public/native clients are supported, metadata/docs must include only token endpoint auth methods the token endpoint enforces (`none`, `private_key_jwt`, `client_secret_basic`, `client_secret_post`, etc.) and tests must prove registered method enforcement.
- [ ] The same test or fixture should verify `scopes_supported` matches #924's chosen accepted OAuth scopes and does not include future AuthorizationPolicy action names unless they are real OAuth scopes.
- [ ] Static docs examples in `docs/content/authentication.md`, MCP deployment docs, and generated docs/examples should be derived from or checked against the same fixture, with scanner-safe placeholders from #999.
- [ ] Add negative fixtures for hosted strict mode: no open DCR advertised, no `registration_client_uri` without management route, no `plain`, no localhost issuer fallback, no unsupported client auth methods, and no CIMD flag before implementation."
Fortemi/fortemi#1005,https://git.integrolabs.net/Fortemi/fortemi/issues/1005,open,fix(oauth): bind introspection and revocation to authorized token clients/resources,P1,,P1: High; area/auth; area/rest-api; bug; effort/small; question; security; testing; tier/licensed-server,,,2026-07-19T03:32:44Z,49,3,D,execute,"Resolve the named authority/runtime prerequisite, verify exact allow/deny and failure behavior under authenticated tenant identities, and retain the production-environment receipt.",,read,no-milestone; no-assignee,6,https://git.integrolabs.net/Fortemi/fortemi/issues/1005,evidence/Fortemi--fortemi-issues.json,"Auth, server, HotM and ITOps owners",Parallel gated Phase 2,"Resolve the named authority/runtime prerequisite, verify exact allow/deny and failure behavior under authenticated tenant identities, and retain the production-environment receipt. Map every original acceptance criterion to the exact delivered artifact or an explicit supersession decision.",2026-09-07,First qualified stable opportunity after prerequisites; expedited customer/security patch when justified. No phase-date promise.,audit-355,"- [ ] Split token introspection authorization into explicit caller classes: first-party/API resource server, MCP resource server, and ordinary OAuth client. Do not let an ordinary client introspect arbitrary other clients' tokens.
- [ ] For client-owned revocation, include authenticated `client_id` in the revocation predicate or equivalent ownership check. A client can revoke only tokens issued to that client, unless an explicitly privileged operator/resource-server path is used.
- [ ] For MCP/resource-server introspection, require a dedicated introspection client or service credential with an explicit allowed-resource policy. Once #917 lands, the allowed resource/audience should be part of this authorization check.
- [ ] If an authenticated caller is not allowed to introspect a known token, return `active: false` without `scope`, `client_id`, `sub`, `aud`, or other metadata, matching RFC 7662 privacy behavior.
- [ ] Keep revocation's 200 response behavior for unknown/unauthorized tokens where appropriate, but do not revoke tokens outside the authenticated caller's authority.
- [ ] Add tests: client A cannot introspect client B token metadata; client A cannot revoke client B access or refresh token; MCP introspection credential can introspect only tokens for the configured MCP resource after #917; privileged/operator path is explicit if needed."
Fortemi/fortemi#1007,https://git.integrolabs.net/Fortemi/fortemi/issues/1007,open,Anchor provenance/content-hash to ROKO via event_outbox → CustodyCore,unlabeled,,,,,2026-09-06T20:31:35Z,73,0,M,defer,Retain as a gated optional track. Revisit only after its parent phase or named external authority is delivered and a product need activates it; record owner and review trigger rather than age-based closure.,,read,stale-60d; no-labels; no-priority-label; no-milestone; no-assignee,0,https://git.integrolabs.net/Fortemi/fortemi/issues/1007,evidence/Fortemi--fortemi-issues.json,Product owner and relevant component maintainer,Later; explicit activation trigger required,"Retain the issue with a named owner, dependency/activation trigger and next review; do not start speculative implementation or close solely because of age. Map every original acceptance criterion to the exact delivered artifact or an explicit supersession decision.",2026-10-05,First qualified stable opportunity after prerequisites; expedited customer/security patch when justified. No phase-date promise.,audit-355,
Fortemi/fortemi#1008,https://git.integrolabs.net/Fortemi/fortemi/issues/1008,open,docs(site): design a Fortémi hero background image for the docsite landing,unlabeled,,,,,2026-07-01T15:51:30Z,67,0,K,execute,"Reconcile the named authoritative decision and current artifacts; capture the missing approval or acceptance evidence before changing licensing, public claims or completion state.",,read,stale-60d; no-labels; no-priority-label; no-milestone; no-assignee,5,https://git.integrolabs.net/Fortemi/fortemi/issues/1008,evidence/Fortemi--fortemi-issues.json,Product/license owner and relevant repository maintainer,Parallel bounded decisions; distribution claims gated,"Reconcile the named authoritative decision and current artifacts; capture the missing approval or acceptance evidence before changing licensing, public claims or completion state. Map every original acceptance criterion to the exact delivered artifact or an explicit supersession decision.",2026-09-07,First qualified stable opportunity after prerequisites; expedited customer/security patch when justified. No phase-date promise.,audit-355,"- [ ] Hero image asset committed under the docsite public-assets path (verified to resolve in the build).
- [ ] `executive-summary.md` hero wired with `image` + `overlay: true` + `parallax: true`.
- [ ] `npx pagenary build:tenants fortemi-docs` succeeds (strictLinks green) and overlay H1/subtitle remain legible over the image in **dark** (and acceptable in **light**).
- [ ] Degrades gracefully with `prefers-reduced-motion` / JS off (static banner).
- [ ] `docs:contract` blocking `new=0`."
Fortemi/fortemi#1011,https://git.integrolabs.net/Fortemi/fortemi/issues/1011,open,Bump calamine to drop quick-xml DoS advisory allowlist (RUSTSEC-2026-0194/0195),P2,,P2: Medium; area/extraction; blocked; ci/cd; effort/small; security,,,2026-07-11T17:11:07Z,57,1,C,execute,"Recheck the delivered calamine/quick-xml dependency graph and current advisory status, then remove the exception through a supported fix or record exact residual exposure. Account for synchronous parser failure in the API process; job timeout alone is insufficient.",,read,no-milestone; no-assignee; blocked-label-without-open-native-edge,4,https://git.integrolabs.net/Fortemi/fortemi/issues/1011,evidence/Fortemi--fortemi-issues.json,Server and client maintainers,Next; Phase 0 / Phase 1,"Reconcile issue acceptance with current source, close the remaining exact enforcement/test cells and pass repository delivery gates before promoting the affected surface. Map every original acceptance criterion to the exact delivered artifact or an explicit supersession decision.",2026-09-07,First qualified stable opportunity after prerequisites; expedited customer/security patch when justified. No phase-date promise.,audit-355,"- [ ] Watch for a `calamine` release that depends on `quick-xml >= 0.41.0`.
- [ ] When available: bump `calamine` in the workspace `Cargo.toml`, run `cargo update -p calamine`, verify the spreadsheet adapter (`crates/matric-jobs/src/adapters/spreadsheet.rs`) still builds/tests (API surface: `open_workbook_auto_from_rs`, `Reader`, `Data`, `CellErrorType`, `Range::get_size/rows`).
- [ ] Remove `RUSTSEC-2026-0194` / `RUSTSEC-2026-0195` from `.cargo/audit.toml` and `deny.toml`.
- [ ] Interim mitigation on multi-tenant hosts: enforce upload size caps (`MATRIC_MAX_UPLOAD_SIZE_BYTES`) and worker memory limits to bound blast radius."
Fortemi/fortemi#1015,https://git.integrolabs.net/Fortemi/fortemi/issues/1015,open,spike(storage): evaluate Obsidian vault as backing store and a pluggable primary-storage abstraction (alternative to PostgreSQL-only),unlabeled,,enhancement,,,2026-09-06T20:31:35Z,62,0,M,defer,Retain as a gated optional track. Revisit only after its parent phase or named external authority is delivered and a product need activates it; record owner and review trigger rather than age-based closure.,,read,stale-60d; no-priority-label; no-milestone; no-assignee,4,https://git.integrolabs.net/Fortemi/fortemi/issues/1015,evidence/Fortemi--fortemi-issues.json,Product owner and relevant component maintainer,Later; explicit activation trigger required,"Retain the issue with a named owner, dependency/activation trigger and next review; do not start speculative implementation or close solely because of age. Map every original acceptance criterion to the exact delivered artifact or an explicit supersession decision.",2026-10-05,First qualified stable opportunity after prerequisites; expedited customer/security patch when justified. No phase-date promise.,audit-355,"- [ ] Written evaluation covering the six research questions above, with a comparison matrix (PostgreSQL vs SQLite vs Obsidian-vault backend) across: durability/transactions, search/vector support, concurrency, external editability, install footprint, tier fit
- [ ] Draft ADR: ""Primary storage abstraction and backend selection"" with a clear recommendation (adopt / adopt-partially / reject, and for which tier)
- [ ] If recommendation is adopt: decomposed follow-up implementation issues (trait extraction, first alternative backend, migration/export path)
- [ ] Cross-reference findings against fortemi-react's IndexedDB implementation as an existence proof of format parity"
Fortemi/fortemi#1033,https://git.integrolabs.net/Fortemi/fortemi/issues/1033,open,fix(chat-stream): redact raw/tool frames on the wire when the agent-bridge emission path is wired (follow-up to #1025),P2,,P2: Medium; area/rest-api; documentation; effort/small; security,Streaming realtime phase 1,,2026-07-11T18:54:24Z,57,2,E,execute,"Complete the canonical provider/protocol and policy prerequisites before adapters; prove streaming, metering, quota, destination and retention behavior for the declared provider profile.",,read,no-assignee,3,https://git.integrolabs.net/Fortemi/fortemi/issues/1033,evidence/Fortemi--fortemi-issues.json,Server inference and gateway maintainers,Phase 3 after foundation contracts,"Complete the canonical provider/protocol and policy prerequisites before adapters; prove streaming, metering, quota, destination and retention behavior for the declared provider profile. Map every original acceptance criterion to the exact delivered artifact or an explicit supersession decision.",2026-09-07,First qualified stable opportunity after prerequisites; expedited customer/security patch when justified. No phase-date promise.,audit-355,"- [ ] Emission path exists and every `raw`/`tool_result` payload is redaction-checked before send.
- [ ] A test proves an upstream provider-internal field is not forwarded to the client.
- [ ] Default behavior does not emit `raw` frames unless explicitly enabled."
Fortemi/fortemi#1041,https://git.integrolabs.net/Fortemi/fortemi/issues/1041,open,ops(hypercare): verify real-world 2026.2.x → 2026.7.0 upgrades in the field and watch for backup/migration failures,P1,,P1: High; area/backup; documentation; infrastructure; testing,,,2026-09-06T20:31:36Z,1,0,A,refresh,Retain upgrade hypercare; update the February-to-current customer upgrade population and explicitly include #1132/#1133 first-boot and backup amplification. Set exit observations instead of keeping an indefinite old-version watch.,,read,no-milestone; no-assignee,4,https://git.integrolabs.net/Fortemi/fortemi/issues/1041,evidence/Fortemi--fortemi-issues.json,Server + HotM + package release maintainers,Immediate; existing roadmap hypercare / Phase 1,"Reproduce the reported failure on the immutable customer artifact; deliver its bounded fix, required CI, artifact integrity and customer-path receipt. Map every original acceptance criterion to the exact delivered artifact or an explicit supersession decision.",2026-09-07,First qualified stable opportunity after prerequisites; expedited customer/security patch when justified. No phase-date promise.,audit-355,"- [ ] At least one large-dataset Feb→7.0 upgrade confirmed healthy in the field (or on a seeded prod-scale replica), with backup verified present.
- [ ] Restore-from-pre-migration-backup exercised at least once and documented as working.
- [ ] No open field reports of failed/hung upgrades at the end of the hypercare window.
- [ ] Explicit sign-off that the Feb-baseline migration risk is retired (or follow-up issues filed)."
Fortemi/fortemi#1053,https://git.integrolabs.net/Fortemi/fortemi/issues/1053,open,Integrate the versioned CustodyCore wallet provider boundary,P1,,P1: High; area/auth; blocked; effort/medium; new-feature; testing,,,2026-09-06T20:31:36Z,53,2,M,defer,Retain as a gated optional track. Revisit only after its parent phase or named external authority is delivered and a product need activates it; record owner and review trigger rather than age-based closure.,,read,no-milestone; no-assignee; blocked-label-without-open-native-edge,0,https://git.integrolabs.net/Fortemi/fortemi/issues/1053,evidence/Fortemi--fortemi-issues.json,Product owner and relevant component maintainer,Later; explicit activation trigger required,"Retain the issue with a named owner, dependency/activation trigger and next review; do not start speculative implementation or close solely because of age. Map every original acceptance criterion to the exact delivered artifact or an explicit supersession decision.",2026-10-05,First qualified stable opportunity after prerequisites; expedited customer/security patch when justified. No phase-date promise.,audit-355,
Fortemi/fortemi#1072,https://git.integrolabs.net/Fortemi/fortemi/issues/1072,open,ci(runner): recover disk exhaustion and add a capacity guard,P1,,P1: High; bug; ci/cd; docker; effort/small; infrastructure,,,2026-09-06T20:31:36Z,0,9,A,refresh,Separate delivered runner-capacity safeguards from experimental harness budgets. Obtain current runner capacity/cleanup evidence and define residual acceptance; a local experiment budget is not fleet disk recovery.,,read,no-milestone; no-assignee,1,https://git.integrolabs.net/Fortemi/fortemi/issues/1072,evidence/Fortemi--fortemi-issues.json,Server + HotM + package release maintainers,Immediate; existing roadmap hypercare / Phase 1,"Reproduce the reported failure on the immutable customer artifact; deliver its bounded fix, required CI, artifact integrity and customer-path receipt. Map every original acceptance criterion to the exact delivered artifact or an explicit supersession decision.",2026-09-07,First qualified stable opportunity after prerequisites; expedited customer/security patch when justified. No phase-date promise.,audit-355,- [ ] Cleanup/monitoring is automated and does not suppress or reinterpret test failures.
Fortemi/fortemi#1078,https://git.integrolabs.net/Fortemi/fortemi/issues/1078,open,fix(ci): keep tag-only release creation jobs skipped on main pushes,unlabeled,,,,,2026-09-06T20:31:37Z,6,0,C,refresh,"Compare the current release-only guards and pinned workflow graph with this older CI issue; retain only unproven permissions, credential transport, action/image pinning and publication acceptance. Do not infer closure from one green run.",,read,no-labels; no-priority-label; no-milestone; no-assignee,5,https://git.integrolabs.net/Fortemi/fortemi/issues/1078,evidence/Fortemi--fortemi-issues.json,Server and client maintainers,Next; Phase 0 / Phase 1,"Reconcile issue acceptance with current source, close the remaining exact enforcement/test cells and pass repository delivery gates before promoting the affected surface. Map every original acceptance criterion to the exact delivered artifact or an explicit supersession decision.",2026-09-07,First qualified stable opportunity after prerequisites; expedited customer/security patch when justified. No phase-date promise.,audit-355,"- [ ] A `main` push leaves both release-creation jobs skipped and cannot fail the workflow through them.
- [ ] A `v*` tag push still creates or updates Gitea and GitHub releases after successful release publication.
- [ ] Non-tag runs cannot reach vault release-token fetch or release API steps.
- [ ] Workflow contract coverage prevents regression of the Gitea-safe gate/topology.
- [ ] Exact-SHA hosted evidence includes a successful `main` run and a controlled tag-path verification."
Fortemi/fortemi#1091,https://git.integrolabs.net/Fortemi/fortemi/issues/1091,open,feat(search): add typed metadata predicates and evidence locators across retrieval modes,P1,,P1: High; area/search; effort/large; new-feature; security; testing,,,2026-08-23T19:56:14Z,13,2,B,execute,"The #1090 source-upsert dependency is now closed with shared consumer receipts. Publish the typed retrieval authority and run matched FTS/vector/hybrid fixtures across declared consumers, including React #405; reconcile the stale dependency wording.",,read,no-milestone; no-assignee,7,https://git.integrolabs.net/Fortemi/fortemi/issues/1091,evidence/Fortemi--fortemi-issues.json,Fortemi authority owner with each named consumer,Next; existing Phase 0,"Pin the authority and each consumer, run real producer-to-clean-destination fixtures, preserve negative rejection and profile limitations, and bind receipts to released artifacts. Map every original acceptance criterion to the exact delivered artifact or an explicit supersession decision.",2026-09-07,First qualified stable opportunity after prerequisites; expedited customer/security patch when justified. No phase-date promise.,audit-355,"- [ ] Provider/model/role/event-kind/sensitivity/import-run fixtures filter correctly in FTS, vector, and hybrid modes.
- [ ] Semantic results cannot escape metadata or authorization scope.
- [ ] SQL/PGlite and pluggable providers pass common conformance fixtures.
- [ ] Supported predicates use registered indexes.
- [ ] Unknown/unindexed predicates fail clearly or require explicit bounded slow-scan authorization.
- [ ] Hits carry enough locator data to reproduce a citation.
- [ ] Authorization, tenant, archive, and deletion filters apply before ranking."
Fortemi/fortemi#1092,https://git.integrolabs.net/Fortemi/fortemi/issues/1092,open,feat(lifecycle): add previewable graph purge and content-free deletion receipts,P1,,P1: High; area/archives; area/backup; effort/large; new-feature; security; testing,,,2026-08-23T19:56:14Z,13,2,B,execute,"Publish authority-owned preview/purge/deletion receipts with #900/#719 retention semantics, then validate server and React #406 crash/resume, idempotency and restore-time re-erasure. Existing browser implementation is partial evidence.",,read,no-milestone; no-assignee,7,https://git.integrolabs.net/Fortemi/fortemi/issues/1092,evidence/Fortemi--fortemi-issues.json,Fortemi authority owner with each named consumer,Next; existing Phase 0,"Pin the authority and each consumer, run real producer-to-clean-destination fixtures, preserve negative rejection and profile limitations, and bind receipts to released artifacts. Map every original acceptance criterion to the exact delivered artifact or an explicit supersession decision.",2026-09-07,First qualified stable opportunity after prerequisites; expedited customer/security patch when justified. No phase-date promise.,audit-355,"- [ ] Preview counts match terminal outcomes in conformance fixtures.
- [ ] Live relational deletion is atomic; asynchronous index/blob cleanup is idempotent and observable.
- [ ] Search cannot return purged content after terminal completion.
- [ ] Provenance behavior separates deleted sensitive lineage from retained audit receipt.
- [ ] Receipts contain no content, raw paths, provider payloads, secrets, or linkable content digests.
- [ ] Retry/crash tests converge on one terminal receipt.
- [ ] Soft delete, purge, backup/beyond-use, and restore-time re-erasure behavior are separately testable."
Fortemi/fortemi#1096,https://git.integrolabs.net/Fortemi/fortemi/issues/1096,open,ci(contracts): add deferred Windows authority-to-consumer platform validation,unlabeled,,,,,2026-09-06T20:31:37Z,39,0,M,defer,Retain Windows as explicitly unsupported by the completed three-platform matrix until a native execution authority exists; then run the same exact profile and receipt gates. No blanket suite portability claim.,,read,no-labels; no-priority-label; no-milestone; no-assignee,9,https://git.integrolabs.net/Fortemi/fortemi/issues/1096,evidence/Fortemi--fortemi-issues.json,Product owner and relevant component maintainer,Later; explicit activation trigger required,"Retain the issue with a named owner, dependency/activation trigger and next review; do not start speculative implementation or close solely because of age. Map every original acceptance criterion to the exact delivered artifact or an explicit supersession decision.",2026-10-05,First qualified stable opportunity after prerequisites; expedited customer/security patch when justified. No phase-date promise.,audit-355,"- [ ] Provision and document a maintained native Windows x86_64 Gitea runner with pinned host identity, toolchain, PostgreSQL/extensions, filesystem, secret retrieval, cleanup, and capacity policy.
- [ ] Publish and checksum-bind the exact `x86_64-pc-windows-msvc` Fortemi sidecar used by the consumer journey.
- [ ] Execute the same Fortemi release build, workspace/authority tests, generated OpenAPI/AsyncAPI equality, compatibility policy, auth-consumer policy, and registered Knowledge Shard gates used by supported Unix cells.
- [ ] Execute the same pinned `@fortemi/core` portable-contract command, including exact profiles, clean destinations, skew/malformed/resource rejection, and zero-mutation assertions.
- [ ] Execute HotM delivered-contract guards plus the production Tauri command-core live asset lifecycle against the real Windows sidecar and PostgreSQL/filesystem destination.
- [ ] Emit a machine-readable Windows platform receipt with exact participant revisions, commands, source/asset hashes, child receipt hashes, normalized OS/architecture/filesystem identity, and clean-checkout evidence.
- [ ] Make the aggregate fail closed on missing or drifted Windows evidence before Windows is added to the supported-platform claim.
- [ ] Add Windows-specific path, executable suffix, process termination, file-locking, rename/durability, line-ending, archive, and cleanup negative tests without reducing the cross-platform contract assertions.
- [ ] Update ADR-104, the suite matrix, producer/consumer docs, release notes, and linked issues only after the native receipt and aggregate are green."
Fortemi/fortemi#1098,https://git.integrolabs.net/Fortemi/fortemi/issues/1098,closed,fix(jobs): enforce configured timeouts and recover stranded embedding jobs,P1,,P1: High; area/extraction; area/search; bug; docker; documentation; effort/medium; jobs; testing,,,2026-09-05T06:03:00Z,1,11,A,closed-verified,"Complete: acceptance, release and issue-specific verification reconciled; preserve closure receipt and independent follow-ups.",,read,no-milestone; no-assignee,0,https://git.integrolabs.net/Fortemi/fortemi/issues/1098,evidence/Fortemi--fortemi-issues.json,Server + HotM + package release maintainers,Immediate; existing roadmap hypercare / Phase 1,"Reproduce the reported failure on the immutable customer artifact; deliver its bounded fix, required CI, artifact integrity and customer-path receipt. Map every original acceptance criterion to the exact delivered artifact or an explicit supersession decision.",2026-09-07,First qualified stable opportunity after prerequisites; expedited customer/security patch when justified. No phase-date promise.,audit-355,
Fortemi/fortemi#1099,https://git.integrolabs.net/Fortemi/fortemi/issues/1099,open,[#731 follow-up] Production circuit breaking and live stored-inference failure receipts,P1,,P1: High; area/auth; area/rest-api; effort/large; infrastructure; security; testing,Hosted auth and multi-tenancy launch gate,,2026-09-06T03:21:07Z,0,5,D,retain-gated,"Refresh delivered construction versus remaining route, lifecycle and production evidence. ITOps #345/#348/#349 are open; complete exact tenant/RLS, KMS, quota, audit and stored-inference cells before hosted promotion.",,read,no-assignee,7,https://git.integrolabs.net/Fortemi/fortemi/issues/1099,evidence/Fortemi--fortemi-issues.json,"Auth, server, HotM and ITOps owners",Parallel gated Phase 2,"Resolve the named authority/runtime prerequisite, verify exact allow/deny and failure behavior under authenticated tenant identities, and retain the production-environment receipt. Map every original acceptance criterion to the exact delivered artifact or an explicit supersession decision.",2026-09-07,First qualified stable opportunity after prerequisites; expedited customer/security patch when justified. No phase-date promise.,audit-355,"- [ ] Integrate the existing `matric_inference::CircuitBreaker` with shared hosted inference state.
- [ ] Scope breaker state by trusted provider/profile, model, and stored provider account where practical without placing tenant/user/secret/model values in logs or metrics labels.
- [ ] Prove closed/open/half-open behavior for generation, SSE streaming, and embeddings.
- [ ] Add live KMS-unavailable, decrypt-denied, revoked-secret, destination-denied, timeout, provider 429, provider 5xx, and client-disconnect receipts.
- [ ] Verify provider rate-limit translation does not forward sensitive upstream account headers or raw response bodies.
- [ ] Exercise Redis quota denial and quota-store outage in the hosted inference routes.
- [ ] Record operator thresholds, cooldown, reset/recovery procedure, and telemetry cardinality bounds."
Fortemi/fortemi#1100,https://git.integrolabs.net/Fortemi/fortemi/issues/1100,closed,fix(chunking): preserve UTF-8-safe byte offsets across CRLF Markdown content,P1,,P1: High; area/extraction; area/search; bug; effort/small; testing,,,2026-09-04T22:48:31Z,1,6,A,closed-verified,"Complete: acceptance, release and issue-specific verification reconciled; preserve closure receipt and independent follow-ups.",,read,no-milestone; no-assignee,7,https://git.integrolabs.net/Fortemi/fortemi/issues/1100,evidence/Fortemi--fortemi-issues.json,Server + HotM + package release maintainers,Immediate; existing roadmap hypercare / Phase 1,"Reproduce the reported failure on the immutable customer artifact; deliver its bounded fix, required CI, artifact integrity and customer-path receipt. Map every original acceptance criterion to the exact delivered artifact or an explicit supersession decision.",2026-09-07,First qualified stable opportunity after prerequisites; expedited customer/security patch when justified. No phase-date promise.,audit-355,"- [ ] `SemanticChunker` does not panic for valid UTF-8 containing LF, CRLF, CR, no final newline, U+2028, or U+2029.
- [ ] Every emitted source start/end is ordered, in range, and passes `text.is_char_boundary(...)`.
- [ ] Element/source spans preserve semantic content and order without omitted or duplicated source bytes.
- [ ] Heading, list, numbered-list, blockquote, horizontal-rule, and fenced-code behavior remains covered across newline styles.
- [ ] Chunk-size and overlap units are documented and their current semantics remain tested.
- [ ] Reprocessing the synthetic fixture reaches the embedding-provider boundary without a chunking panic.
- [ ] The worker records a bounded retry or terminal failure rather than an orphan if any unexpected chunker panic is injected (defense-in-depth regression from #1098)."
Fortemi/fortemi#1126,https://git.integrolabs.net/Fortemi/fortemi/issues/1126,open,docs(contracts): keep release claims scoped to the current no-go parity boundary,unlabeled,,,,,2026-09-06T20:31:37Z,2,1,K,refresh,Retain profile-scoped release claim scanning. Replace stale references to open #1081/#2194 with their scoped closures and current qualification successors; do not lift the suite NO-GO.,,read,no-labels; no-priority-label; no-milestone; no-assignee,4,https://git.integrolabs.net/Fortemi/fortemi/issues/1126,evidence/Fortemi--fortemi-issues.json,Product/license owner and relevant repository maintainer,Parallel bounded decisions; distribution claims gated,"Reconcile the named authoritative decision and current artifacts; capture the missing approval or acceptance evidence before changing licensing, public claims or completion state. Map every original acceptance criterion to the exact delivered artifact or an explicit supersession decision.",2026-09-07,First qualified stable opportunity after prerequisites; expedited customer/security patch when justified. No phase-date promise.,audit-355,"- [ ] README/release docs use only profile-scoped claims that are backed by current receipts.
- [ ] Claim scanning flags unqualified parity/backup/portability wording in release-facing docs.
- [ ] Any new release note or announcement that mentions parity names the exact profile and receipt boundary.
- [ ] The issue is linked from the suite parity backlog as the documentation/claims cleanup follow-up."
Fortemi/fortemi#1127,https://git.integrolabs.net/Fortemi/fortemi/issues/1127,open,docs(deploy): require localhost:4180 HotM user-path and shared-network verification after bundle cutover,unlabeled,,,,,2026-09-04T21:28:24Z,1,1,A,execute,Finish durable Compose shared-network topology and real localhost:4180 browser-path smoke. The delivered inference destination setting and one repaired host do not complete the remaining topology/runbook criteria.,,read,no-labels; no-priority-label; no-milestone; no-assignee,6,https://git.integrolabs.net/Fortemi/fortemi/issues/1127,evidence/Fortemi--fortemi-issues.json,Server + HotM + package release maintainers,Immediate; existing roadmap hypercare / Phase 1,"Reproduce the reported failure on the immutable customer artifact; deliver its bounded fix, required CI, artifact integrity and customer-path receipt. Map every original acceptance criterion to the exact delivered artifact or an explicit supersession decision.",2026-09-07,First qualified stable opportunity after prerequisites; expedited customer/security patch when justified. No phase-date promise.,audit-355,"- [ ] Update deployment/runbook guidance to verify HotM browser path after Fortemi cutover, not only direct Fortemi loopback health.
- [ ] Add required checks for `http://localhost:4180/health` and `http://localhost:4180/api/v1/system/compatibility`.
- [ ] Document the supported topology when manual HotM containers are preserved across a Fortemi bundle recreate.
- [ ] Fail closed or warn loudly when HotM and Fortemi no longer share the required Docker network/upstream alias.
- [ ] Add a repeatable smoke step that proves a fresh browser session on `http://localhost:4180` shows `API Connected`.
- [ ] Record the exact boundary between host deployment verification and broader auth/session validation."
Fortemi/fortemi#1128,https://git.integrolabs.net/Fortemi/fortemi/issues/1128,open,feat(mcp): expose versioned dataset-execution capability and conformance receipts,unlabeled,,mcp-api; new-feature; testing,,,2026-09-06T20:31:38Z,0,10,B,refresh,"Reconcile producer revision 1.0.1 and merged AIWG PR #2288 against the original bounded lifecycle/capability/receipt acceptance. Preserve #2242, React #412/#422 and #1136–#1141 as separate remaining qualification gates; close only the fully proven local contract scope.",,read,no-priority-label; no-milestone; no-assignee,0,https://git.integrolabs.net/Fortemi/fortemi/issues/1128,evidence/Fortemi--fortemi-issues.json,Fortemi authority owner with each named consumer,Next; existing Phase 0,"Pin the authority and each consumer, run real producer-to-clean-destination fixtures, preserve negative rejection and profile limitations, and bind receipts to released artifacts. Map every original acceptance criterion to the exact delivered artifact or an explicit supersession decision.",2026-09-07,First qualified stable opportunity after prerequisites; expedited customer/security patch when justified. No phase-date promise.,audit-355,
Fortemi/fortemi#1129,https://git.integrolabs.net/Fortemi/fortemi/issues/1129,open,feat(mcp): add versioned read-only dataset capability negotiation,unlabeled,,mcp-api; new-feature; testing,,,2026-09-06T20:31:38Z,0,3,B,refresh,"Reconcile producer revision 1.0.1 and merged AIWG PR #2288 against the original bounded lifecycle/capability/receipt acceptance. Preserve #2242, React #412/#422 and #1136–#1141 as separate remaining qualification gates; close only the fully proven local contract scope.",,read,no-priority-label; no-milestone; no-assignee,0,https://git.integrolabs.net/Fortemi/fortemi/issues/1129,evidence/Fortemi--fortemi-issues.json,Fortemi authority owner with each named consumer,Next; existing Phase 0,"Pin the authority and each consumer, run real producer-to-clean-destination fixtures, preserve negative rejection and profile limitations, and bind receipts to released artifacts. Map every original acceptance criterion to the exact delivered artifact or an explicit supersession decision.",2026-09-07,First qualified stable opportunity after prerequisites; expedited customer/security patch when justified. No phase-date promise.,audit-355,
Fortemi/fortemi#1130,https://git.integrolabs.net/Fortemi/fortemi/issues/1130,open,feat(mcp): add UUID-scoped idempotent dataset execution lifecycle,unlabeled,,mcp-api; new-feature; testing,,,2026-09-06T20:31:38Z,0,3,B,refresh,"Reconcile producer revision 1.0.1 and merged AIWG PR #2288 against the original bounded lifecycle/capability/receipt acceptance. Preserve #2242, React #412/#422 and #1136–#1141 as separate remaining qualification gates; close only the fully proven local contract scope.",,read,no-priority-label; no-milestone; no-assignee,0,https://git.integrolabs.net/Fortemi/fortemi/issues/1130,evidence/Fortemi--fortemi-issues.json,Fortemi authority owner with each named consumer,Next; existing Phase 0,"Pin the authority and each consumer, run real producer-to-clean-destination fixtures, preserve negative rejection and profile limitations, and bind receipts to released artifacts. Map every original acceptance criterion to the exact delivered artifact or an explicit supersession decision.",2026-09-07,First qualified stable opportunity after prerequisites; expedited customer/security patch when justified. No phase-date promise.,audit-355,
Fortemi/fortemi#1131,https://git.integrolabs.net/Fortemi/fortemi/issues/1131,open,feat(contracts): publish canonical dataset RunReceipt and cross-runtime fixtures,unlabeled,,mcp-api; new-feature; testing,,,2026-09-06T20:31:38Z,0,4,B,refresh,"Reconcile producer revision 1.0.1 and merged AIWG PR #2288 against the original bounded lifecycle/capability/receipt acceptance. Preserve #2242, React #412/#422 and #1136–#1141 as separate remaining qualification gates; close only the fully proven local contract scope.",,read,no-priority-label; no-milestone; no-assignee,0,https://git.integrolabs.net/Fortemi/fortemi/issues/1131,evidence/Fortemi--fortemi-issues.json,Fortemi authority owner with each named consumer,Next; existing Phase 0,"Pin the authority and each consumer, run real producer-to-clean-destination fixtures, preserve negative rejection and profile limitations, and bind receipts to released artifacts. Map every original acceptance criterion to the exact delivered artifact or an explicit supersession decision.",2026-09-07,First qualified stable opportunity after prerequisites; expedited customer/security patch when justified. No phase-date promise.,audit-355,
Fortemi/fortemi#1132,https://git.integrolabs.net/Fortemi/fortemi/issues/1132,open,fix(bundle): survive long migrations and failed MCP auto-registration during first boot,P1,,P1: High; bug,,,2026-09-05T06:03:00Z,1,1,A,execute,Fix long-migration PID 1 supervision and MCP registration failure handling first; verify fresh boot and failure recovery with the published bundle. Coordinate #1133 without conflating backup reuse with supervision.,,read,no-milestone; no-assignee,6,https://git.integrolabs.net/Fortemi/fortemi/issues/1132,evidence/Fortemi--fortemi-issues.json,Server + HotM + package release maintainers,Immediate; existing roadmap hypercare / Phase 1,"Reproduce the reported failure on the immutable customer artifact; deliver its bounded fix, required CI, artifact integrity and customer-path receipt. Map every original acceptance criterion to the exact delivered artifact or an explicit supersession decision.",2026-09-07,First qualified stable opportunity after prerequisites; expedited customer/security patch when justified. No phase-date promise.,audit-355,"- [ ] Make startup waiting configurable and document units/defaults; support long-running migrations without requiring a patched entrypoint or repeatedly terminating a healthy migration process.
- [ ] Gate API-dependent credential validation/registration on actual readiness. Preserve existing credentials when the API is temporarily unavailable.
- [ ] Handle connection errors, HTTP errors, empty/malformed JSON, missing fields, and valid whitespace-formatted JSON explicitly; unsuccessful registration cannot terminate PID 1 through an unchecked parse.
- [ ] Keep liveness checks, shutdown handling, and useful progress diagnostics during extended waiting; API process death must be surfaced promptly.
- [ ] Add shell/startup regressions under set -eo pipefail for readiness beyond 60 seconds and registration failure; prove the API remains running and eventual readiness reaches MCP startup.
- [ ] Document the supported first-upgrade procedure and memory-headroom options for constrained Windows/CPU installations."
Fortemi/fortemi#1133,https://git.integrolabs.net/Fortemi/fortemi/issues/1133,open,fix(backup): safely reuse verified pre-migration recovery points across restart retries,P1,,P1: High; area/backup; bug,,,2026-09-05T06:03:01Z,1,1,A,execute,"After #1132 supervision, implement verified recovery-point reuse with source/migration identity and invalidation rules; prove changed data, failed verification and concurrent startup cannot reuse unsafe recovery points.",,read,no-milestone; no-assignee,7,https://git.integrolabs.net/Fortemi/fortemi/issues/1133,evidence/Fortemi--fortemi-issues.json,Server + HotM + package release maintainers,Immediate; existing roadmap hypercare / Phase 1,"Reproduce the reported failure on the immutable customer artifact; deliver its bounded fix, required CI, artifact integrity and customer-path receipt. Map every original acceptance criterion to the exact delivered artifact or an explicit supersession decision.",2026-09-07,First qualified stable opportunity after prerequisites; expedited customer/security patch when justified. No phase-date promise.,audit-355,"- [ ] Define a bounded, documented reuse policy for a recent verified recovery point belonging to the same database/upgrade attempt, without relying only on filename, timestamp, or a version pair.
- [ ] Persist verification metadata atomically and bind it to the actual backup artifact, database identity, and migration target/manifest; explain behavior after partial migration progress, target changes, restores, and intervening application writes.
- [ ] Reuse only when validity can be established. Missing, corrupt, unverified, stale, or incompatible artifacts must not satisfy the recovery gate.
- [ ] Preserve fail-closed migration behavior when no valid recovery point can be created; retain the existing explicit no-backup acknowledgement semantics.
- [ ] Ensure retention does not delete the selected recovery point and interrupted/concurrent attempts cannot publish a false verified marker.
- [ ] Log creation versus reuse and the non-secret reason for invalidation.
- [ ] Regression tests prove repeat startup does not create another full dump for an eligible recovery point, and all invalidation cases create a new verified dump or stop safely."
Fortemi/fortemi#1134,https://git.integrolabs.net/Fortemi/fortemi/issues/1134,closed,fix(api): skip soft-deleted notes in explicit bulk reprocess requests,P2,,P2: Medium; bug,,,2026-09-06T05:35:43Z,0,6,A,closed-verified,"Complete: acceptance, release and issue-specific verification reconciled; preserve closure receipt and independent follow-ups.",,read,no-milestone; no-assignee,6,https://git.integrolabs.net/Fortemi/fortemi/issues/1134,evidence/Fortemi--fortemi-issues.json,Server + HotM + package release maintainers,Immediate; existing roadmap hypercare / Phase 1,"Reproduce the reported failure on the immutable customer artifact; deliver its bounded fix, required CI, artifact integrity and customer-path receipt. Map every original acceptance criterion to the exact delivered artifact or an explicit supersession decision.",2026-09-07,First qualified stable opportunity after prerequisites; expedited customer/security patch when justified. No phase-date promise.,audit-355,"- [ ] Resolve explicit IDs against live notes in the authorized tenant and selected archive before queueing any requested step.
- [ ] Skip soft-deleted IDs without producing known-invalid jobs; define and document missing-ID behavior consistently without disclosing out-of-scope note existence.
- [ ] Response counts reflect actual accepted work; document any skipped-count/reporting contract and retain request-limit semantics.
- [ ] Avoid one lookup per ID where a bounded bulk lookup is possible.
- [ ] Add integration coverage for mixed live/deleted IDs, all-deleted IDs, missing IDs, and wrong archive/tenant IDs, plus the existing implicit-list path.
- [ ] Define how deletion racing with enqueue/execution is handled; preflight filtering alone must not claim to eliminate that race."
Fortemi/fortemi#1135,https://git.integrolabs.net/Fortemi/fortemi/issues/1135,closed,docs(operations): document tenant-scoped read-only psql after forced-RLS migration,P2,,P2: Medium; documentation,,,2026-09-05T15:13:07Z,1,6,A,closed-verified,"Complete: acceptance, release and issue-specific verification reconciled; preserve closure receipt and independent follow-ups.",,read,no-milestone; no-assignee,7,https://git.integrolabs.net/Fortemi/fortemi/issues/1135,evidence/Fortemi--fortemi-issues.json,Server + HotM + package release maintainers,Immediate; existing roadmap hypercare / Phase 1,"Reproduce the reported failure on the immutable customer artifact; deliver its bounded fix, required CI, artifact integrity and customer-path receipt. Map every original acceptance criterion to the exact delivered artifact or an explicit supersession decision.",2026-09-07,First qualified stable opportunity after prerequisites; expedited customer/security patch when justified. No phase-date promise.,audit-355,"- [ ] Publish and link a tested read-only psql recipe using an explicit transaction, transaction-local tenant binding, and the correct archive/schema selection.
- [ ] Explain the reserved local tenant for personal installations versus selecting an authorized tenant in hosted installations; do not recommend global RLS bypass or weakening the runtime role.
- [ ] Include fail-fast psql invocation, context verification, and expected behavior when tenant scope is missing or wrong.
- [ ] Use actual schema/table names and the canonical live-note deletion predicate; repair affected operations examples.
- [ ] Explain that SET LOCAL must share the transaction/connection with the query and does not persist for subsequent pooled sessions or separate psql invocations.
- [ ] Distinguish routine scoped reads from privileged whole-database backup/maintenance (related #1115 and #727).
- [ ] Add an upgrade note and validate the recipe against migrated PostgreSQL using a role subject to RLS, including a non-default archive and isolation from a second tenant."
Fortemi/fortemi#1136,https://git.integrolabs.net/Fortemi/fortemi/issues/1136,open,epic(dataset): qualify deferred production parity profiles and claim gates,P1,,P1: High; epic; question; testing,,,2026-09-06T03:21:08Z,0,7,N,retain-gated,"Keep the qualification gate open. Delivered configurable harnesses and local tests do not prove live tenant isolation, fault/recovery, restore, skew or production load; use the DQ dependency sequence and exact authorization/receipt tuple.",,read,no-milestone; no-assignee,8,https://git.integrolabs.net/Fortemi/fortemi/issues/1136,evidence/Fortemi--fortemi-issues.json,Server qualification + AIWG/Core consumers + ITOps,After bounded contract delivery and approved environment,"Bind the exact consumer/producer/configuration tuple, qualify isolation then durable fault/recovery and restore/skew before load, and publish only claims proven by the selected operating profile. Map every original acceptance criterion to the exact delivered artifact or an explicit supersession decision.",2026-09-07,First qualified stable opportunity after prerequisites; expedited customer/security patch when justified. No phase-date promise.,audit-355,"- [ ] Publish a versioned qualification-authority schema/instance, RFC 8785/SHA-256 rules, immutable
- [ ] Validate the acyclic readiness/closure graph and backlink exact producer and consumer issues,
- [ ] Aggregate only schema-valid independently verified child receipts; preserve `FAIL`, `MISSING`,
- [ ] [#1137](https://git.integrolabs.net/Fortemi/fortemi/issues/1137) Tenant/RLS isolation: independently verified receipts admitted by the authority.
- [ ] [#1138](https://git.integrolabs.net/Fortemi/fortemi/issues/1138) Fault recovery: independently verified receipts admitted by the authority.
- [ ] [#1139](https://git.integrolabs.net/Fortemi/fortemi/issues/1139) Named restore profiles: independently verified receipts admitted by the authority.
- [ ] [#1140](https://git.integrolabs.net/Fortemi/fortemi/issues/1140) Version-skew compatibility: independently verified receipts admitted by the authority.
- [ ] [#1141](https://git.integrolabs.net/Fortemi/fortemi/issues/1141) Bounded load: independently verified receipts admitted by the authority."
Fortemi/fortemi#1137,https://git.integrolabs.net/Fortemi/fortemi/issues/1137,open,test(dataset): qualify tenant and forced-RLS isolation across the execution lifecycle,P0,,P0: Blocker; area/auth; security; testing,,,2026-09-06T03:21:07Z,0,2,N,retain-gated,"Keep the qualification gate open. Delivered configurable harnesses and local tests do not prove live tenant isolation, fault/recovery, restore, skew or production load; use the DQ dependency sequence and exact authorization/receipt tuple.",,read,no-milestone; no-assignee,3,https://git.integrolabs.net/Fortemi/fortemi/issues/1137,evidence/Fortemi--fortemi-issues.json,Server qualification + AIWG/Core consumers + ITOps,After bounded contract delivery and approved environment,"Bind the exact consumer/producer/configuration tuple, qualify isolation then durable fault/recovery and restore/skew before load, and publish only claims proven by the selected operating profile. Map every original acceptance criterion to the exact delivered artifact or an explicit supersession decision.",2026-09-07,First qualified stable opportunity after prerequisites; expedited customer/security patch when justified. No phase-date promise.,audit-355,"- [ ] Satisfy `DQ-TENANT-AC-001..003` for every lifecycle/data/job/blob/lineage/cache/derived path using
- [ ] Include forged, missing, stale, cross-tenant, and pooled-connection scope fixtures with zero
- [ ] Publish independent state, redaction, role-inventory, and namespace-cleanup receipts."
Fortemi/fortemi#1138,https://git.integrolabs.net/Fortemi/fortemi/issues/1138,open,"test(dataset): prove durable restart, ambiguous-commit, and fault recovery semantics",P1,,P1: High; testing,,,2026-09-06T03:21:07Z,0,2,N,retain-gated,"Keep the qualification gate open. Delivered configurable harnesses and local tests do not prove live tenant isolation, fault/recovery, restore, skew or production load; use the DQ dependency sequence and exact authorization/receipt tuple.",,read,no-milestone; no-assignee,3,https://git.integrolabs.net/Fortemi/fortemi/issues/1138,evidence/Fortemi--fortemi-issues.json,Server qualification + AIWG/Core consumers + ITOps,After bounded contract delivery and approved environment,"Bind the exact consumer/producer/configuration tuple, qualify isolation then durable fault/recovery and restore/skew before load, and publish only claims proven by the selected operating profile. Map every original acceptance criterion to the exact delivered artifact or an explicit supersession decision.",2026-09-07,First qualified stable opportunity after prerequisites; expedited customer/security patch when justified. No phase-date promise.,audit-355,"- [ ] Satisfy `DQ-FAULT-AC-001..003` at each approved pre/post-commit, checkpoint, receipt, cancel, and
- [ ] Prove exact replay has no duplicate durable effect and changed replay fails before mutation.
- [ ] Publish independent terminal-state/digest, ambiguity, redaction, resource and teardown receipts."
Fortemi/fortemi#1139,https://git.integrolabs.net/Fortemi/fortemi/issues/1139,open,test(dataset): certify named backup and clean-restore profiles with RPO/RTO receipts,P1,,P1: High; area/backup; testing,,,2026-09-05T06:03:10Z,1,0,N,retain-gated,"Keep the qualification gate open. Delivered configurable harnesses and local tests do not prove live tenant isolation, fault/recovery, restore, skew or production load; use the DQ dependency sequence and exact authorization/receipt tuple.",,read,no-milestone; no-assignee,3,https://git.integrolabs.net/Fortemi/fortemi/issues/1139,evidence/Fortemi--fortemi-issues.json,Server qualification + AIWG/Core consumers + ITOps,After bounded contract delivery and approved environment,"Bind the exact consumer/producer/configuration tuple, qualify isolation then durable fault/recovery and restore/skew before load, and publish only claims proven by the selected operating profile. Map every original acceptance criterion to the exact delivered artifact or an explicit supersession decision.",2026-09-07,First qualified stable opportunity after prerequisites; expedited customer/security patch when justified. No phase-date promise.,audit-355,"- [ ] Satisfy `DQ-RESTORE-AC-001..003` with separate database-logical, WAL/PITR, blob, browser/archive,
- [ ] Each certificate binds source/target revisions, clean-destination provenance, tenant model,
- [ ] Missing/corrupt/stale/mismatched/unauthorized inputs fail before target mutation; publish"
Fortemi/fortemi#1140,https://git.integrolabs.net/Fortemi/fortemi/issues/1140,open,"test(dataset): gate version-skew, migrations, and mid-run upgrade compatibility",P1,,P1: High; testing,,,2026-09-05T06:03:10Z,1,0,N,retain-gated,"Keep the qualification gate open. Delivered configurable harnesses and local tests do not prove live tenant isolation, fault/recovery, restore, skew or production load; use the DQ dependency sequence and exact authorization/receipt tuple.",,read,no-milestone; no-assignee,3,https://git.integrolabs.net/Fortemi/fortemi/issues/1140,evidence/Fortemi--fortemi-issues.json,Server qualification + AIWG/Core consumers + ITOps,After bounded contract delivery and approved environment,"Bind the exact consumer/producer/configuration tuple, qualify isolation then durable fault/recovery and restore/skew before load, and publish only claims proven by the selected operating profile. Map every original acceptance criterion to the exact delivered artifact or an explicit supersession decision.",2026-09-07,First qualified stable opportunity after prerequisites; expedited customer/security patch when justified. No phase-date promise.,audit-355,"- [ ] Satisfy `DQ-SKEW-AC-001..003` across current-minus-two, current-minus-one, current, additive
- [ ] Pin application, MCP, protocol, schema, descriptor, plan, checkpoint, lineage, materialization,
- [ ] Supported tuples pass; unsupported tuples and authority drift reject before mutation; migration"
Fortemi/fortemi#1141,https://git.integrolabs.net/Fortemi/fortemi/issues/1141,open,perf(dataset): certify a bounded production-load envelope and failure thresholds,P2,,P2: Medium; testing,,,2026-09-06T03:21:08Z,0,17,N,retain-gated,"Keep the qualification gate open. Delivered configurable harnesses and local tests do not prove live tenant isolation, fault/recovery, restore, skew or production load; use the DQ dependency sequence and exact authorization/receipt tuple.",,read,no-milestone; no-assignee,3,https://git.integrolabs.net/Fortemi/fortemi/issues/1141,evidence/Fortemi--fortemi-issues.json,Server qualification + AIWG/Core consumers + ITOps,After bounded contract delivery and approved environment,"Bind the exact consumer/producer/configuration tuple, qualify isolation then durable fault/recovery and restore/skew before load, and publish only claims proven by the selected operating profile. Map every original acceptance criterion to the exact delivered artifact or an explicit supersession decision.",2026-09-07,First qualified stable opportunity after prerequisites; expedited customer/security patch when justified. No phase-date promise.,audit-355,"- [ ] Satisfy `DQ-LOAD-AC-001..003` using a signed topology and pre-approved numeric SLO, resource,
- [ ] Run the declared workload mix and smoke/average/stress/spike/soak cells; every threshold passes
- [ ] Publish measurement, representativeness, redaction, abort/cleanup, and independent verifier"
Fortemi/fortemi#1143,https://git.integrolabs.net/Fortemi/fortemi/issues/1143,open,plan(release): establish fortnightly release cadence and suite readiness receipts,,,,,,,,,A,execute,"Operate and verify the first release cycle under the accepted cadence; bind artifact identities, required gates, carryover and customer outcomes.",,,,,,,Release maintainer and contract authority owners,Immediate process rollout,First-cycle receipt and two-cycle measurement; required issue acceptance satisfied.,2026-09-07,Fortnightly stable opportunities from 2026-09-17,new-coordination,"- [ ] Name the release maintainer and record first-cycle scope, candidate commits and artifact digests.
- [ ] Reconcile server release integrity, React #415 exact package publication, HotM #301 release-only images, and respective CI gates before promotion.
- [ ] Bind authority versions, producer and all declared consumer receipts; retain core-v1/full-v1/record-v1 and platform-specific claims under #1126.
- [ ] Document schema migration, compatible version skew, rollback/roll-forward and customer upgrade instructions for each affected release.
- [ ] Define observed smoke/canary success, abort thresholds and post-release observation for the actual supported deployment type.
- [ ] Record failed or skipped windows, carryover reasons, and released scope without silently changing milestones.
- [ ] After two cycles report completed leaf scope, cycle time, failed changes and recovery observations; use them to forecast remaining phases without counting epics as extra implementation effort.
- [ ] Update the living roadmap, SDLC release plan and activity log with immutable evidence."
